2025-07-15 19:28:03,707 - MainProcess - MainThread - INFO - sqlalchemy.engine.Engine - BEGIN (implicit) (base.py:2701)
2025-07-15 19:28:03,708 - MainProcess - MainThread - INFO - sqlalchemy.engine.Engine - PRAGMA main.table_info("settings") (base.py:1846)
2025-07-15 19:28:03,708 - MainProcess - MainThread - INFO - sqlalchemy.engine.Engine - [raw sql] () (base.py:1846)
2025-07-15 19:28:03,708 - MainProcess - MainThread - INFO - sqlalchemy.engine.Engine - PRAGMA main.table_info("codes") (base.py:1846)
2025-07-15 19:28:03,709 - MainProcess - MainThread - INFO - sqlalchemy.engine.Engine - [raw sql] () (base.py:1846)
2025-07-15 19:28:03,709 - MainProcess - MainThread - INFO - sqlalchemy.engine.Engine - PRAGMA main.table_info("scan_logs") (base.py:1846)
2025-07-15 19:28:03,709 - MainProcess - MainThread - INFO - sqlalchemy.engine.Engine - [raw sql] () (base.py:1846)
2025-07-15 19:28:03,710 - MainProcess - MainThread - INFO - sqlalchemy.engine.Engine - COMMIT (base.py:2707)
2025-07-15 19:28:03,826 - MainProcess - MainThread - INFO - sqlalchemy.engine.Engine - SELECT settings.id AS settings_id, settings."key" AS settings_key, settings.value AS settings_value 
FROM settings 
WHERE settings."key" = ?
 LIMIT ? OFFSET ? (base.py:1846)
2025-07-15 19:28:03,826 - MainProcess - MainThread - INFO - sqlalchemy.engine.Engine - [cached since 0.1313s ago] ('serial_port', 1, 0) (base.py:1846)
2025-07-15 19:28:03,827 - MainProcess - MainThread - INFO - sqlalchemy.engine.Engine - SELECT settings.id AS settings_id, settings."key" AS settings_key, settings.value AS settings_value 
FROM settings 
WHERE settings."key" = ?
 LIMIT ? OFFSET ? (base.py:1846)
2025-07-15 19:28:03,828 - MainProcess - MainThread - INFO - sqlalchemy.engine.Engine - [cached since 0.1325s ago] ('serial_baudrate', 1, 0) (base.py:1846)
2025-07-15 19:28:03,828 - MainProcess - MainThread - INFO - sqlalchemy.engine.Engine - SELECT settings.id AS settings_id, settings."key" AS settings_key, settings.value AS settings_value 
FROM settings 
WHERE settings."key" = ?
 LIMIT ? OFFSET ? (base.py:1846)
2025-07-15 19:28:03,829 - MainProcess - MainThread - INFO - sqlalchemy.engine.Engine - [cached since 0.1334s ago] ('scan_timeout', 1, 0) (base.py:1846)
2025-07-15 19:28:03,829 - MainProcess - MainThread - INFO - sqlalchemy.engine.Engine - SELECT settings.id AS settings_id, settings."key" AS settings_key, settings.value AS settings_value 
FROM settings 
WHERE settings."key" = ?
 LIMIT ? OFFSET ? (base.py:1846)
2025-07-15 19:28:03,830 - MainProcess - MainThread - INFO - sqlalchemy.engine.Engine - [cached since 0.1344s ago] ('shelly_ip', 1, 0) (base.py:1846)
2025-07-15 19:28:03,830 - MainProcess - MainThread - INFO - sqlalchemy.engine.Engine - SELECT settings.id AS settings_id, settings."key" AS settings_key, settings.value AS settings_value 
FROM settings 
WHERE settings."key" = ?
 LIMIT ? OFFSET ? (base.py:1846)
2025-07-15 19:28:03,830 - MainProcess - MainThread - INFO - sqlalchemy.engine.Engine - [cached since 0.1353s ago] ('pulse_duration', 1, 0) (base.py:1846)
2025-07-15 19:28:03,831 - MainProcess - MainThread - INFO - sqlalchemy.engine.Engine - SELECT settings.id AS settings_id, settings."key" AS settings_key, settings.value AS settings_value 
FROM settings 
WHERE settings."key" = ?
 LIMIT ? OFFSET ? (base.py:1846)
2025-07-15 19:28:03,831 - MainProcess - MainThread - INFO - sqlalchemy.engine.Engine - [cached since 0.1362s ago] ('relay_mode', 1, 0) (base.py:1846)
2025-07-15 19:28:03,832 - MainProcess - MainThread - WARNING - backend.controllers.qr_scanner - Serial scanner not available: [Errno 2] could not open port /dev/ttyUSB0: [Errno 2] No such file or directory: '/dev/ttyUSB0' (qr_scanner.py:37)
2025-07-15 19:28:03,833 - MainProcess - MainThread - INFO - test_logger - test message (test_logger.py:14)
2025-07-15 19:28:03,834 - MainProcess - MainThread - INFO - sqlalchemy.engine.Engine - BEGIN (implicit) (base.py:2701)
2025-07-15 19:28:03,834 - MainProcess - MainThread - INFO - sqlalchemy.engine.Engine - PRAGMA main.table_info("settings") (base.py:1846)
2025-07-15 19:28:03,834 - MainProcess - MainThread - INFO - sqlalchemy.engine.Engine - [raw sql] () (base.py:1846)
2025-07-15 19:28:03,835 - MainProcess - MainThread - INFO - sqlalchemy.engine.Engine - PRAGMA main.table_info("codes") (base.py:1846)
2025-07-15 19:28:03,835 - MainProcess - MainThread - INFO - sqlalchemy.engine.Engine - [raw sql] () (base.py:1846)
2025-07-15 19:28:03,835 - MainProcess - MainThread - INFO - sqlalchemy.engine.Engine - PRAGMA main.table_info("scan_logs") (base.py:1846)
2025-07-15 19:28:03,835 - MainProcess - MainThread - INFO - sqlalchemy.engine.Engine - [raw sql] () (base.py:1846)
2025-07-15 19:28:03,836 - MainProcess - MainThread - INFO - sqlalchemy.engine.Engine - COMMIT (base.py:2707)
2025-07-15 19:28:03,839 - MainProcess - MainThread - INFO - sqlalchemy.engine.Engine - DELETE FROM scan_logs (base.py:1846)
2025-07-15 19:28:03,839 - MainProcess - MainThread - INFO - sqlalchemy.engine.Engine - [generated in 0.00024s] () (base.py:1846)
2025-07-15 19:28:03,840 - MainProcess - MainThread - INFO - sqlalchemy.engine.Engine - DELETE FROM codes (base.py:1846)
2025-07-15 19:28:03,840 - MainProcess - MainThread - INFO - sqlalchemy.engine.Engine - [generated in 0.00027s] () (base.py:1846)
2025-07-15 19:28:03,841 - MainProcess - MainThread - INFO - sqlalchemy.engine.Engine - COMMIT (base.py:2707)
2025-07-15 19:28:03,844 - MainProcess - MainThread - INFO - sqlalchemy.engine.Engine - BEGIN (implicit) (base.py:2701)
2025-07-15 19:28:03,849 - MainProcess - MainThread - INFO - sqlalchemy.engine.Engine - INSERT INTO codes (code, order_id, usage_limit, current_usage, expiration_date, created_at) VALUES (?, ?, ?, ?, ?, ?) (base.py:1846)
2025-07-15 19:28:03,849 - MainProcess - MainThread - INFO - sqlalchemy.engine.Engine - [generated in 0.00305s] ('VALID1', 'ORD1', 2, 0, None, '2025-07-15 19:28:03.849607') (base.py:1846)
2025-07-15 19:28:03,850 - MainProcess - MainThread - INFO - sqlalchemy.engine.Engine - COMMIT (base.py:2707)
2025-07-15 19:28:03,854 - MainProcess - MainThread - INFO - sqlalchemy.engine.Engine - BEGIN (implicit) (base.py:2701)
2025-07-15 19:28:03,856 - MainProcess - MainThread - INFO - sqlalchemy.engine.Engine - SELECT codes.code AS codes_code, codes.order_id AS codes_order_id, codes.usage_limit AS codes_usage_limit, codes.current_usage AS codes_current_usage, codes.expiration_date AS codes_expiration_date, codes.created_at AS codes_created_at 
FROM codes 
WHERE codes.code = ?
 LIMIT ? OFFSET ? (base.py:1846)
2025-07-15 19:28:03,856 - MainProcess - MainThread - INFO - sqlalchemy.engine.Engine - [generated in 0.00026s] ('VALID1', 1, 0) (base.py:1846)
2025-07-15 19:28:03,857 - MainProcess - MainThread - INFO - backend.controllers.qr_scanner - Code accepted (qr_scanner.py:116)
2025-07-15 19:28:03,859 - MainProcess - MainThread - INFO - sqlalchemy.engine.Engine - UPDATE codes SET current_usage=? WHERE codes.code = ? (base.py:1846)
2025-07-15 19:28:03,859 - MainProcess - MainThread - INFO - sqlalchemy.engine.Engine - [generated in 0.00025s] (1, 'VALID1') (base.py:1846)
2025-07-15 19:28:03,860 - MainProcess - MainThread - INFO - sqlalchemy.engine.Engine - COMMIT (base.py:2707)
2025-07-15 19:28:03,865 - MainProcess - MainThread - INFO - sqlalchemy.engine.Engine - BEGIN (implicit) (base.py:2701)
2025-07-15 19:28:03,866 - MainProcess - MainThread - INFO - sqlalchemy.engine.Engine - SELECT codes.code AS codes_code, codes.order_id AS codes_order_id, codes.usage_limit AS codes_usage_limit, codes.current_usage AS codes_current_usage, codes.expiration_date AS codes_expiration_date, codes.created_at AS codes_created_at 
FROM codes 
WHERE codes.code = ? (base.py:1846)
2025-07-15 19:28:03,866 - MainProcess - MainThread - INFO - sqlalchemy.engine.Engine - [generated in 0.00027s] ('VALID1',) (base.py:1846)
2025-07-15 19:28:03,867 - MainProcess - MainThread - INFO - backend.controllers.qr_scanner - Shelly command succeeded (qr_scanner.py:151)
2025-07-15 19:28:03,867 - MainProcess - MainThread - INFO - sqlalchemy.engine.Engine - SELECT codes.code AS codes_code, codes.order_id AS codes_order_id, codes.usage_limit AS codes_usage_limit, codes.current_usage AS codes_current_usage, codes.expiration_date AS codes_expiration_date, codes.created_at AS codes_created_at 
FROM codes 
WHERE codes.code = ?
 LIMIT ? OFFSET ? (base.py:1846)
2025-07-15 19:28:03,868 - MainProcess - MainThread - INFO - sqlalchemy.engine.Engine - [cached since 0.01201s ago] ('VALID1', 1, 0) (base.py:1846)
2025-07-15 19:28:03,870 - MainProcess - MainThread - INFO - sqlalchemy.engine.Engine - INSERT INTO scan_logs (code, order_id, timestamp, result, details) VALUES (?, ?, ?, ?, ?) (base.py:1846)
2025-07-15 19:28:03,870 - MainProcess - MainThread - INFO - sqlalchemy.engine.Engine - [generated in 0.00028s] ('VALID1', 'ORD1', '2025-07-15 19:28:03.868881', 'success', 'Code now has 1 uses left.') (base.py:1846)
2025-07-15 19:28:03,871 - MainProcess - MainThread - INFO - sqlalchemy.engine.Engine - COMMIT (base.py:2707)
2025-07-15 19:28:03,875 - MainProcess - MainThread - INFO - sqlalchemy.engine.Engine - BEGIN (implicit) (base.py:2701)
2025-07-15 19:28:03,876 - MainProcess - MainThread - INFO - sqlalchemy.engine.Engine - SELECT codes.code AS codes_code, codes.order_id AS codes_order_id, codes.usage_limit AS codes_usage_limit, codes.current_usage AS codes_current_usage, codes.expiration_date AS codes_expiration_date, codes.created_at AS codes_created_at 
FROM codes 
WHERE codes.code = ?
 LIMIT ? OFFSET ? (base.py:1846)
2025-07-15 19:28:03,876 - MainProcess - MainThread - INFO - sqlalchemy.engine.Engine - [cached since 0.02039s ago] ('INVALID', 1, 0) (base.py:1846)
2025-07-15 19:28:03,876 - MainProcess - MainThread - WARNING - backend.controllers.qr_scanner - Invalid code (qr_scanner.py:110)
2025-07-15 19:28:03,877 - MainProcess - MainThread - INFO - sqlalchemy.engine.Engine - SELECT codes.code AS codes_code, codes.order_id AS codes_order_id, codes.usage_limit AS codes_usage_limit, codes.current_usage AS codes_current_usage, codes.expiration_date AS codes_expiration_date, codes.created_at AS codes_created_at 
FROM codes 
WHERE codes.code = ?
 LIMIT ? OFFSET ? (base.py:1846)
2025-07-15 19:28:03,877 - MainProcess - MainThread - INFO - sqlalchemy.engine.Engine - [cached since 0.02164s ago] ('INVALID', 1, 0) (base.py:1846)
2025-07-15 19:28:03,878 - MainProcess - MainThread - INFO - sqlalchemy.engine.Engine - INSERT INTO scan_logs (code, order_id, timestamp, result, details) VALUES (?, ?, ?, ?, ?) (base.py:1846)
2025-07-15 19:28:03,878 - MainProcess - MainThread - INFO - sqlalchemy.engine.Engine - [cached since 0.008333s ago] ('INVALID', None, '2025-07-15 19:28:03.878091', 'invalid', 'Invalid code') (base.py:1846)
2025-07-15 19:28:03,879 - MainProcess - MainThread - INFO - sqlalchemy.engine.Engine - COMMIT (base.py:2707)
2025-07-15 19:28:03,882 - MainProcess - MainThread - INFO - sqlalchemy.engine.Engine - BEGIN (implicit) (base.py:2701)
2025-07-15 19:28:03,882 - MainProcess - MainThread - INFO - sqlalchemy.engine.Engine - SELECT codes.code AS codes_code, codes.order_id AS codes_order_id, codes.usage_limit AS codes_usage_limit, codes.current_usage AS codes_current_usage, codes.expiration_date AS codes_expiration_date, codes.created_at AS codes_created_at 
FROM codes 
WHERE codes.code = ?
 LIMIT ? OFFSET ? (base.py:1846)
2025-07-15 19:28:03,883 - MainProcess - MainThread - INFO - sqlalchemy.engine.Engine - [cached since 0.02702s ago] ('VALID1', 1, 0) (base.py:1846)
2025-07-15 19:28:03,883 - MainProcess - MainThread - INFO - backend.controllers.qr_scanner - Code accepted (qr_scanner.py:116)
2025-07-15 19:28:03,883 - MainProcess - MainThread - ERROR - backend.controllers.qr_scanner - Error processing QR code (qr_scanner.py:157)
Traceback (most recent call last):
  File "/workspace/Vending-Washer/backend/controllers/qr_scanner.py", line 129, in process_qr_code
    success = send_shelly_on(SHELLY_IP)
              ^^^^^^^^^^^^^^^^^^^^^^^^^
  File "/root/.pyenv/versions/3.12.10/lib/python3.12/unittest/mock.py", line 1139, in __call__
    return self._mock_call(*args, **kwargs)
           ^^^^^^^^^^^^^^^^^^^^^^^^^^^^^^^^
  File "/root/.pyenv/versions/3.12.10/lib/python3.12/unittest/mock.py", line 1143, in _mock_call
    return self._execute_mock_call(*args, **kwargs)
           ^^^^^^^^^^^^^^^^^^^^^^^^^^^^^^^^^^^^^^^^
  File "/root/.pyenv/versions/3.12.10/lib/python3.12/unittest/mock.py", line 1198, in _execute_mock_call
    raise effect
Exception: boom
2025-07-15 19:28:03,886 - MainProcess - MainThread - INFO - sqlalchemy.engine.Engine - SELECT codes.code AS codes_code, codes.order_id AS codes_order_id, codes.usage_limit AS codes_usage_limit, codes.current_usage AS codes_current_usage, codes.expiration_date AS codes_expiration_date, codes.created_at AS codes_created_at 
FROM codes 
WHERE codes.code = ?
 LIMIT ? OFFSET ? (base.py:1846)
2025-07-15 19:28:03,886 - MainProcess - MainThread - INFO - sqlalchemy.engine.Engine - [cached since 0.03053s ago] ('VALID1', 1, 0) (base.py:1846)
2025-07-15 19:28:03,887 - MainProcess - MainThread - INFO - sqlalchemy.engine.Engine - INSERT INTO scan_logs (code, order_id, timestamp, result, details) VALUES (?, ?, ?, ?, ?) (base.py:1846)
2025-07-15 19:28:03,887 - MainProcess - MainThread - INFO - sqlalchemy.engine.Engine - [cached since 0.01758s ago] ('VALID1', 'ORD1', '2025-07-15 19:28:03.887375', 'error', 'boom') (base.py:1846)
2025-07-15 19:28:03,888 - MainProcess - MainThread - INFO - sqlalchemy.engine.Engine - COMMIT (base.py:2707)
2025-07-15 19:28:03,891 - MainProcess - MainThread - INFO - sqlalchemy.engine.Engine - BEGIN (implicit) (base.py:2701)
2025-07-15 19:28:03,892 - MainProcess - MainThread - INFO - sqlalchemy.engine.Engine - SELECT scan_logs.id AS scan_logs_id, scan_logs.code AS scan_logs_code, scan_logs.order_id AS scan_logs_order_id, scan_logs.timestamp AS scan_logs_timestamp, scan_logs.result AS scan_logs_result, scan_logs.details AS scan_logs_details 
FROM scan_logs ORDER BY scan_logs.id (base.py:1846)
2025-07-15 19:28:03,892 - MainProcess - MainThread - INFO - sqlalchemy.engine.Engine - [generated in 0.00025s] () (base.py:1846)
2025-07-15 19:28:03,893 - MainProcess - MainThread - INFO - sqlalchemy.engine.Engine - ROLLBACK (base.py:2704)
2025-07-15 19:28:30,347 - MainProcess - MainThread - INFO - sqlalchemy.engine.Engine - BEGIN (implicit) (base.py:2701)
2025-07-15 19:28:30,347 - MainProcess - MainThread - INFO - sqlalchemy.engine.Engine - PRAGMA main.table_info("settings") (base.py:1846)
2025-07-15 19:28:30,348 - MainProcess - MainThread - INFO - sqlalchemy.engine.Engine - [raw sql] () (base.py:1846)
2025-07-15 19:28:30,348 - MainProcess - MainThread - INFO - sqlalchemy.engine.Engine - PRAGMA main.table_info("codes") (base.py:1846)
2025-07-15 19:28:30,349 - MainProcess - MainThread - INFO - sqlalchemy.engine.Engine - [raw sql] () (base.py:1846)
2025-07-15 19:28:30,349 - MainProcess - MainThread - INFO - sqlalchemy.engine.Engine - PRAGMA main.table_info("scan_logs") (base.py:1846)
2025-07-15 19:28:30,349 - MainProcess - MainThread - INFO - sqlalchemy.engine.Engine - [raw sql] () (base.py:1846)
2025-07-15 19:28:30,349 - MainProcess - MainThread - INFO - sqlalchemy.engine.Engine - COMMIT (base.py:2707)
2025-07-15 19:28:30,464 - MainProcess - MainThread - INFO - sqlalchemy.engine.Engine - SELECT settings.id AS settings_id, settings."key" AS settings_key, settings.value AS settings_value 
FROM settings 
WHERE settings."key" = ?
 LIMIT ? OFFSET ? (base.py:1846)
2025-07-15 19:28:30,464 - MainProcess - MainThread - INFO - sqlalchemy.engine.Engine - [cached since 0.1279s ago] ('serial_port', 1, 0) (base.py:1846)
2025-07-15 19:28:30,465 - MainProcess - MainThread - INFO - sqlalchemy.engine.Engine - SELECT settings.id AS settings_id, settings."key" AS settings_key, settings.value AS settings_value 
FROM settings 
WHERE settings."key" = ?
 LIMIT ? OFFSET ? (base.py:1846)
2025-07-15 19:28:30,465 - MainProcess - MainThread - INFO - sqlalchemy.engine.Engine - [cached since 0.1292s ago] ('serial_baudrate', 1, 0) (base.py:1846)
2025-07-15 19:28:30,466 - MainProcess - MainThread - INFO - sqlalchemy.engine.Engine - SELECT settings.id AS settings_id, settings."key" AS settings_key, settings.value AS settings_value 
FROM settings 
WHERE settings."key" = ?
 LIMIT ? OFFSET ? (base.py:1846)
2025-07-15 19:28:30,466 - MainProcess - MainThread - INFO - sqlalchemy.engine.Engine - [cached since 0.1302s ago] ('scan_timeout', 1, 0) (base.py:1846)
2025-07-15 19:28:30,467 - MainProcess - MainThread - INFO - sqlalchemy.engine.Engine - SELECT settings.id AS settings_id, settings."key" AS settings_key, settings.value AS settings_value 
FROM settings 
WHERE settings."key" = ?
 LIMIT ? OFFSET ? (base.py:1846)
2025-07-15 19:28:30,467 - MainProcess - MainThread - INFO - sqlalchemy.engine.Engine - [cached since 0.1311s ago] ('shelly_ip', 1, 0) (base.py:1846)
2025-07-15 19:28:30,468 - MainProcess - MainThread - INFO - sqlalchemy.engine.Engine - SELECT settings.id AS settings_id, settings."key" AS settings_key, settings.value AS settings_value 
FROM settings 
WHERE settings."key" = ?
 LIMIT ? OFFSET ? (base.py:1846)
2025-07-15 19:28:30,468 - MainProcess - MainThread - INFO - sqlalchemy.engine.Engine - [cached since 0.132s ago] ('pulse_duration', 1, 0) (base.py:1846)
2025-07-15 19:28:30,469 - MainProcess - MainThread - INFO - sqlalchemy.engine.Engine - SELECT settings.id AS settings_id, settings."key" AS settings_key, settings.value AS settings_value 
FROM settings 
WHERE settings."key" = ?
 LIMIT ? OFFSET ? (base.py:1846)
2025-07-15 19:28:30,469 - MainProcess - MainThread - INFO - sqlalchemy.engine.Engine - [cached since 0.133s ago] ('relay_mode', 1, 0) (base.py:1846)
2025-07-15 19:28:30,470 - MainProcess - MainThread - WARNING - backend.controllers.qr_scanner - Serial scanner not available: [Errno 2] could not open port /dev/ttyUSB0: [Errno 2] No such file or directory: '/dev/ttyUSB0' (qr_scanner.py:37)
2025-07-15 19:28:30,471 - MainProcess - MainThread - INFO - test_logger - test message (test_logger.py:14)
2025-07-15 19:28:30,471 - MainProcess - MainThread - INFO - sqlalchemy.engine.Engine - BEGIN (implicit) (base.py:2701)
2025-07-15 19:28:30,472 - MainProcess - MainThread - INFO - sqlalchemy.engine.Engine - PRAGMA main.table_info("settings") (base.py:1846)
2025-07-15 19:28:30,472 - MainProcess - MainThread - INFO - sqlalchemy.engine.Engine - [raw sql] () (base.py:1846)
2025-07-15 19:28:30,472 - MainProcess - MainThread - INFO - sqlalchemy.engine.Engine - PRAGMA main.table_info("codes") (base.py:1846)
2025-07-15 19:28:30,472 - MainProcess - MainThread - INFO - sqlalchemy.engine.Engine - [raw sql] () (base.py:1846)
2025-07-15 19:28:30,473 - MainProcess - MainThread - INFO - sqlalchemy.engine.Engine - PRAGMA main.table_info("scan_logs") (base.py:1846)
2025-07-15 19:28:30,473 - MainProcess - MainThread - INFO - sqlalchemy.engine.Engine - [raw sql] () (base.py:1846)
2025-07-15 19:28:30,473 - MainProcess - MainThread - INFO - sqlalchemy.engine.Engine - COMMIT (base.py:2707)
2025-07-15 19:28:30,477 - MainProcess - MainThread - INFO - sqlalchemy.engine.Engine - DELETE FROM scan_logs (base.py:1846)
2025-07-15 19:28:30,477 - MainProcess - MainThread - INFO - sqlalchemy.engine.Engine - [generated in 0.00028s] () (base.py:1846)
2025-07-15 19:28:30,478 - MainProcess - MainThread - INFO - sqlalchemy.engine.Engine - DELETE FROM codes (base.py:1846)
2025-07-15 19:28:30,478 - MainProcess - MainThread - INFO - sqlalchemy.engine.Engine - [generated in 0.00028s] () (base.py:1846)
2025-07-15 19:28:30,478 - MainProcess - MainThread - INFO - sqlalchemy.engine.Engine - COMMIT (base.py:2707)
2025-07-15 19:28:30,482 - MainProcess - MainThread - INFO - sqlalchemy.engine.Engine - BEGIN (implicit) (base.py:2701)
2025-07-15 19:28:30,487 - MainProcess - MainThread - INFO - sqlalchemy.engine.Engine - INSERT INTO codes (code, order_id, usage_limit, current_usage, expiration_date, created_at) VALUES (?, ?, ?, ?, ?, ?) (base.py:1846)
2025-07-15 19:28:30,487 - MainProcess - MainThread - INFO - sqlalchemy.engine.Engine - [generated in 0.00311s] ('VALID1', 'ORD1', 2, 0, None, '2025-07-15 19:28:30.486986') (base.py:1846)
2025-07-15 19:28:30,488 - MainProcess - MainThread - INFO - sqlalchemy.engine.Engine - COMMIT (base.py:2707)
2025-07-15 19:28:30,491 - MainProcess - MainThread - INFO - sqlalchemy.engine.Engine - BEGIN (implicit) (base.py:2701)
2025-07-15 19:28:30,493 - MainProcess - MainThread - INFO - sqlalchemy.engine.Engine - SELECT codes.code AS codes_code, codes.order_id AS codes_order_id, codes.usage_limit AS codes_usage_limit, codes.current_usage AS codes_current_usage, codes.expiration_date AS codes_expiration_date, codes.created_at AS codes_created_at 
FROM codes 
WHERE codes.code = ?
 LIMIT ? OFFSET ? (base.py:1846)
2025-07-15 19:28:30,493 - MainProcess - MainThread - INFO - sqlalchemy.engine.Engine - [generated in 0.00030s] ('VALID1', 1, 0) (base.py:1846)
2025-07-15 19:28:30,494 - MainProcess - MainThread - INFO - backend.controllers.qr_scanner - Code accepted (qr_scanner.py:116)
2025-07-15 19:28:30,496 - MainProcess - MainThread - INFO - sqlalchemy.engine.Engine - UPDATE codes SET current_usage=? WHERE codes.code = ? (base.py:1846)
2025-07-15 19:28:30,496 - MainProcess - MainThread - INFO - sqlalchemy.engine.Engine - [generated in 0.00024s] (1, 'VALID1') (base.py:1846)
2025-07-15 19:28:30,497 - MainProcess - MainThread - INFO - sqlalchemy.engine.Engine - COMMIT (base.py:2707)
2025-07-15 19:28:30,500 - MainProcess - MainThread - INFO - sqlalchemy.engine.Engine - BEGIN (implicit) (base.py:2701)
2025-07-15 19:28:30,501 - MainProcess - MainThread - INFO - sqlalchemy.engine.Engine - SELECT codes.code AS codes_code, codes.order_id AS codes_order_id, codes.usage_limit AS codes_usage_limit, codes.current_usage AS codes_current_usage, codes.expiration_date AS codes_expiration_date, codes.created_at AS codes_created_at 
FROM codes 
WHERE codes.code = ? (base.py:1846)
2025-07-15 19:28:30,501 - MainProcess - MainThread - INFO - sqlalchemy.engine.Engine - [generated in 0.00024s] ('VALID1',) (base.py:1846)
2025-07-15 19:28:30,502 - MainProcess - MainThread - INFO - backend.controllers.qr_scanner - Shelly command succeeded (qr_scanner.py:151)
2025-07-15 19:28:30,502 - MainProcess - MainThread - INFO - sqlalchemy.engine.Engine - SELECT codes.code AS codes_code, codes.order_id AS codes_order_id, codes.usage_limit AS codes_usage_limit, codes.current_usage AS codes_current_usage, codes.expiration_date AS codes_expiration_date, codes.created_at AS codes_created_at 
FROM codes 
WHERE codes.code = ?
 LIMIT ? OFFSET ? (base.py:1846)
2025-07-15 19:28:30,503 - MainProcess - MainThread - INFO - sqlalchemy.engine.Engine - [cached since 0.00965s ago] ('VALID1', 1, 0) (base.py:1846)
2025-07-15 19:28:30,505 - MainProcess - MainThread - INFO - sqlalchemy.engine.Engine - INSERT INTO scan_logs (code, order_id, timestamp, result, details) VALUES (?, ?, ?, ?, ?) (base.py:1846)
2025-07-15 19:28:30,505 - MainProcess - MainThread - INFO - sqlalchemy.engine.Engine - [generated in 0.00030s] ('VALID1', 'ORD1', '2025-07-15 19:28:30.503880', 'success', 'Code now has 1 uses left.') (base.py:1846)
2025-07-15 19:28:30,506 - MainProcess - MainThread - INFO - sqlalchemy.engine.Engine - COMMIT (base.py:2707)
2025-07-15 19:28:30,509 - MainProcess - MainThread - INFO - sqlalchemy.engine.Engine - BEGIN (implicit) (base.py:2701)
2025-07-15 19:28:30,509 - MainProcess - MainThread - INFO - sqlalchemy.engine.Engine - SELECT codes.code AS codes_code, codes.order_id AS codes_order_id, codes.usage_limit AS codes_usage_limit, codes.current_usage AS codes_current_usage, codes.expiration_date AS codes_expiration_date, codes.created_at AS codes_created_at 
FROM codes 
WHERE codes.code = ?
 LIMIT ? OFFSET ? (base.py:1846)
2025-07-15 19:28:30,509 - MainProcess - MainThread - INFO - sqlalchemy.engine.Engine - [cached since 0.01614s ago] ('INVALID', 1, 0) (base.py:1846)
2025-07-15 19:28:30,509 - MainProcess - MainThread - WARNING - backend.controllers.qr_scanner - Invalid code (qr_scanner.py:110)
2025-07-15 19:28:30,510 - MainProcess - MainThread - INFO - sqlalchemy.engine.Engine - SELECT codes.code AS codes_code, codes.order_id AS codes_order_id, codes.usage_limit AS codes_usage_limit, codes.current_usage AS codes_current_usage, codes.expiration_date AS codes_expiration_date, codes.created_at AS codes_created_at 
FROM codes 
WHERE codes.code = ?
 LIMIT ? OFFSET ? (base.py:1846)
2025-07-15 19:28:30,510 - MainProcess - MainThread - INFO - sqlalchemy.engine.Engine - [cached since 0.01731s ago] ('INVALID', 1, 0) (base.py:1846)
2025-07-15 19:28:30,511 - MainProcess - MainThread - INFO - sqlalchemy.engine.Engine - INSERT INTO scan_logs (code, order_id, timestamp, result, details) VALUES (?, ?, ?, ?, ?) (base.py:1846)
2025-07-15 19:28:30,511 - MainProcess - MainThread - INFO - sqlalchemy.engine.Engine - [cached since 0.006506s ago] ('INVALID', None, '2025-07-15 19:28:30.511123', 'invalid', 'Invalid code') (base.py:1846)
2025-07-15 19:28:30,512 - MainProcess - MainThread - INFO - sqlalchemy.engine.Engine - COMMIT (base.py:2707)
2025-07-15 19:28:30,516 - MainProcess - MainThread - INFO - sqlalchemy.engine.Engine - BEGIN (implicit) (base.py:2701)
2025-07-15 19:28:30,516 - MainProcess - MainThread - INFO - sqlalchemy.engine.Engine - SELECT codes.code AS codes_code, codes.order_id AS codes_order_id, codes.usage_limit AS codes_usage_limit, codes.current_usage AS codes_current_usage, codes.expiration_date AS codes_expiration_date, codes.created_at AS codes_created_at 
FROM codes 
WHERE codes.code = ?
 LIMIT ? OFFSET ? (base.py:1846)
2025-07-15 19:28:30,516 - MainProcess - MainThread - INFO - sqlalchemy.engine.Engine - [cached since 0.0232s ago] ('VALID1', 1, 0) (base.py:1846)
2025-07-15 19:28:30,517 - MainProcess - MainThread - INFO - backend.controllers.qr_scanner - Code accepted (qr_scanner.py:116)
2025-07-15 19:28:30,517 - MainProcess - MainThread - ERROR - backend.controllers.qr_scanner - Error processing QR code (qr_scanner.py:157)
Traceback (most recent call last):
  File "/workspace/Vending-Washer/backend/controllers/qr_scanner.py", line 129, in process_qr_code
    success = send_shelly_on(SHELLY_IP)
              ^^^^^^^^^^^^^^^^^^^^^^^^^
  File "/root/.pyenv/versions/3.12.10/lib/python3.12/unittest/mock.py", line 1139, in __call__
    return self._mock_call(*args, **kwargs)
           ^^^^^^^^^^^^^^^^^^^^^^^^^^^^^^^^
  File "/root/.pyenv/versions/3.12.10/lib/python3.12/unittest/mock.py", line 1143, in _mock_call
    return self._execute_mock_call(*args, **kwargs)
           ^^^^^^^^^^^^^^^^^^^^^^^^^^^^^^^^^^^^^^^^
  File "/root/.pyenv/versions/3.12.10/lib/python3.12/unittest/mock.py", line 1198, in _execute_mock_call
    raise effect
Exception: boom
2025-07-15 19:28:30,519 - MainProcess - MainThread - INFO - sqlalchemy.engine.Engine - SELECT codes.code AS codes_code, codes.order_id AS codes_order_id, codes.usage_limit AS codes_usage_limit, codes.current_usage AS codes_current_usage, codes.expiration_date AS codes_expiration_date, codes.created_at AS codes_created_at 
FROM codes 
WHERE codes.code = ?
 LIMIT ? OFFSET ? (base.py:1846)
2025-07-15 19:28:30,520 - MainProcess - MainThread - INFO - sqlalchemy.engine.Engine - [cached since 0.0266s ago] ('VALID1', 1, 0) (base.py:1846)
2025-07-15 19:28:30,521 - MainProcess - MainThread - INFO - sqlalchemy.engine.Engine - INSERT INTO scan_logs (code, order_id, timestamp, result, details) VALUES (?, ?, ?, ?, ?) (base.py:1846)
2025-07-15 19:28:30,521 - MainProcess - MainThread - INFO - sqlalchemy.engine.Engine - [cached since 0.0161s ago] ('VALID1', 'ORD1', '2025-07-15 19:28:30.520720', 'error', 'boom') (base.py:1846)
2025-07-15 19:28:30,521 - MainProcess - MainThread - INFO - sqlalchemy.engine.Engine - COMMIT (base.py:2707)
2025-07-15 19:28:30,526 - MainProcess - MainThread - INFO - sqlalchemy.engine.Engine - BEGIN (implicit) (base.py:2701)
2025-07-15 19:28:30,527 - MainProcess - MainThread - INFO - sqlalchemy.engine.Engine - SELECT scan_logs.id AS scan_logs_id, scan_logs.code AS scan_logs_code, scan_logs.order_id AS scan_logs_order_id, scan_logs.timestamp AS scan_logs_timestamp, scan_logs.result AS scan_logs_result, scan_logs.details AS scan_logs_details 
FROM scan_logs ORDER BY scan_logs.id (base.py:1846)
2025-07-15 19:28:30,527 - MainProcess - MainThread - INFO - sqlalchemy.engine.Engine - [generated in 0.00023s] () (base.py:1846)
2025-07-15 19:28:30,528 - MainProcess - MainThread - INFO - sqlalchemy.engine.Engine - ROLLBACK (base.py:2704)
2025-07-15 19:28:55,530 - MainProcess - MainThread - INFO - sqlalchemy.engine.Engine - BEGIN (implicit) (base.py:2701)
2025-07-15 19:28:55,530 - MainProcess - MainThread - INFO - sqlalchemy.engine.Engine - PRAGMA main.table_info("settings") (base.py:1846)
2025-07-15 19:28:55,530 - MainProcess - MainThread - INFO - sqlalchemy.engine.Engine - [raw sql] () (base.py:1846)
2025-07-15 19:28:55,531 - MainProcess - MainThread - INFO - sqlalchemy.engine.Engine - PRAGMA main.table_info("codes") (base.py:1846)
2025-07-15 19:28:55,531 - MainProcess - MainThread - INFO - sqlalchemy.engine.Engine - [raw sql] () (base.py:1846)
2025-07-15 19:28:55,531 - MainProcess - MainThread - INFO - sqlalchemy.engine.Engine - PRAGMA main.table_info("scan_logs") (base.py:1846)
2025-07-15 19:28:55,531 - MainProcess - MainThread - INFO - sqlalchemy.engine.Engine - [raw sql] () (base.py:1846)
2025-07-15 19:28:55,532 - MainProcess - MainThread - INFO - sqlalchemy.engine.Engine - COMMIT (base.py:2707)
2025-07-15 19:28:55,650 - MainProcess - MainThread - INFO - sqlalchemy.engine.Engine - SELECT settings.id AS settings_id, settings."key" AS settings_key, settings.value AS settings_value 
FROM settings 
WHERE settings."key" = ?
 LIMIT ? OFFSET ? (base.py:1846)
2025-07-15 19:28:55,650 - MainProcess - MainThread - INFO - sqlalchemy.engine.Engine - [cached since 0.1325s ago] ('serial_port', 1, 0) (base.py:1846)
2025-07-15 19:28:55,651 - MainProcess - MainThread - INFO - sqlalchemy.engine.Engine - SELECT settings.id AS settings_id, settings."key" AS settings_key, settings.value AS settings_value 
FROM settings 
WHERE settings."key" = ?
 LIMIT ? OFFSET ? (base.py:1846)
2025-07-15 19:28:55,651 - MainProcess - MainThread - INFO - sqlalchemy.engine.Engine - [cached since 0.1337s ago] ('serial_baudrate', 1, 0) (base.py:1846)
2025-07-15 19:28:55,652 - MainProcess - MainThread - INFO - sqlalchemy.engine.Engine - SELECT settings.id AS settings_id, settings."key" AS settings_key, settings.value AS settings_value 
FROM settings 
WHERE settings."key" = ?
 LIMIT ? OFFSET ? (base.py:1846)
2025-07-15 19:28:55,652 - MainProcess - MainThread - INFO - sqlalchemy.engine.Engine - [cached since 0.1346s ago] ('scan_timeout', 1, 0) (base.py:1846)
2025-07-15 19:28:55,653 - MainProcess - MainThread - INFO - sqlalchemy.engine.Engine - SELECT settings.id AS settings_id, settings."key" AS settings_key, settings.value AS settings_value 
FROM settings 
WHERE settings."key" = ?
 LIMIT ? OFFSET ? (base.py:1846)
2025-07-15 19:28:55,653 - MainProcess - MainThread - INFO - sqlalchemy.engine.Engine - [cached since 0.1356s ago] ('shelly_ip', 1, 0) (base.py:1846)
2025-07-15 19:28:55,654 - MainProcess - MainThread - INFO - sqlalchemy.engine.Engine - SELECT settings.id AS settings_id, settings."key" AS settings_key, settings.value AS settings_value 
FROM settings 
WHERE settings."key" = ?
 LIMIT ? OFFSET ? (base.py:1846)
2025-07-15 19:28:55,654 - MainProcess - MainThread - INFO - sqlalchemy.engine.Engine - [cached since 0.1366s ago] ('pulse_duration', 1, 0) (base.py:1846)
2025-07-15 19:28:55,655 - MainProcess - MainThread - INFO - sqlalchemy.engine.Engine - SELECT settings.id AS settings_id, settings."key" AS settings_key, settings.value AS settings_value 
FROM settings 
WHERE settings."key" = ?
 LIMIT ? OFFSET ? (base.py:1846)
2025-07-15 19:28:55,655 - MainProcess - MainThread - INFO - sqlalchemy.engine.Engine - [cached since 0.1375s ago] ('relay_mode', 1, 0) (base.py:1846)
2025-07-15 19:28:55,656 - MainProcess - MainThread - WARNING - backend.controllers.qr_scanner - Serial scanner not available: [Errno 2] could not open port /dev/ttyUSB0: [Errno 2] No such file or directory: '/dev/ttyUSB0' (qr_scanner.py:39)
2025-07-15 19:28:55,657 - MainProcess - MainThread - INFO - test_logger - test message (test_logger.py:14)
2025-07-15 19:28:55,657 - MainProcess - MainThread - INFO - sqlalchemy.engine.Engine - BEGIN (implicit) (base.py:2701)
2025-07-15 19:28:55,658 - MainProcess - MainThread - INFO - sqlalchemy.engine.Engine - PRAGMA main.table_info("settings") (base.py:1846)
2025-07-15 19:28:55,658 - MainProcess - MainThread - INFO - sqlalchemy.engine.Engine - [raw sql] () (base.py:1846)
2025-07-15 19:28:55,658 - MainProcess - MainThread - INFO - sqlalchemy.engine.Engine - PRAGMA main.table_info("codes") (base.py:1846)
2025-07-15 19:28:55,658 - MainProcess - MainThread - INFO - sqlalchemy.engine.Engine - [raw sql] () (base.py:1846)
2025-07-15 19:28:55,659 - MainProcess - MainThread - INFO - sqlalchemy.engine.Engine - PRAGMA main.table_info("scan_logs") (base.py:1846)
2025-07-15 19:28:55,659 - MainProcess - MainThread - INFO - sqlalchemy.engine.Engine - [raw sql] () (base.py:1846)
2025-07-15 19:28:55,659 - MainProcess - MainThread - INFO - sqlalchemy.engine.Engine - COMMIT (base.py:2707)
2025-07-15 19:28:55,662 - MainProcess - MainThread - INFO - sqlalchemy.engine.Engine - DELETE FROM scan_logs (base.py:1846)
2025-07-15 19:28:55,663 - MainProcess - MainThread - INFO - sqlalchemy.engine.Engine - [generated in 0.00029s] () (base.py:1846)
2025-07-15 19:28:55,664 - MainProcess - MainThread - INFO - sqlalchemy.engine.Engine - DELETE FROM codes (base.py:1846)
2025-07-15 19:28:55,664 - MainProcess - MainThread - INFO - sqlalchemy.engine.Engine - [generated in 0.00023s] () (base.py:1846)
2025-07-15 19:28:55,664 - MainProcess - MainThread - INFO - sqlalchemy.engine.Engine - COMMIT (base.py:2707)
2025-07-15 19:28:55,668 - MainProcess - MainThread - INFO - sqlalchemy.engine.Engine - BEGIN (implicit) (base.py:2701)
2025-07-15 19:28:55,673 - MainProcess - MainThread - INFO - sqlalchemy.engine.Engine - INSERT INTO codes (code, order_id, usage_limit, current_usage, expiration_date, created_at) VALUES (?, ?, ?, ?, ?, ?) (base.py:1846)
2025-07-15 19:28:55,673 - MainProcess - MainThread - INFO - sqlalchemy.engine.Engine - [generated in 0.00299s] ('VALID1', 'ORD1', 2, 0, None, '2025-07-15 19:28:55.673550') (base.py:1846)
2025-07-15 19:28:55,674 - MainProcess - MainThread - INFO - sqlalchemy.engine.Engine - COMMIT (base.py:2707)
2025-07-15 19:28:55,678 - MainProcess - MainThread - INFO - sqlalchemy.engine.Engine - BEGIN (implicit) (base.py:2701)
2025-07-15 19:28:55,679 - MainProcess - MainThread - INFO - sqlalchemy.engine.Engine - SELECT codes.code AS codes_code, codes.order_id AS codes_order_id, codes.usage_limit AS codes_usage_limit, codes.current_usage AS codes_current_usage, codes.expiration_date AS codes_expiration_date, codes.created_at AS codes_created_at 
FROM codes 
WHERE codes.code = ?
 LIMIT ? OFFSET ? (base.py:1846)
2025-07-15 19:28:55,679 - MainProcess - MainThread - INFO - sqlalchemy.engine.Engine - [generated in 0.00025s] ('VALID1', 1, 0) (base.py:1846)
2025-07-15 19:28:55,680 - MainProcess - MainThread - INFO - backend.controllers.qr_scanner - Code accepted (qr_scanner.py:118)
2025-07-15 19:28:55,682 - MainProcess - MainThread - INFO - sqlalchemy.engine.Engine - UPDATE codes SET current_usage=? WHERE codes.code = ? (base.py:1846)
2025-07-15 19:28:55,682 - MainProcess - MainThread - INFO - sqlalchemy.engine.Engine - [generated in 0.00028s] (1, 'VALID1') (base.py:1846)
2025-07-15 19:28:55,683 - MainProcess - MainThread - INFO - sqlalchemy.engine.Engine - COMMIT (base.py:2707)
2025-07-15 19:28:55,689 - MainProcess - MainThread - INFO - sqlalchemy.engine.Engine - BEGIN (implicit) (base.py:2701)
2025-07-15 19:28:55,690 - MainProcess - MainThread - INFO - sqlalchemy.engine.Engine - SELECT codes.code AS codes_code, codes.order_id AS codes_order_id, codes.usage_limit AS codes_usage_limit, codes.current_usage AS codes_current_usage, codes.expiration_date AS codes_expiration_date, codes.created_at AS codes_created_at 
FROM codes 
WHERE codes.code = ? (base.py:1846)
2025-07-15 19:28:55,690 - MainProcess - MainThread - INFO - sqlalchemy.engine.Engine - [generated in 0.00033s] ('VALID1',) (base.py:1846)
2025-07-15 19:28:55,691 - MainProcess - MainThread - INFO - backend.controllers.qr_scanner - Shelly command succeeded (qr_scanner.py:157)
2025-07-15 19:28:55,692 - MainProcess - MainThread - INFO - sqlalchemy.engine.Engine - SELECT codes.code AS codes_code, codes.order_id AS codes_order_id, codes.usage_limit AS codes_usage_limit, codes.current_usage AS codes_current_usage, codes.expiration_date AS codes_expiration_date, codes.created_at AS codes_created_at 
FROM codes 
WHERE codes.code = ?
 LIMIT ? OFFSET ? (base.py:1846)
2025-07-15 19:28:55,692 - MainProcess - MainThread - INFO - sqlalchemy.engine.Engine - [cached since 0.01248s ago] ('VALID1', 1, 0) (base.py:1846)
2025-07-15 19:28:55,694 - MainProcess - MainThread - INFO - sqlalchemy.engine.Engine - INSERT INTO scan_logs (code, order_id, timestamp, result, details) VALUES (?, ?, ?, ?, ?) (base.py:1846)
2025-07-15 19:28:55,694 - MainProcess - MainThread - INFO - sqlalchemy.engine.Engine - [generated in 0.00028s] ('VALID1', 'ORD1', '2025-07-15 19:28:55.693010', 'success', 'Code now has 1 uses left.') (base.py:1846)
2025-07-15 19:28:55,695 - MainProcess - MainThread - INFO - sqlalchemy.engine.Engine - COMMIT (base.py:2707)
2025-07-15 19:28:55,700 - MainProcess - MainThread - INFO - sqlalchemy.engine.Engine - BEGIN (implicit) (base.py:2701)
2025-07-15 19:28:55,700 - MainProcess - MainThread - INFO - sqlalchemy.engine.Engine - SELECT codes.code AS codes_code, codes.order_id AS codes_order_id, codes.usage_limit AS codes_usage_limit, codes.current_usage AS codes_current_usage, codes.expiration_date AS codes_expiration_date, codes.created_at AS codes_created_at 
FROM codes 
WHERE codes.code = ?
 LIMIT ? OFFSET ? (base.py:1846)
2025-07-15 19:28:55,700 - MainProcess - MainThread - INFO - sqlalchemy.engine.Engine - [cached since 0.02115s ago] ('INVALID', 1, 0) (base.py:1846)
2025-07-15 19:28:55,701 - MainProcess - MainThread - WARNING - backend.controllers.qr_scanner - Invalid code (qr_scanner.py:112)
2025-07-15 19:28:55,701 - MainProcess - MainThread - INFO - sqlalchemy.engine.Engine - SELECT codes.code AS codes_code, codes.order_id AS codes_order_id, codes.usage_limit AS codes_usage_limit, codes.current_usage AS codes_current_usage, codes.expiration_date AS codes_expiration_date, codes.created_at AS codes_created_at 
FROM codes 
WHERE codes.code = ?
 LIMIT ? OFFSET ? (base.py:1846)
2025-07-15 19:28:55,701 - MainProcess - MainThread - INFO - sqlalchemy.engine.Engine - [cached since 0.02194s ago] ('INVALID', 1, 0) (base.py:1846)
2025-07-15 19:28:55,702 - MainProcess - MainThread - INFO - sqlalchemy.engine.Engine - INSERT INTO scan_logs (code, order_id, timestamp, result, details) VALUES (?, ?, ?, ?, ?) (base.py:1846)
2025-07-15 19:28:55,702 - MainProcess - MainThread - INFO - sqlalchemy.engine.Engine - [cached since 0.008081s ago] ('INVALID', None, '2025-07-15 19:28:55.701919', 'invalid', 'Invalid code') (base.py:1846)
2025-07-15 19:28:55,702 - MainProcess - MainThread - INFO - sqlalchemy.engine.Engine - COMMIT (base.py:2707)
2025-07-15 19:28:55,706 - MainProcess - MainThread - INFO - sqlalchemy.engine.Engine - BEGIN (implicit) (base.py:2701)
2025-07-15 19:28:55,706 - MainProcess - MainThread - INFO - sqlalchemy.engine.Engine - SELECT codes.code AS codes_code, codes.order_id AS codes_order_id, codes.usage_limit AS codes_usage_limit, codes.current_usage AS codes_current_usage, codes.expiration_date AS codes_expiration_date, codes.created_at AS codes_created_at 
FROM codes 
WHERE codes.code = ?
 LIMIT ? OFFSET ? (base.py:1846)
2025-07-15 19:28:55,706 - MainProcess - MainThread - INFO - sqlalchemy.engine.Engine - [cached since 0.02717s ago] ('VALID1', 1, 0) (base.py:1846)
2025-07-15 19:28:55,707 - MainProcess - MainThread - INFO - backend.controllers.qr_scanner - Code accepted (qr_scanner.py:118)
2025-07-15 19:28:55,707 - MainProcess - MainThread - ERROR - backend.controllers.qr_scanner - Error processing QR code (qr_scanner.py:163)
Traceback (most recent call last):
  File "/workspace/Vending-Washer/backend/controllers/qr_scanner.py", line 131, in process_qr_code
    success = send_shelly_on(SHELLY_IP)
              ^^^^^^^^^^^^^^^^^^^^^^^^^
  File "/root/.pyenv/versions/3.12.10/lib/python3.12/unittest/mock.py", line 1139, in __call__
    return self._mock_call(*args, **kwargs)
           ^^^^^^^^^^^^^^^^^^^^^^^^^^^^^^^^
  File "/root/.pyenv/versions/3.12.10/lib/python3.12/unittest/mock.py", line 1143, in _mock_call
    return self._execute_mock_call(*args, **kwargs)
           ^^^^^^^^^^^^^^^^^^^^^^^^^^^^^^^^^^^^^^^^
  File "/root/.pyenv/versions/3.12.10/lib/python3.12/unittest/mock.py", line 1198, in _execute_mock_call
    raise effect
Exception: boom
2025-07-15 19:28:55,709 - MainProcess - MainThread - INFO - sqlalchemy.engine.Engine - SELECT codes.code AS codes_code, codes.order_id AS codes_order_id, codes.usage_limit AS codes_usage_limit, codes.current_usage AS codes_current_usage, codes.expiration_date AS codes_expiration_date, codes.created_at AS codes_created_at 
FROM codes 
WHERE codes.code = ?
 LIMIT ? OFFSET ? (base.py:1846)
2025-07-15 19:28:55,709 - MainProcess - MainThread - INFO - sqlalchemy.engine.Engine - [cached since 0.03018s ago] ('VALID1', 1, 0) (base.py:1846)
2025-07-15 19:28:55,710 - MainProcess - MainThread - INFO - sqlalchemy.engine.Engine - INSERT INTO scan_logs (code, order_id, timestamp, result, details) VALUES (?, ?, ?, ?, ?) (base.py:1846)
2025-07-15 19:28:55,710 - MainProcess - MainThread - INFO - sqlalchemy.engine.Engine - [cached since 0.01657s ago] ('VALID1', 'ORD1', '2025-07-15 19:28:55.710246', 'error', 'boom') (base.py:1846)
2025-07-15 19:28:55,711 - MainProcess - MainThread - INFO - sqlalchemy.engine.Engine - COMMIT (base.py:2707)
2025-07-15 19:28:55,714 - MainProcess - MainThread - INFO - sqlalchemy.engine.Engine - BEGIN (implicit) (base.py:2701)
2025-07-15 19:28:55,715 - MainProcess - MainThread - INFO - sqlalchemy.engine.Engine - SELECT scan_logs.id AS scan_logs_id, scan_logs.code AS scan_logs_code, scan_logs.order_id AS scan_logs_order_id, scan_logs.timestamp AS scan_logs_timestamp, scan_logs.result AS scan_logs_result, scan_logs.details AS scan_logs_details 
FROM scan_logs ORDER BY scan_logs.id (base.py:1846)
2025-07-15 19:28:55,715 - MainProcess - MainThread - INFO - sqlalchemy.engine.Engine - [generated in 0.00024s] () (base.py:1846)
2025-07-15 19:28:55,716 - MainProcess - MainThread - INFO - sqlalchemy.engine.Engine - ROLLBACK (base.py:2704)
2025-07-17 18:50:11,047 - MainProcess - MainThread - INFO - sqlalchemy.engine.Engine - BEGIN (implicit) (base.py:2701)
2025-07-17 18:50:11,048 - MainProcess - MainThread - INFO - sqlalchemy.engine.Engine - COMMIT (base.py:2707)
2025-07-17 18:50:11,741 - MainProcess - MainThread - INFO - __main__ - ===== APP STARTED ===== (app.py:25)
2025-07-17 18:52:34,265 - MainProcess - MainThread - INFO - sqlalchemy.engine.Engine - BEGIN (implicit) (base.py:2701)
2025-07-17 18:52:34,266 - MainProcess - MainThread - INFO - sqlalchemy.engine.Engine - COMMIT (base.py:2707)
2025-07-17 18:52:34,802 - MainProcess - MainThread - INFO - __main__ - ===== APP STARTED ===== (app.py:25)
2025-07-17 18:52:35,396 - MainProcess - MainThread - INFO - sqlalchemy.engine.Engine - BEGIN (implicit) (base.py:2701)
2025-07-17 18:52:35,399 - MainProcess - MainThread - INFO - sqlalchemy.engine.Engine - SELECT settings.id AS settings_id, settings."key" AS settings_key, settings.value AS settings_value 
FROM settings 
WHERE settings."key" = ?
 LIMIT ? OFFSET ? (base.py:1846)
2025-07-17 18:52:35,399 - MainProcess - MainThread - INFO - sqlalchemy.engine.Engine - [generated in 0.00054s] ('serial_port', 1, 0) (base.py:1846)
2025-07-17 18:52:35,400 - MainProcess - MainThread - INFO - sqlalchemy.engine.Engine - SELECT settings.id AS settings_id, settings."key" AS settings_key, settings.value AS settings_value 
FROM settings 
WHERE settings."key" = ?
 LIMIT ? OFFSET ? (base.py:1846)
2025-07-17 18:52:35,401 - MainProcess - MainThread - INFO - sqlalchemy.engine.Engine - [cached since 0.002151s ago] ('serial_baudrate', 1, 0) (base.py:1846)
2025-07-17 18:52:35,402 - MainProcess - MainThread - INFO - sqlalchemy.engine.Engine - SELECT settings.id AS settings_id, settings."key" AS settings_key, settings.value AS settings_value 
FROM settings 
WHERE settings."key" = ?
 LIMIT ? OFFSET ? (base.py:1846)
2025-07-17 18:52:35,402 - MainProcess - MainThread - INFO - sqlalchemy.engine.Engine - [cached since 0.003397s ago] ('scan_timeout', 1, 0) (base.py:1846)
2025-07-17 18:52:35,403 - MainProcess - MainThread - INFO - sqlalchemy.engine.Engine - SELECT settings.id AS settings_id, settings."key" AS settings_key, settings.value AS settings_value 
FROM settings 
WHERE settings."key" = ?
 LIMIT ? OFFSET ? (base.py:1846)
2025-07-17 18:52:35,404 - MainProcess - MainThread - INFO - sqlalchemy.engine.Engine - [cached since 0.004939s ago] ('shelly_ip', 1, 0) (base.py:1846)
2025-07-17 18:52:35,404 - MainProcess - MainThread - INFO - sqlalchemy.engine.Engine - SELECT settings.id AS settings_id, settings."key" AS settings_key, settings.value AS settings_value 
FROM settings 
WHERE settings."key" = ?
 LIMIT ? OFFSET ? (base.py:1846)
2025-07-17 18:52:35,405 - MainProcess - MainThread - INFO - sqlalchemy.engine.Engine - [cached since 0.006108s ago] ('pulse_duration', 1, 0) (base.py:1846)
2025-07-17 18:52:35,406 - MainProcess - MainThread - INFO - sqlalchemy.engine.Engine - SELECT settings.id AS settings_id, settings."key" AS settings_key, settings.value AS settings_value 
FROM settings 
WHERE settings."key" = ?
 LIMIT ? OFFSET ? (base.py:1846)
2025-07-17 18:52:35,406 - MainProcess - MainThread - INFO - sqlalchemy.engine.Engine - [cached since 0.007169s ago] ('relay_mode', 1, 0) (base.py:1846)
2025-07-17 18:52:35,406 - MainProcess - MainThread - WARNING - controllers.qr_scanner - Serial scanner not available: could not open port '/dev/ttyUSB0': FileNotFoundError(2, 'The system cannot find the path specified.', None, 3) (qr_scanner.py:39)
2025-07-17 18:54:51,118 - MainProcess - MainThread - INFO - sqlalchemy.engine.Engine - BEGIN (implicit) (base.py:2701)
2025-07-17 18:54:51,119 - MainProcess - MainThread - INFO - sqlalchemy.engine.Engine - COMMIT (base.py:2707)
2025-07-17 18:54:51,638 - MainProcess - MainThread - INFO - __main__ - ===== APP STARTED ===== (app.py:25)
2025-07-17 18:54:51,978 - MainProcess - MainThread - INFO - sqlalchemy.engine.Engine - BEGIN (implicit) (base.py:2701)
2025-07-17 18:54:51,982 - MainProcess - MainThread - INFO - sqlalchemy.engine.Engine - SELECT settings.id AS settings_id, settings."key" AS settings_key, settings.value AS settings_value 
FROM settings 
WHERE settings."key" = ?
 LIMIT ? OFFSET ? (base.py:1846)
2025-07-17 18:54:51,982 - MainProcess - MainThread - INFO - sqlalchemy.engine.Engine - [generated in 0.00086s] ('serial_port', 1, 0) (base.py:1846)
2025-07-17 18:54:51,984 - MainProcess - MainThread - INFO - sqlalchemy.engine.Engine - SELECT settings.id AS settings_id, settings."key" AS settings_key, settings.value AS settings_value 
FROM settings 
WHERE settings."key" = ?
 LIMIT ? OFFSET ? (base.py:1846)
2025-07-17 18:54:51,985 - MainProcess - MainThread - INFO - sqlalchemy.engine.Engine - [cached since 0.003661s ago] ('serial_baudrate', 1, 0) (base.py:1846)
2025-07-17 18:54:51,986 - MainProcess - MainThread - INFO - sqlalchemy.engine.Engine - SELECT settings.id AS settings_id, settings."key" AS settings_key, settings.value AS settings_value 
FROM settings 
WHERE settings."key" = ?
 LIMIT ? OFFSET ? (base.py:1846)
2025-07-17 18:54:51,987 - MainProcess - MainThread - INFO - sqlalchemy.engine.Engine - [cached since 0.005159s ago] ('scan_timeout', 1, 0) (base.py:1846)
2025-07-17 18:54:51,987 - MainProcess - MainThread - INFO - sqlalchemy.engine.Engine - SELECT settings.id AS settings_id, settings."key" AS settings_key, settings.value AS settings_value 
FROM settings 
WHERE settings."key" = ?
 LIMIT ? OFFSET ? (base.py:1846)
2025-07-17 18:54:51,988 - MainProcess - MainThread - INFO - sqlalchemy.engine.Engine - [cached since 0.006253s ago] ('shelly_ip', 1, 0) (base.py:1846)
2025-07-17 18:54:51,988 - MainProcess - MainThread - INFO - sqlalchemy.engine.Engine - SELECT settings.id AS settings_id, settings."key" AS settings_key, settings.value AS settings_value 
FROM settings 
WHERE settings."key" = ?
 LIMIT ? OFFSET ? (base.py:1846)
2025-07-17 18:54:51,989 - MainProcess - MainThread - INFO - sqlalchemy.engine.Engine - [cached since 0.007455s ago] ('pulse_duration', 1, 0) (base.py:1846)
2025-07-17 18:54:51,990 - MainProcess - MainThread - INFO - sqlalchemy.engine.Engine - SELECT settings.id AS settings_id, settings."key" AS settings_key, settings.value AS settings_value 
FROM settings 
WHERE settings."key" = ?
 LIMIT ? OFFSET ? (base.py:1846)
2025-07-17 18:54:51,990 - MainProcess - MainThread - INFO - sqlalchemy.engine.Engine - [cached since 0.00831s ago] ('relay_mode', 1, 0) (base.py:1846)
2025-07-17 18:54:51,990 - MainProcess - MainThread - WARNING - controllers.qr_scanner - Serial scanner not available: could not open port '/dev/ttyUSB0': FileNotFoundError(2, 'The system cannot find the path specified.', None, 3) (qr_scanner.py:39)
2025-07-17 18:54:52,036 - MainProcess - MainThread - INFO - sqlalchemy.engine.Engine - BEGIN (implicit) (base.py:2701)
2025-07-17 18:54:52,037 - MainProcess - MainThread - INFO - sqlalchemy.engine.Engine - PRAGMA main.table_info("codes") (base.py:1846)
2025-07-17 18:54:52,037 - MainProcess - MainThread - INFO - sqlalchemy.engine.Engine - [raw sql] () (base.py:1846)
2025-07-17 18:54:52,038 - MainProcess - MainThread - INFO - sqlalchemy.engine.Engine - PRAGMA temp.table_info("codes") (base.py:1846)
2025-07-17 18:54:52,039 - MainProcess - MainThread - INFO - sqlalchemy.engine.Engine - [raw sql] () (base.py:1846)
2025-07-17 18:54:52,039 - MainProcess - MainThread - INFO - sqlalchemy.engine.Engine - PRAGMA main.table_info("scan_logs") (base.py:1846)
2025-07-17 18:54:52,039 - MainProcess - MainThread - INFO - sqlalchemy.engine.Engine - [raw sql] () (base.py:1846)
2025-07-17 18:54:52,039 - MainProcess - MainThread - INFO - sqlalchemy.engine.Engine - PRAGMA temp.table_info("scan_logs") (base.py:1846)
2025-07-17 18:54:52,040 - MainProcess - MainThread - INFO - sqlalchemy.engine.Engine - [raw sql] () (base.py:1846)
2025-07-17 18:54:52,040 - MainProcess - MainThread - INFO - sqlalchemy.engine.Engine - PRAGMA main.table_info("settings") (base.py:1846)
2025-07-17 18:54:52,040 - MainProcess - MainThread - INFO - sqlalchemy.engine.Engine - [raw sql] () (base.py:1846)
2025-07-17 18:54:52,040 - MainProcess - MainThread - INFO - sqlalchemy.engine.Engine - 
CREATE TABLE codes (
	code VARCHAR NOT NULL, 
	order_id VARCHAR, 
	usage_limit INTEGER, 
	current_usage INTEGER, 
	expiration_date DATETIME, 
	created_at DATETIME, 
	PRIMARY KEY (code)
)

 (base.py:1846)
2025-07-17 18:54:52,041 - MainProcess - MainThread - INFO - sqlalchemy.engine.Engine - [no key 0.00052s] () (base.py:1846)
2025-07-17 18:54:52,046 - MainProcess - MainThread - INFO - sqlalchemy.engine.Engine - 
CREATE TABLE scan_logs (
	id INTEGER NOT NULL, 
	code VARCHAR, 
	order_id VARCHAR, 
	timestamp DATETIME, 
	result VARCHAR, 
	details VARCHAR, 
	PRIMARY KEY (id)
)

 (base.py:1846)
2025-07-17 18:54:52,046 - MainProcess - MainThread - INFO - sqlalchemy.engine.Engine - [no key 0.00075s] () (base.py:1846)
2025-07-17 18:54:52,051 - MainProcess - MainThread - INFO - sqlalchemy.engine.Engine - COMMIT (base.py:2707)
2025-07-17 18:54:52,051 - MainProcess - MainThread - INFO - __main__ - Database initialized (app.py:49)
2025-07-17 18:54:52,052 - MainProcess - MainThread - INFO - __main__ - Flask server started (app.py:53)
2025-07-17 18:54:52,052 - MainProcess - MainThread - INFO - __main__ - Cleanup scheduler started (app.py:57)
2025-07-17 18:54:57,055 - MainProcess - Thread-2 (cleanup_scheduler) - INFO - sqlalchemy.engine.Engine - SELECT codes.code AS codes_code, codes.order_id AS codes_order_id, codes.usage_limit AS codes_usage_limit, codes.current_usage AS codes_current_usage, codes.expiration_date AS codes_expiration_date, codes.created_at AS codes_created_at 
FROM codes 
WHERE codes.expiration_date IS NOT NULL AND codes.expiration_date <= ? (base.py:1846)
2025-07-17 18:54:57,055 - MainProcess - Thread-2 (cleanup_scheduler) - INFO - sqlalchemy.engine.Engine - [generated in 0.00086s] ('2025-07-17 18:54:57.053179',) (base.py:1846)
2025-07-17 18:54:57,057 - MainProcess - Thread-2 (cleanup_scheduler) - INFO - controllers.code_cleanup - No expired codes to clean up. (code_cleanup.py:33)
2025-07-17 18:57:23,258 - MainProcess - MainThread - INFO - __main__ - Exiting program. Cleaning up GPIO... (app.py:64)
2025-07-17 18:57:25,547 - MainProcess - MainThread - INFO - sqlalchemy.engine.Engine - BEGIN (implicit) (base.py:2701)
2025-07-17 18:57:25,548 - MainProcess - MainThread - INFO - sqlalchemy.engine.Engine - COMMIT (base.py:2707)
2025-07-17 18:57:26,066 - MainProcess - MainThread - INFO - __main__ - ===== APP STARTED ===== (app.py:25)
2025-07-17 18:57:26,389 - MainProcess - MainThread - INFO - sqlalchemy.engine.Engine - BEGIN (implicit) (base.py:2701)
2025-07-17 18:57:26,393 - MainProcess - MainThread - INFO - sqlalchemy.engine.Engine - SELECT settings.id AS settings_id, settings."key" AS settings_key, settings.value AS settings_value 
FROM settings 
WHERE settings."key" = ?
 LIMIT ? OFFSET ? (base.py:1846)
2025-07-17 18:57:26,394 - MainProcess - MainThread - INFO - sqlalchemy.engine.Engine - [generated in 0.00080s] ('serial_port', 1, 0) (base.py:1846)
2025-07-17 18:57:26,395 - MainProcess - MainThread - INFO - sqlalchemy.engine.Engine - SELECT settings.id AS settings_id, settings."key" AS settings_key, settings.value AS settings_value 
FROM settings 
WHERE settings."key" = ?
 LIMIT ? OFFSET ? (base.py:1846)
2025-07-17 18:57:26,396 - MainProcess - MainThread - INFO - sqlalchemy.engine.Engine - [cached since 0.003126s ago] ('serial_baudrate', 1, 0) (base.py:1846)
2025-07-17 18:57:26,397 - MainProcess - MainThread - INFO - sqlalchemy.engine.Engine - SELECT settings.id AS settings_id, settings."key" AS settings_key, settings.value AS settings_value 
FROM settings 
WHERE settings."key" = ?
 LIMIT ? OFFSET ? (base.py:1846)
2025-07-17 18:57:26,398 - MainProcess - MainThread - INFO - sqlalchemy.engine.Engine - [cached since 0.004853s ago] ('scan_timeout', 1, 0) (base.py:1846)
2025-07-17 18:57:26,398 - MainProcess - MainThread - INFO - sqlalchemy.engine.Engine - SELECT settings.id AS settings_id, settings."key" AS settings_key, settings.value AS settings_value 
FROM settings 
WHERE settings."key" = ?
 LIMIT ? OFFSET ? (base.py:1846)
2025-07-17 18:57:26,399 - MainProcess - MainThread - INFO - sqlalchemy.engine.Engine - [cached since 0.006215s ago] ('shelly_ip', 1, 0) (base.py:1846)
2025-07-17 18:57:26,400 - MainProcess - MainThread - INFO - sqlalchemy.engine.Engine - SELECT settings.id AS settings_id, settings."key" AS settings_key, settings.value AS settings_value 
FROM settings 
WHERE settings."key" = ?
 LIMIT ? OFFSET ? (base.py:1846)
2025-07-17 18:57:26,400 - MainProcess - MainThread - INFO - sqlalchemy.engine.Engine - [cached since 0.00729s ago] ('pulse_duration', 1, 0) (base.py:1846)
2025-07-17 18:57:26,401 - MainProcess - MainThread - INFO - sqlalchemy.engine.Engine - SELECT settings.id AS settings_id, settings."key" AS settings_key, settings.value AS settings_value 
FROM settings 
WHERE settings."key" = ?
 LIMIT ? OFFSET ? (base.py:1846)
2025-07-17 18:57:26,401 - MainProcess - MainThread - INFO - sqlalchemy.engine.Engine - [cached since 0.008416s ago] ('relay_mode', 1, 0) (base.py:1846)
2025-07-17 18:57:26,402 - MainProcess - MainThread - WARNING - controllers.qr_scanner - Serial scanner not available: could not open port '/dev/ttyUSB0': FileNotFoundError(2, 'The system cannot find the path specified.', None, 3) (qr_scanner.py:39)
2025-07-17 18:57:26,404 - MainProcess - MainThread - INFO - sqlalchemy.engine.Engine - BEGIN (implicit) (base.py:2701)
2025-07-17 18:57:26,404 - MainProcess - MainThread - INFO - sqlalchemy.engine.Engine - PRAGMA main.table_info("codes") (base.py:1846)
2025-07-17 18:57:26,405 - MainProcess - MainThread - INFO - sqlalchemy.engine.Engine - [raw sql] () (base.py:1846)
2025-07-17 18:57:26,405 - MainProcess - MainThread - INFO - sqlalchemy.engine.Engine - PRAGMA main.table_info("scan_logs") (base.py:1846)
2025-07-17 18:57:26,406 - MainProcess - MainThread - INFO - sqlalchemy.engine.Engine - [raw sql] () (base.py:1846)
2025-07-17 18:57:26,406 - MainProcess - MainThread - INFO - sqlalchemy.engine.Engine - PRAGMA main.table_info("settings") (base.py:1846)
2025-07-17 18:57:26,407 - MainProcess - MainThread - INFO - sqlalchemy.engine.Engine - [raw sql] () (base.py:1846)
2025-07-17 18:57:26,407 - MainProcess - MainThread - INFO - sqlalchemy.engine.Engine - COMMIT (base.py:2707)
2025-07-17 18:57:26,407 - MainProcess - MainThread - INFO - __main__ - Database initialized (app.py:49)
2025-07-17 18:57:26,425 - MainProcess - MainThread - INFO - __main__ - Flask server started (app.py:53)
2025-07-17 18:57:26,426 - MainProcess - MainThread - INFO - __main__ - Cleanup scheduler started (app.py:57)
2025-07-17 18:57:31,428 - MainProcess - Thread-2 (cleanup_scheduler) - INFO - sqlalchemy.engine.Engine - SELECT codes.code AS codes_code, codes.order_id AS codes_order_id, codes.usage_limit AS codes_usage_limit, codes.current_usage AS codes_current_usage, codes.expiration_date AS codes_expiration_date, codes.created_at AS codes_created_at 
FROM codes 
WHERE codes.expiration_date IS NOT NULL AND codes.expiration_date <= ? (base.py:1846)
2025-07-17 18:57:31,428 - MainProcess - Thread-2 (cleanup_scheduler) - INFO - sqlalchemy.engine.Engine - [generated in 0.00052s] ('2025-07-17 18:57:31.427301',) (base.py:1846)
2025-07-17 18:57:31,429 - MainProcess - Thread-2 (cleanup_scheduler) - INFO - controllers.code_cleanup - No expired codes to clean up. (code_cleanup.py:33)
2025-07-17 19:02:24,834 - MainProcess - MainThread - INFO - __main__ - Exiting program. Cleaning up GPIO... (app.py:64)
2025-07-17 19:02:29,581 - MainProcess - MainThread - INFO - sqlalchemy.engine.Engine - BEGIN (implicit) (base.py:2701)
2025-07-17 19:02:29,582 - MainProcess - MainThread - INFO - sqlalchemy.engine.Engine - COMMIT (base.py:2707)
2025-07-17 19:02:30,104 - MainProcess - MainThread - INFO - __main__ - ===== APP STARTED ===== (app.py:25)
2025-07-17 19:02:30,432 - MainProcess - MainThread - INFO - sqlalchemy.engine.Engine - BEGIN (implicit) (base.py:2701)
2025-07-17 19:02:30,434 - MainProcess - MainThread - INFO - sqlalchemy.engine.Engine - SELECT settings.id AS settings_id, settings."key" AS settings_key, settings.value AS settings_value 
FROM settings 
WHERE settings."key" = ?
 LIMIT ? OFFSET ? (base.py:1846)
2025-07-17 19:02:30,435 - MainProcess - MainThread - INFO - sqlalchemy.engine.Engine - [generated in 0.00061s] ('serial_port', 1, 0) (base.py:1846)
2025-07-17 19:02:30,436 - MainProcess - MainThread - INFO - sqlalchemy.engine.Engine - SELECT settings.id AS settings_id, settings."key" AS settings_key, settings.value AS settings_value 
FROM settings 
WHERE settings."key" = ?
 LIMIT ? OFFSET ? (base.py:1846)
2025-07-17 19:02:30,437 - MainProcess - MainThread - INFO - sqlalchemy.engine.Engine - [cached since 0.002438s ago] ('serial_baudrate', 1, 0) (base.py:1846)
2025-07-17 19:02:30,438 - MainProcess - MainThread - INFO - sqlalchemy.engine.Engine - SELECT settings.id AS settings_id, settings."key" AS settings_key, settings.value AS settings_value 
FROM settings 
WHERE settings."key" = ?
 LIMIT ? OFFSET ? (base.py:1846)
2025-07-17 19:02:30,438 - MainProcess - MainThread - INFO - sqlalchemy.engine.Engine - [cached since 0.003879s ago] ('scan_timeout', 1, 0) (base.py:1846)
2025-07-17 19:02:30,440 - MainProcess - MainThread - INFO - sqlalchemy.engine.Engine - SELECT settings.id AS settings_id, settings."key" AS settings_key, settings.value AS settings_value 
FROM settings 
WHERE settings."key" = ?
 LIMIT ? OFFSET ? (base.py:1846)
2025-07-17 19:02:30,440 - MainProcess - MainThread - INFO - sqlalchemy.engine.Engine - [cached since 0.005791s ago] ('shelly_ip', 1, 0) (base.py:1846)
2025-07-17 19:02:30,441 - MainProcess - MainThread - INFO - sqlalchemy.engine.Engine - SELECT settings.id AS settings_id, settings."key" AS settings_key, settings.value AS settings_value 
FROM settings 
WHERE settings."key" = ?
 LIMIT ? OFFSET ? (base.py:1846)
2025-07-17 19:02:30,441 - MainProcess - MainThread - INFO - sqlalchemy.engine.Engine - [cached since 0.007019s ago] ('pulse_duration', 1, 0) (base.py:1846)
2025-07-17 19:02:30,443 - MainProcess - MainThread - INFO - sqlalchemy.engine.Engine - SELECT settings.id AS settings_id, settings."key" AS settings_key, settings.value AS settings_value 
FROM settings 
WHERE settings."key" = ?
 LIMIT ? OFFSET ? (base.py:1846)
2025-07-17 19:02:30,443 - MainProcess - MainThread - INFO - sqlalchemy.engine.Engine - [cached since 0.008729s ago] ('relay_mode', 1, 0) (base.py:1846)
2025-07-17 19:02:30,444 - MainProcess - MainThread - WARNING - controllers.qr_scanner - Serial scanner not available: could not open port '/dev/ttyUSB0': FileNotFoundError(2, 'The system cannot find the path specified.', None, 3) (qr_scanner.py:39)
2025-07-17 19:02:30,446 - MainProcess - MainThread - INFO - sqlalchemy.engine.Engine - BEGIN (implicit) (base.py:2701)
2025-07-17 19:02:30,446 - MainProcess - MainThread - INFO - sqlalchemy.engine.Engine - PRAGMA main.table_info("codes") (base.py:1846)
2025-07-17 19:02:30,446 - MainProcess - MainThread - INFO - sqlalchemy.engine.Engine - [raw sql] () (base.py:1846)
2025-07-17 19:02:30,447 - MainProcess - MainThread - INFO - sqlalchemy.engine.Engine - PRAGMA main.table_info("scan_logs") (base.py:1846)
2025-07-17 19:02:30,447 - MainProcess - MainThread - INFO - sqlalchemy.engine.Engine - [raw sql] () (base.py:1846)
2025-07-17 19:02:30,448 - MainProcess - MainThread - INFO - sqlalchemy.engine.Engine - PRAGMA main.table_info("settings") (base.py:1846)
2025-07-17 19:02:30,448 - MainProcess - MainThread - INFO - sqlalchemy.engine.Engine - [raw sql] () (base.py:1846)
2025-07-17 19:02:30,449 - MainProcess - MainThread - INFO - sqlalchemy.engine.Engine - COMMIT (base.py:2707)
2025-07-17 19:02:30,449 - MainProcess - MainThread - INFO - __main__ - Database initialized (app.py:49)
2025-07-17 19:02:30,449 - MainProcess - MainThread - INFO - __main__ - Flask server started (app.py:53)
2025-07-17 19:02:30,450 - MainProcess - MainThread - INFO - __main__ - Cleanup scheduler started (app.py:57)
2025-07-17 19:02:30,690 - MainProcess - Thread-1 (start_flask) - INFO - sqlalchemy.engine.Engine - SELECT settings.id AS settings_id, settings."key" AS settings_key, settings.value AS settings_value 
FROM settings 
WHERE settings."key" = ?
 LIMIT ? OFFSET ? (base.py:1846)
2025-07-17 19:02:30,691 - MainProcess - Thread-1 (start_flask) - INFO - sqlalchemy.engine.Engine - [cached since 0.2566s ago] ('cors_allowed_origins', 1, 0) (base.py:1846)
2025-07-17 19:02:30,799 - MainProcess - Thread-1 (start_flask) - INFO - werkzeug - [31m[1mWARNING: This is a development server. Do not use it in a production deployment. Use a production WSGI server instead.[0m
 * Running on all addresses (0.0.0.0)
 * Running on http://127.0.0.1:5000
 * Running on http://172.25.200.60:5000 (_internal.py:97)
2025-07-17 19:02:30,799 - MainProcess - Thread-1 (start_flask) - INFO - werkzeug - [33mPress CTRL+C to quit[0m (_internal.py:97)
2025-07-17 19:02:35,452 - MainProcess - Thread-2 (cleanup_scheduler) - INFO - sqlalchemy.engine.Engine - SELECT codes.code AS codes_code, codes.order_id AS codes_order_id, codes.usage_limit AS codes_usage_limit, codes.current_usage AS codes_current_usage, codes.expiration_date AS codes_expiration_date, codes.created_at AS codes_created_at 
FROM codes 
WHERE codes.expiration_date IS NOT NULL AND codes.expiration_date <= ? (base.py:1846)
2025-07-17 19:02:35,453 - MainProcess - Thread-2 (cleanup_scheduler) - INFO - sqlalchemy.engine.Engine - [generated in 0.00077s] ('2025-07-17 19:02:35.450725',) (base.py:1846)
2025-07-17 19:02:35,454 - MainProcess - Thread-2 (cleanup_scheduler) - INFO - controllers.code_cleanup - No expired codes to clean up. (code_cleanup.py:33)
2025-07-17 19:27:30,615 - MainProcess - MainThread - INFO - sqlalchemy.engine.Engine - SELECT codes.code AS codes_code, codes.order_id AS codes_order_id, codes.usage_limit AS codes_usage_limit, codes.current_usage AS codes_current_usage, codes.expiration_date AS codes_expiration_date, codes.created_at AS codes_created_at 
FROM codes 
WHERE codes.code = ?
 LIMIT ? OFFSET ? (base.py:1846)
2025-07-17 19:27:30,618 - MainProcess - MainThread - INFO - sqlalchemy.engine.Engine - [generated in 0.00312s] ('einar', 1, 0) (base.py:1846)
2025-07-17 19:27:30,619 - MainProcess - MainThread - WARNING - controllers.qr_scanner - Invalid code (qr_scanner.py:112)
2025-07-17 19:27:30,620 - MainProcess - MainThread - INFO - sqlalchemy.engine.Engine - SELECT codes.code AS codes_code, codes.order_id AS codes_order_id, codes.usage_limit AS codes_usage_limit, codes.current_usage AS codes_current_usage, codes.expiration_date AS codes_expiration_date, codes.created_at AS codes_created_at 
FROM codes 
WHERE codes.code = ?
 LIMIT ? OFFSET ? (base.py:1846)
2025-07-17 19:27:30,621 - MainProcess - MainThread - INFO - sqlalchemy.engine.Engine - [cached since 0.00688s ago] ('einar', 1, 0) (base.py:1846)
2025-07-17 19:27:30,625 - MainProcess - MainThread - INFO - sqlalchemy.engine.Engine - INSERT INTO scan_logs (code, order_id, timestamp, result, details) VALUES (?, ?, ?, ?, ?) (base.py:1846)
2025-07-17 19:27:30,625 - MainProcess - MainThread - INFO - sqlalchemy.engine.Engine - [generated in 0.00047s] ('einar', None, '2025-07-17 19:27:30.623234', 'invalid', 'Invalid code') (base.py:1846)
2025-07-17 19:27:30,646 - MainProcess - MainThread - INFO - sqlalchemy.engine.Engine - COMMIT (base.py:2707)
2025-07-17 19:27:42,802 - MainProcess - MainThread - INFO - sqlalchemy.engine.Engine - BEGIN (implicit) (base.py:2701)
2025-07-17 19:27:42,803 - MainProcess - MainThread - INFO - sqlalchemy.engine.Engine - SELECT codes.code AS codes_code, codes.order_id AS codes_order_id, codes.usage_limit AS codes_usage_limit, codes.current_usage AS codes_current_usage, codes.expiration_date AS codes_expiration_date, codes.created_at AS codes_created_at 
FROM codes 
WHERE codes.code = ?
 LIMIT ? OFFSET ? (base.py:1846)
2025-07-17 19:27:42,803 - MainProcess - MainThread - INFO - sqlalchemy.engine.Engine - [cached since 12.19s ago] ('eiabsdf', 1, 0) (base.py:1846)
2025-07-17 19:27:42,805 - MainProcess - MainThread - WARNING - controllers.qr_scanner - Invalid code (qr_scanner.py:112)
2025-07-17 19:27:42,805 - MainProcess - MainThread - INFO - sqlalchemy.engine.Engine - SELECT codes.code AS codes_code, codes.order_id AS codes_order_id, codes.usage_limit AS codes_usage_limit, codes.current_usage AS codes_current_usage, codes.expiration_date AS codes_expiration_date, codes.created_at AS codes_created_at 
FROM codes 
WHERE codes.code = ?
 LIMIT ? OFFSET ? (base.py:1846)
2025-07-17 19:27:42,806 - MainProcess - MainThread - INFO - sqlalchemy.engine.Engine - [cached since 12.19s ago] ('eiabsdf', 1, 0) (base.py:1846)
2025-07-17 19:27:42,807 - MainProcess - MainThread - INFO - sqlalchemy.engine.Engine - INSERT INTO scan_logs (code, order_id, timestamp, result, details) VALUES (?, ?, ?, ?, ?) (base.py:1846)
2025-07-17 19:27:42,807 - MainProcess - MainThread - INFO - sqlalchemy.engine.Engine - [cached since 12.18s ago] ('eiabsdf', None, '2025-07-17 19:27:42.806926', 'invalid', 'Invalid code') (base.py:1846)
2025-07-17 19:27:42,810 - MainProcess - MainThread - INFO - sqlalchemy.engine.Engine - COMMIT (base.py:2707)
2025-07-17 19:44:55,318 - MainProcess - MainThread - INFO - __main__ - Exiting program. Cleaning up GPIO... (app.py:64)
2025-07-17 19:45:05,672 - MainProcess - MainThread - INFO - sqlalchemy.engine.Engine - BEGIN (implicit) (base.py:2701)
2025-07-17 19:45:05,673 - MainProcess - MainThread - INFO - sqlalchemy.engine.Engine - COMMIT (base.py:2707)
2025-07-17 19:45:06,222 - MainProcess - MainThread - INFO - __main__ - ===== APP STARTED ===== (app.py:25)
2025-07-17 19:45:06,821 - MainProcess - MainThread - INFO - sqlalchemy.engine.Engine - BEGIN (implicit) (base.py:2701)
2025-07-17 19:45:06,824 - MainProcess - MainThread - INFO - sqlalchemy.engine.Engine - SELECT settings.id AS settings_id, settings."key" AS settings_key, settings.value AS settings_value 
FROM settings 
WHERE settings."key" = ?
 LIMIT ? OFFSET ? (base.py:1846)
2025-07-17 19:45:06,824 - MainProcess - MainThread - INFO - sqlalchemy.engine.Engine - [generated in 0.00064s] ('serial_port', 1, 0) (base.py:1846)
2025-07-17 19:45:06,825 - MainProcess - MainThread - INFO - sqlalchemy.engine.Engine - SELECT settings.id AS settings_id, settings."key" AS settings_key, settings.value AS settings_value 
FROM settings 
WHERE settings."key" = ?
 LIMIT ? OFFSET ? (base.py:1846)
2025-07-17 19:45:06,826 - MainProcess - MainThread - INFO - sqlalchemy.engine.Engine - [cached since 0.002057s ago] ('serial_baudrate', 1, 0) (base.py:1846)
2025-07-17 19:45:06,826 - MainProcess - MainThread - INFO - sqlalchemy.engine.Engine - SELECT settings.id AS settings_id, settings."key" AS settings_key, settings.value AS settings_value 
FROM settings 
WHERE settings."key" = ?
 LIMIT ? OFFSET ? (base.py:1846)
2025-07-17 19:45:06,826 - MainProcess - MainThread - INFO - sqlalchemy.engine.Engine - [cached since 0.0029s ago] ('scan_timeout', 1, 0) (base.py:1846)
2025-07-17 19:45:06,827 - MainProcess - MainThread - INFO - sqlalchemy.engine.Engine - SELECT settings.id AS settings_id, settings."key" AS settings_key, settings.value AS settings_value 
FROM settings 
WHERE settings."key" = ?
 LIMIT ? OFFSET ? (base.py:1846)
2025-07-17 19:45:06,827 - MainProcess - MainThread - INFO - sqlalchemy.engine.Engine - [cached since 0.003618s ago] ('shelly_ip', 1, 0) (base.py:1846)
2025-07-17 19:45:06,828 - MainProcess - MainThread - INFO - sqlalchemy.engine.Engine - SELECT settings.id AS settings_id, settings."key" AS settings_key, settings.value AS settings_value 
FROM settings 
WHERE settings."key" = ?
 LIMIT ? OFFSET ? (base.py:1846)
2025-07-17 19:45:06,828 - MainProcess - MainThread - INFO - sqlalchemy.engine.Engine - [cached since 0.004576s ago] ('pulse_duration', 1, 0) (base.py:1846)
2025-07-17 19:45:06,829 - MainProcess - MainThread - INFO - sqlalchemy.engine.Engine - SELECT settings.id AS settings_id, settings."key" AS settings_key, settings.value AS settings_value 
FROM settings 
WHERE settings."key" = ?
 LIMIT ? OFFSET ? (base.py:1846)
2025-07-17 19:45:06,829 - MainProcess - MainThread - INFO - sqlalchemy.engine.Engine - [cached since 0.005374s ago] ('relay_mode', 1, 0) (base.py:1846)
2025-07-17 19:45:06,830 - MainProcess - MainThread - WARNING - controllers.qr_scanner - Serial scanner not available: could not open port '/dev/ttyUSB0': FileNotFoundError(2, 'The system cannot find the path specified.', None, 3) (qr_scanner.py:39)
2025-07-17 19:45:06,831 - MainProcess - MainThread - INFO - sqlalchemy.engine.Engine - BEGIN (implicit) (base.py:2701)
2025-07-17 19:45:06,832 - MainProcess - MainThread - INFO - sqlalchemy.engine.Engine - PRAGMA main.table_info("codes") (base.py:1846)
2025-07-17 19:45:06,832 - MainProcess - MainThread - INFO - sqlalchemy.engine.Engine - [raw sql] () (base.py:1846)
2025-07-17 19:45:06,832 - MainProcess - MainThread - INFO - sqlalchemy.engine.Engine - PRAGMA main.table_info("scan_logs") (base.py:1846)
2025-07-17 19:45:06,833 - MainProcess - MainThread - INFO - sqlalchemy.engine.Engine - [raw sql] () (base.py:1846)
2025-07-17 19:45:06,833 - MainProcess - MainThread - INFO - sqlalchemy.engine.Engine - PRAGMA main.table_info("settings") (base.py:1846)
2025-07-17 19:45:06,834 - MainProcess - MainThread - INFO - sqlalchemy.engine.Engine - [raw sql] () (base.py:1846)
2025-07-17 19:45:06,834 - MainProcess - MainThread - INFO - sqlalchemy.engine.Engine - COMMIT (base.py:2707)
2025-07-17 19:45:06,835 - MainProcess - MainThread - INFO - __main__ - Database initialized (app.py:49)
2025-07-17 19:45:06,835 - MainProcess - MainThread - INFO - __main__ - Flask server started (app.py:53)
2025-07-17 19:45:06,835 - MainProcess - MainThread - INFO - __main__ - Cleanup scheduler started (app.py:57)
2025-07-17 19:45:07,010 - MainProcess - Thread-1 (start_flask) - INFO - sqlalchemy.engine.Engine - SELECT settings.id AS settings_id, settings."key" AS settings_key, settings.value AS settings_value 
FROM settings 
WHERE settings."key" = ?
 LIMIT ? OFFSET ? (base.py:1846)
2025-07-17 19:45:07,011 - MainProcess - Thread-1 (start_flask) - INFO - sqlalchemy.engine.Engine - [cached since 0.1873s ago] ('cors_allowed_origins', 1, 0) (base.py:1846)
2025-07-17 19:45:07,129 - MainProcess - Thread-1 (start_flask) - INFO - werkzeug - [31m[1mWARNING: This is a development server. Do not use it in a production deployment. Use a production WSGI server instead.[0m
 * Running on all addresses (0.0.0.0)
 * Running on http://127.0.0.1:5000
 * Running on http://172.25.200.60:5000 (_internal.py:97)
2025-07-17 19:45:07,129 - MainProcess - Thread-1 (start_flask) - INFO - werkzeug - [33mPress CTRL+C to quit[0m (_internal.py:97)
2025-07-17 19:45:11,838 - MainProcess - Thread-2 (cleanup_scheduler) - INFO - sqlalchemy.engine.Engine - SELECT codes.code AS codes_code, codes.order_id AS codes_order_id, codes.usage_limit AS codes_usage_limit, codes.current_usage AS codes_current_usage, codes.expiration_date AS codes_expiration_date, codes.created_at AS codes_created_at 
FROM codes 
WHERE codes.expiration_date IS NOT NULL AND codes.expiration_date <= ? (base.py:1846)
2025-07-17 19:45:11,839 - MainProcess - Thread-2 (cleanup_scheduler) - INFO - sqlalchemy.engine.Engine - [generated in 0.00098s] ('2025-07-17 19:45:11.836475',) (base.py:1846)
2025-07-17 19:45:11,840 - MainProcess - Thread-2 (cleanup_scheduler) - INFO - controllers.code_cleanup - No expired codes to clean up. (code_cleanup.py:33)
2025-07-17 20:23:38,509 - MainProcess - MainThread - INFO - __main__ - Exiting program. Cleaning up GPIO... (app.py:64)
2025-07-17 20:23:42,060 - MainProcess - MainThread - INFO - sqlalchemy.engine.Engine - BEGIN (implicit) (base.py:2701)
2025-07-17 20:23:42,061 - MainProcess - MainThread - INFO - sqlalchemy.engine.Engine - COMMIT (base.py:2707)
2025-07-17 20:23:42,579 - MainProcess - MainThread - INFO - __main__ - ===== APP STARTED ===== (app.py:25)
2025-07-17 20:23:42,914 - MainProcess - MainThread - INFO - sqlalchemy.engine.Engine - BEGIN (implicit) (base.py:2701)
2025-07-17 20:23:42,917 - MainProcess - MainThread - INFO - sqlalchemy.engine.Engine - SELECT settings.id AS settings_id, settings."key" AS settings_key, settings.value AS settings_value 
FROM settings 
WHERE settings."key" = ?
 LIMIT ? OFFSET ? (base.py:1846)
2025-07-17 20:23:42,917 - MainProcess - MainThread - INFO - sqlalchemy.engine.Engine - [generated in 0.00055s] ('serial_port', 1, 0) (base.py:1846)
2025-07-17 20:23:42,919 - MainProcess - MainThread - INFO - sqlalchemy.engine.Engine - SELECT settings.id AS settings_id, settings."key" AS settings_key, settings.value AS settings_value 
FROM settings 
WHERE settings."key" = ?
 LIMIT ? OFFSET ? (base.py:1846)
2025-07-17 20:23:42,919 - MainProcess - MainThread - INFO - sqlalchemy.engine.Engine - [cached since 0.002896s ago] ('serial_baudrate', 1, 0) (base.py:1846)
2025-07-17 20:23:42,921 - MainProcess - MainThread - INFO - sqlalchemy.engine.Engine - SELECT settings.id AS settings_id, settings."key" AS settings_key, settings.value AS settings_value 
FROM settings 
WHERE settings."key" = ?
 LIMIT ? OFFSET ? (base.py:1846)
2025-07-17 20:23:42,921 - MainProcess - MainThread - INFO - sqlalchemy.engine.Engine - [cached since 0.004886s ago] ('scan_timeout', 1, 0) (base.py:1846)
2025-07-17 20:23:42,922 - MainProcess - MainThread - INFO - sqlalchemy.engine.Engine - SELECT settings.id AS settings_id, settings."key" AS settings_key, settings.value AS settings_value 
FROM settings 
WHERE settings."key" = ?
 LIMIT ? OFFSET ? (base.py:1846)
2025-07-17 20:23:42,923 - MainProcess - MainThread - INFO - sqlalchemy.engine.Engine - [cached since 0.006332s ago] ('shelly_ip', 1, 0) (base.py:1846)
2025-07-17 20:23:42,923 - MainProcess - MainThread - INFO - sqlalchemy.engine.Engine - SELECT settings.id AS settings_id, settings."key" AS settings_key, settings.value AS settings_value 
FROM settings 
WHERE settings."key" = ?
 LIMIT ? OFFSET ? (base.py:1846)
2025-07-17 20:23:42,924 - MainProcess - MainThread - INFO - sqlalchemy.engine.Engine - [cached since 0.007421s ago] ('pulse_duration', 1, 0) (base.py:1846)
2025-07-17 20:23:42,925 - MainProcess - MainThread - INFO - sqlalchemy.engine.Engine - SELECT settings.id AS settings_id, settings."key" AS settings_key, settings.value AS settings_value 
FROM settings 
WHERE settings."key" = ?
 LIMIT ? OFFSET ? (base.py:1846)
2025-07-17 20:23:42,925 - MainProcess - MainThread - INFO - sqlalchemy.engine.Engine - [cached since 0.008528s ago] ('relay_mode', 1, 0) (base.py:1846)
2025-07-17 20:23:42,925 - MainProcess - MainThread - WARNING - controllers.qr_scanner - Serial scanner not available: could not open port '/dev/ttyUSB0': FileNotFoundError(2, 'The system cannot find the path specified.', None, 3) (qr_scanner.py:39)
2025-07-17 20:23:42,927 - MainProcess - MainThread - INFO - sqlalchemy.engine.Engine - BEGIN (implicit) (base.py:2701)
2025-07-17 20:23:42,927 - MainProcess - MainThread - INFO - sqlalchemy.engine.Engine - PRAGMA main.table_info("codes") (base.py:1846)
2025-07-17 20:23:42,927 - MainProcess - MainThread - INFO - sqlalchemy.engine.Engine - [raw sql] () (base.py:1846)
2025-07-17 20:23:42,928 - MainProcess - MainThread - INFO - sqlalchemy.engine.Engine - PRAGMA main.table_info("scan_logs") (base.py:1846)
2025-07-17 20:23:42,928 - MainProcess - MainThread - INFO - sqlalchemy.engine.Engine - [raw sql] () (base.py:1846)
2025-07-17 20:23:42,929 - MainProcess - MainThread - INFO - sqlalchemy.engine.Engine - PRAGMA main.table_info("settings") (base.py:1846)
2025-07-17 20:23:42,929 - MainProcess - MainThread - INFO - sqlalchemy.engine.Engine - [raw sql] () (base.py:1846)
2025-07-17 20:23:42,929 - MainProcess - MainThread - INFO - sqlalchemy.engine.Engine - COMMIT (base.py:2707)
2025-07-17 20:23:42,930 - MainProcess - MainThread - INFO - __main__ - Database initialized (app.py:49)
2025-07-17 20:23:42,930 - MainProcess - MainThread - INFO - __main__ - Flask server started (app.py:53)
2025-07-17 20:23:42,930 - MainProcess - MainThread - INFO - __main__ - Cleanup scheduler started (app.py:57)
2025-07-17 20:23:43,059 - MainProcess - Thread-1 (start_flask) - INFO - sqlalchemy.engine.Engine - SELECT settings.id AS settings_id, settings."key" AS settings_key, settings.value AS settings_value 
FROM settings 
WHERE settings."key" = ?
 LIMIT ? OFFSET ? (base.py:1846)
2025-07-17 20:23:43,060 - MainProcess - Thread-1 (start_flask) - INFO - sqlalchemy.engine.Engine - [cached since 0.1431s ago] ('cors_allowed_origins', 1, 0) (base.py:1846)
2025-07-17 20:23:43,102 - MainProcess - Thread-1 (start_flask) - INFO - werkzeug - [31m[1mWARNING: This is a development server. Do not use it in a production deployment. Use a production WSGI server instead.[0m
 * Running on all addresses (0.0.0.0)
 * Running on http://127.0.0.1:5000
 * Running on http://172.25.200.60:5000 (_internal.py:97)
2025-07-17 20:23:43,102 - MainProcess - Thread-1 (start_flask) - INFO - werkzeug - [33mPress CTRL+C to quit[0m (_internal.py:97)
2025-07-17 20:23:46,190 - MainProcess - MainThread - INFO - sqlalchemy.engine.Engine - SELECT codes.code AS codes_code, codes.order_id AS codes_order_id, codes.usage_limit AS codes_usage_limit, codes.current_usage AS codes_current_usage, codes.expiration_date AS codes_expiration_date, codes.created_at AS codes_created_at 
FROM codes 
WHERE codes.code = ?
 LIMIT ? OFFSET ? (base.py:1846)
2025-07-17 20:23:46,190 - MainProcess - MainThread - INFO - sqlalchemy.engine.Engine - [generated in 0.00067s] ('einar', 1, 0) (base.py:1846)
2025-07-17 20:23:46,191 - MainProcess - MainThread - WARNING - controllers.qr_scanner - Invalid code (qr_scanner.py:112)
2025-07-17 20:23:46,192 - MainProcess - MainThread - INFO - sqlalchemy.engine.Engine - SELECT codes.code AS codes_code, codes.order_id AS codes_order_id, codes.usage_limit AS codes_usage_limit, codes.current_usage AS codes_current_usage, codes.expiration_date AS codes_expiration_date, codes.created_at AS codes_created_at 
FROM codes 
WHERE codes.code = ?
 LIMIT ? OFFSET ? (base.py:1846)
2025-07-17 20:23:46,193 - MainProcess - MainThread - INFO - sqlalchemy.engine.Engine - [cached since 0.003017s ago] ('einar', 1, 0) (base.py:1846)
2025-07-17 20:23:46,196 - MainProcess - MainThread - INFO - sqlalchemy.engine.Engine - INSERT INTO scan_logs (code, order_id, timestamp, result, details) VALUES (?, ?, ?, ?, ?) (base.py:1846)
2025-07-17 20:23:46,196 - MainProcess - MainThread - INFO - sqlalchemy.engine.Engine - [generated in 0.00052s] ('einar', None, '2025-07-17 20:23:46.194005', 'invalid', 'Invalid code') (base.py:1846)
2025-07-17 20:23:46,198 - MainProcess - MainThread - INFO - sqlalchemy.engine.Engine - COMMIT (base.py:2707)
2025-07-17 20:23:47,931 - MainProcess - Thread-2 (cleanup_scheduler) - INFO - sqlalchemy.engine.Engine - BEGIN (implicit) (base.py:2701)
2025-07-17 20:23:47,933 - MainProcess - Thread-2 (cleanup_scheduler) - INFO - sqlalchemy.engine.Engine - SELECT codes.code AS codes_code, codes.order_id AS codes_order_id, codes.usage_limit AS codes_usage_limit, codes.current_usage AS codes_current_usage, codes.expiration_date AS codes_expiration_date, codes.created_at AS codes_created_at 
FROM codes 
WHERE codes.expiration_date IS NOT NULL AND codes.expiration_date <= ? (base.py:1846)
2025-07-17 20:23:47,934 - MainProcess - Thread-2 (cleanup_scheduler) - INFO - sqlalchemy.engine.Engine - [generated in 0.00090s] ('2025-07-17 20:23:47.931252',) (base.py:1846)
2025-07-17 20:23:47,935 - MainProcess - Thread-2 (cleanup_scheduler) - INFO - controllers.code_cleanup - No expired codes to clean up. (code_cleanup.py:33)
2025-07-17 20:23:58,433 - MainProcess - MainThread - INFO - sqlalchemy.engine.Engine - SELECT codes.code AS codes_code, codes.order_id AS codes_order_id, codes.usage_limit AS codes_usage_limit, codes.current_usage AS codes_current_usage, codes.expiration_date AS codes_expiration_date, codes.created_at AS codes_created_at 
FROM codes 
WHERE codes.code = ?
 LIMIT ? OFFSET ? (base.py:1846)
2025-07-17 20:23:58,434 - MainProcess - MainThread - INFO - sqlalchemy.engine.Engine - [cached since 12.24s ago] ('dsfsf', 1, 0) (base.py:1846)
2025-07-17 20:23:58,435 - MainProcess - MainThread - WARNING - controllers.qr_scanner - Invalid code (qr_scanner.py:112)
2025-07-17 20:23:58,436 - MainProcess - MainThread - INFO - sqlalchemy.engine.Engine - SELECT codes.code AS codes_code, codes.order_id AS codes_order_id, codes.usage_limit AS codes_usage_limit, codes.current_usage AS codes_current_usage, codes.expiration_date AS codes_expiration_date, codes.created_at AS codes_created_at 
FROM codes 
WHERE codes.code = ?
 LIMIT ? OFFSET ? (base.py:1846)
2025-07-17 20:23:58,436 - MainProcess - MainThread - INFO - sqlalchemy.engine.Engine - [cached since 12.25s ago] ('dsfsf', 1, 0) (base.py:1846)
2025-07-17 20:23:58,438 - MainProcess - MainThread - INFO - sqlalchemy.engine.Engine - INSERT INTO scan_logs (code, order_id, timestamp, result, details) VALUES (?, ?, ?, ?, ?) (base.py:1846)
2025-07-17 20:23:58,438 - MainProcess - MainThread - INFO - sqlalchemy.engine.Engine - [cached since 12.24s ago] ('dsfsf', None, '2025-07-17 20:23:58.437741', 'invalid', 'Invalid code') (base.py:1846)
2025-07-17 20:23:58,440 - MainProcess - MainThread - INFO - sqlalchemy.engine.Engine - COMMIT (base.py:2707)
2025-07-17 20:38:31,247 - MainProcess - MainThread - INFO - sqlalchemy.engine.Engine - BEGIN (implicit) (base.py:2701)
2025-07-17 20:38:31,249 - MainProcess - MainThread - INFO - sqlalchemy.engine.Engine - SELECT codes.code AS codes_code, codes.order_id AS codes_order_id, codes.usage_limit AS codes_usage_limit, codes.current_usage AS codes_current_usage, codes.expiration_date AS codes_expiration_date, codes.created_at AS codes_created_at 
FROM codes 
WHERE codes.code = ?
 LIMIT ? OFFSET ? (base.py:1846)
2025-07-17 20:38:31,250 - MainProcess - MainThread - INFO - sqlalchemy.engine.Engine - [cached since 885.1s ago] ('sfjslf', 1, 0) (base.py:1846)
2025-07-17 20:38:31,252 - MainProcess - MainThread - WARNING - controllers.qr_scanner - Invalid code (qr_scanner.py:112)
2025-07-17 20:38:31,253 - MainProcess - MainThread - INFO - sqlalchemy.engine.Engine - SELECT codes.code AS codes_code, codes.order_id AS codes_order_id, codes.usage_limit AS codes_usage_limit, codes.current_usage AS codes_current_usage, codes.expiration_date AS codes_expiration_date, codes.created_at AS codes_created_at 
FROM codes 
WHERE codes.code = ?
 LIMIT ? OFFSET ? (base.py:1846)
2025-07-17 20:38:31,254 - MainProcess - MainThread - INFO - sqlalchemy.engine.Engine - [cached since 885.1s ago] ('sfjslf', 1, 0) (base.py:1846)
2025-07-17 20:38:31,255 - MainProcess - MainThread - INFO - sqlalchemy.engine.Engine - INSERT INTO scan_logs (code, order_id, timestamp, result, details) VALUES (?, ?, ?, ?, ?) (base.py:1846)
2025-07-17 20:38:31,256 - MainProcess - MainThread - INFO - sqlalchemy.engine.Engine - [cached since 885.1s ago] ('sfjslf', None, '2025-07-17 20:38:31.255352', 'invalid', 'Invalid code') (base.py:1846)
2025-07-17 20:38:31,275 - MainProcess - MainThread - INFO - sqlalchemy.engine.Engine - COMMIT (base.py:2707)
2025-07-17 20:38:35,721 - MainProcess - MainThread - INFO - __main__ - Exiting program. Cleaning up GPIO... (app.py:64)
2025-07-17 20:38:37,588 - MainProcess - MainThread - INFO - sqlalchemy.engine.Engine - BEGIN (implicit) (base.py:2701)
2025-07-17 20:38:37,589 - MainProcess - MainThread - INFO - sqlalchemy.engine.Engine - COMMIT (base.py:2707)
2025-07-17 20:39:57,503 - MainProcess - MainThread - INFO - sqlalchemy.engine.Engine - BEGIN (implicit) (base.py:2701)
2025-07-17 20:39:57,504 - MainProcess - MainThread - INFO - sqlalchemy.engine.Engine - COMMIT (base.py:2707)
2025-07-17 20:41:39,711 - MainProcess - MainThread - INFO - sqlalchemy.engine.Engine - BEGIN (implicit) (base.py:2701)
2025-07-17 20:41:39,712 - MainProcess - MainThread - INFO - sqlalchemy.engine.Engine - COMMIT (base.py:2707)
2025-07-17 20:41:52,576 - MainProcess - MainThread - INFO - sqlalchemy.engine.Engine - BEGIN (implicit) (base.py:2701)
2025-07-17 20:41:52,577 - MainProcess - MainThread - INFO - sqlalchemy.engine.Engine - COMMIT (base.py:2707)
2025-07-17 20:44:28,032 - MainProcess - MainThread - INFO - sqlalchemy.engine.Engine - BEGIN (implicit) (base.py:2701)
2025-07-17 20:44:28,033 - MainProcess - MainThread - INFO - sqlalchemy.engine.Engine - PRAGMA main.table_info("settings") (base.py:1846)
2025-07-17 20:44:28,033 - MainProcess - MainThread - INFO - sqlalchemy.engine.Engine - [raw sql] () (base.py:1846)
2025-07-17 20:44:28,034 - MainProcess - MainThread - INFO - sqlalchemy.engine.Engine - COMMIT (base.py:2707)
2025-07-17 20:45:30,353 - MainProcess - MainThread - INFO - sqlalchemy.engine.Engine - BEGIN (implicit) (base.py:2701)
2025-07-17 20:45:30,354 - MainProcess - MainThread - INFO - sqlalchemy.engine.Engine - PRAGMA main.table_info("settings") (base.py:1846)
2025-07-17 20:45:30,354 - MainProcess - MainThread - INFO - sqlalchemy.engine.Engine - [raw sql] () (base.py:1846)
2025-07-17 20:45:30,355 - MainProcess - MainThread - INFO - sqlalchemy.engine.Engine - COMMIT (base.py:2707)
2025-07-17 20:45:30,917 - MainProcess - MainThread - INFO - __main__ - ===== APP STARTED ===== (app.py:25)
2025-07-17 20:46:08,983 - MainProcess - MainThread - INFO - sqlalchemy.engine.Engine - BEGIN (implicit) (base.py:2701)
2025-07-17 20:46:08,984 - MainProcess - MainThread - INFO - sqlalchemy.engine.Engine - PRAGMA main.table_info("settings") (base.py:1846)
2025-07-17 20:46:08,985 - MainProcess - MainThread - INFO - sqlalchemy.engine.Engine - [raw sql] () (base.py:1846)
2025-07-17 20:46:08,985 - MainProcess - MainThread - INFO - sqlalchemy.engine.Engine - COMMIT (base.py:2707)
2025-07-17 20:46:09,509 - MainProcess - MainThread - INFO - __main__ - ===== APP STARTED ===== (app.py:25)
2025-07-17 20:46:19,721 - MainProcess - MainThread - INFO - sqlalchemy.engine.Engine - BEGIN (implicit) (base.py:2701)
2025-07-17 20:46:19,721 - MainProcess - MainThread - INFO - sqlalchemy.engine.Engine - PRAGMA main.table_info("settings") (base.py:1846)
2025-07-17 20:46:19,722 - MainProcess - MainThread - INFO - sqlalchemy.engine.Engine - [raw sql] () (base.py:1846)
2025-07-17 20:46:19,723 - MainProcess - MainThread - INFO - sqlalchemy.engine.Engine - COMMIT (base.py:2707)
2025-07-17 20:46:20,260 - MainProcess - MainThread - INFO - __main__ - ===== APP STARTED ===== (app.py:25)
2025-07-17 20:46:58,243 - MainProcess - MainThread - INFO - sqlalchemy.engine.Engine - BEGIN (implicit) (base.py:2701)
2025-07-17 20:46:58,244 - MainProcess - MainThread - INFO - sqlalchemy.engine.Engine - PRAGMA main.table_info("settings") (base.py:1846)
2025-07-17 20:46:58,245 - MainProcess - MainThread - INFO - sqlalchemy.engine.Engine - [raw sql] () (base.py:1846)
2025-07-17 20:46:58,246 - MainProcess - MainThread - INFO - sqlalchemy.engine.Engine - COMMIT (base.py:2707)
2025-07-17 20:46:58,798 - MainProcess - MainThread - INFO - __main__ - ===== APP STARTED ===== (app.py:25)
2025-07-17 20:48:37,244 - MainProcess - MainThread - INFO - sqlalchemy.engine.Engine - BEGIN (implicit) (base.py:2701)
2025-07-17 20:48:37,245 - MainProcess - MainThread - INFO - sqlalchemy.engine.Engine - PRAGMA main.table_info("settings") (base.py:1846)
2025-07-17 20:48:37,245 - MainProcess - MainThread - INFO - sqlalchemy.engine.Engine - [raw sql] () (base.py:1846)
2025-07-17 20:48:37,246 - MainProcess - MainThread - INFO - sqlalchemy.engine.Engine - COMMIT (base.py:2707)
2025-07-17 20:48:37,772 - MainProcess - MainThread - INFO - __main__ - ===== APP STARTED ===== (app.py:25)
2025-07-17 20:48:38,164 - MainProcess - MainThread - INFO - sqlalchemy.engine.Engine - SELECT settings.id AS settings_id, settings."key" AS settings_key, settings.value AS settings_value 
FROM settings 
WHERE settings."key" = ?
 LIMIT ? OFFSET ? (base.py:1846)
2025-07-17 20:48:38,165 - MainProcess - MainThread - INFO - sqlalchemy.engine.Engine - [cached since 0.924s ago] ('serial_port', 1, 0) (base.py:1846)
2025-07-17 20:48:38,167 - MainProcess - MainThread - INFO - sqlalchemy.engine.Engine - SELECT settings.id AS settings_id, settings."key" AS settings_key, settings.value AS settings_value 
FROM settings 
WHERE settings."key" = ?
 LIMIT ? OFFSET ? (base.py:1846)
2025-07-17 20:48:38,168 - MainProcess - MainThread - INFO - sqlalchemy.engine.Engine - [cached since 0.9264s ago] ('serial_baudrate', 1, 0) (base.py:1846)
2025-07-17 20:48:38,169 - MainProcess - MainThread - INFO - sqlalchemy.engine.Engine - SELECT settings.id AS settings_id, settings."key" AS settings_key, settings.value AS settings_value 
FROM settings 
WHERE settings."key" = ?
 LIMIT ? OFFSET ? (base.py:1846)
2025-07-17 20:48:38,169 - MainProcess - MainThread - INFO - sqlalchemy.engine.Engine - [cached since 0.9282s ago] ('scan_timeout', 1, 0) (base.py:1846)
2025-07-17 20:48:38,170 - MainProcess - MainThread - INFO - sqlalchemy.engine.Engine - SELECT settings.id AS settings_id, settings."key" AS settings_key, settings.value AS settings_value 
FROM settings 
WHERE settings."key" = ?
 LIMIT ? OFFSET ? (base.py:1846)
2025-07-17 20:48:38,171 - MainProcess - MainThread - INFO - sqlalchemy.engine.Engine - [cached since 0.9298s ago] ('shelly_ip', 1, 0) (base.py:1846)
2025-07-17 20:48:38,172 - MainProcess - MainThread - INFO - sqlalchemy.engine.Engine - SELECT settings.id AS settings_id, settings."key" AS settings_key, settings.value AS settings_value 
FROM settings 
WHERE settings."key" = ?
 LIMIT ? OFFSET ? (base.py:1846)
2025-07-17 20:48:38,173 - MainProcess - MainThread - INFO - sqlalchemy.engine.Engine - [cached since 0.9314s ago] ('pulse_duration', 1, 0) (base.py:1846)
2025-07-17 20:48:38,174 - MainProcess - MainThread - INFO - sqlalchemy.engine.Engine - SELECT settings.id AS settings_id, settings."key" AS settings_key, settings.value AS settings_value 
FROM settings 
WHERE settings."key" = ?
 LIMIT ? OFFSET ? (base.py:1846)
2025-07-17 20:48:38,174 - MainProcess - MainThread - INFO - sqlalchemy.engine.Engine - [cached since 0.9332s ago] ('relay_mode', 1, 0) (base.py:1846)
2025-07-17 20:48:38,175 - MainProcess - MainThread - WARNING - backend.controllers.qr_scanner - Serial scanner not available: could not open port '/dev/ttyUSB0': FileNotFoundError(2, 'The system cannot find the path specified.', None, 3) (qr_scanner.py:43)
2025-07-17 20:49:06,375 - MainProcess - MainThread - INFO - sqlalchemy.engine.Engine - BEGIN (implicit) (base.py:2701)
2025-07-17 20:49:06,376 - MainProcess - MainThread - INFO - sqlalchemy.engine.Engine - PRAGMA main.table_info("settings") (base.py:1846)
2025-07-17 20:49:06,376 - MainProcess - MainThread - INFO - sqlalchemy.engine.Engine - [raw sql] () (base.py:1846)
2025-07-17 20:49:06,377 - MainProcess - MainThread - INFO - sqlalchemy.engine.Engine - COMMIT (base.py:2707)
2025-07-17 20:49:06,873 - MainProcess - MainThread - INFO - __main__ - ===== APP STARTED ===== (app.py:25)
2025-07-17 20:49:07,198 - MainProcess - MainThread - INFO - sqlalchemy.engine.Engine - SELECT settings.id AS settings_id, settings."key" AS settings_key, settings.value AS settings_value 
FROM settings 
WHERE settings."key" = ?
 LIMIT ? OFFSET ? (base.py:1846)
2025-07-17 20:49:07,198 - MainProcess - MainThread - INFO - sqlalchemy.engine.Engine - [cached since 0.8247s ago] ('serial_port', 1, 0) (base.py:1846)
2025-07-17 20:49:07,199 - MainProcess - MainThread - INFO - sqlalchemy.engine.Engine - SELECT settings.id AS settings_id, settings."key" AS settings_key, settings.value AS settings_value 
FROM settings 
WHERE settings."key" = ?
 LIMIT ? OFFSET ? (base.py:1846)
2025-07-17 20:49:07,199 - MainProcess - MainThread - INFO - sqlalchemy.engine.Engine - [cached since 0.8261s ago] ('serial_baudrate', 1, 0) (base.py:1846)
2025-07-17 20:49:07,200 - MainProcess - MainThread - INFO - sqlalchemy.engine.Engine - SELECT settings.id AS settings_id, settings."key" AS settings_key, settings.value AS settings_value 
FROM settings 
WHERE settings."key" = ?
 LIMIT ? OFFSET ? (base.py:1846)
2025-07-17 20:49:07,201 - MainProcess - MainThread - INFO - sqlalchemy.engine.Engine - [cached since 0.8274s ago] ('scan_timeout', 1, 0) (base.py:1846)
2025-07-17 20:49:07,202 - MainProcess - MainThread - INFO - sqlalchemy.engine.Engine - SELECT settings.id AS settings_id, settings."key" AS settings_key, settings.value AS settings_value 
FROM settings 
WHERE settings."key" = ?
 LIMIT ? OFFSET ? (base.py:1846)
2025-07-17 20:49:07,202 - MainProcess - MainThread - INFO - sqlalchemy.engine.Engine - [cached since 0.8288s ago] ('shelly_ip', 1, 0) (base.py:1846)
2025-07-17 20:49:07,204 - MainProcess - MainThread - INFO - sqlalchemy.engine.Engine - SELECT settings.id AS settings_id, settings."key" AS settings_key, settings.value AS settings_value 
FROM settings 
WHERE settings."key" = ?
 LIMIT ? OFFSET ? (base.py:1846)
2025-07-17 20:49:07,204 - MainProcess - MainThread - INFO - sqlalchemy.engine.Engine - [cached since 0.831s ago] ('pulse_duration', 1, 0) (base.py:1846)
2025-07-17 20:49:07,205 - MainProcess - MainThread - INFO - sqlalchemy.engine.Engine - SELECT settings.id AS settings_id, settings."key" AS settings_key, settings.value AS settings_value 
FROM settings 
WHERE settings."key" = ?
 LIMIT ? OFFSET ? (base.py:1846)
2025-07-17 20:49:07,205 - MainProcess - MainThread - INFO - sqlalchemy.engine.Engine - [cached since 0.8318s ago] ('relay_mode', 1, 0) (base.py:1846)
2025-07-17 20:49:07,206 - MainProcess - MainThread - WARNING - backend.controllers.qr_scanner - Serial scanner not available: could not open port '/dev/ttyUSB0': FileNotFoundError(2, 'The system cannot find the path specified.', None, 3) (qr_scanner.py:43)
2025-07-17 20:49:07,232 - MainProcess - MainThread - INFO - sqlalchemy.engine.Engine - BEGIN (implicit) (base.py:2701)
2025-07-17 20:49:07,232 - MainProcess - MainThread - INFO - sqlalchemy.engine.Engine - PRAGMA main.table_info("settings") (base.py:1846)
2025-07-17 20:49:07,232 - MainProcess - MainThread - INFO - sqlalchemy.engine.Engine - [raw sql] () (base.py:1846)
2025-07-17 20:49:07,233 - MainProcess - MainThread - INFO - sqlalchemy.engine.Engine - PRAGMA main.table_info("codes") (base.py:1846)
2025-07-17 20:49:07,233 - MainProcess - MainThread - INFO - sqlalchemy.engine.Engine - [raw sql] () (base.py:1846)
2025-07-17 20:49:07,233 - MainProcess - MainThread - INFO - sqlalchemy.engine.Engine - PRAGMA main.table_info("scan_logs") (base.py:1846)
2025-07-17 20:49:07,233 - MainProcess - MainThread - INFO - sqlalchemy.engine.Engine - [raw sql] () (base.py:1846)
2025-07-17 20:49:07,234 - MainProcess - MainThread - INFO - sqlalchemy.engine.Engine - COMMIT (base.py:2707)
2025-07-17 20:49:07,234 - MainProcess - MainThread - INFO - __main__ - Database initialized (app.py:48)
2025-07-17 20:49:07,234 - MainProcess - MainThread - INFO - __main__ - Flask server started (app.py:52)
2025-07-17 20:49:07,235 - MainProcess - MainThread - INFO - __main__ - Cleanup scheduler started (app.py:56)
2025-07-17 20:49:12,239 - MainProcess - Thread-2 (cleanup_scheduler) - INFO - sqlalchemy.engine.Engine - SELECT codes.code AS codes_code, codes.order_id AS codes_order_id, codes.usage_limit AS codes_usage_limit, codes.current_usage AS codes_current_usage, codes.expiration_date AS codes_expiration_date, codes.created_at AS codes_created_at 
FROM codes 
WHERE codes.expiration_date IS NOT NULL AND codes.expiration_date <= ? (base.py:1846)
2025-07-17 20:49:12,240 - MainProcess - Thread-2 (cleanup_scheduler) - INFO - sqlalchemy.engine.Engine - [generated in 0.00080s] ('2025-07-17 20:49:12.237113',) (base.py:1846)
2025-07-17 20:49:12,241 - MainProcess - Thread-2 (cleanup_scheduler) - INFO - backend.controllers.code_cleanup - No expired codes to clean up. (code_cleanup.py:33)
2025-07-17 20:51:47,004 - MainProcess - MainThread - INFO - __main__ - Exiting program. Cleaning up GPIO... (app.py:63)
2025-07-17 20:51:48,735 - MainProcess - MainThread - INFO - sqlalchemy.engine.Engine - BEGIN (implicit) (base.py:2701)
2025-07-17 20:51:48,736 - MainProcess - MainThread - INFO - sqlalchemy.engine.Engine - PRAGMA main.table_info("settings") (base.py:1846)
2025-07-17 20:51:48,736 - MainProcess - MainThread - INFO - sqlalchemy.engine.Engine - [raw sql] () (base.py:1846)
2025-07-17 20:51:48,738 - MainProcess - MainThread - INFO - sqlalchemy.engine.Engine - COMMIT (base.py:2707)
2025-07-17 20:51:49,256 - MainProcess - MainThread - INFO - __main__ - ===== APP STARTED ===== (app.py:25)
2025-07-17 20:51:49,586 - MainProcess - MainThread - INFO - sqlalchemy.engine.Engine - SELECT settings.id AS settings_id, settings."key" AS settings_key, settings.value AS settings_value 
FROM settings 
WHERE settings."key" = ?
 LIMIT ? OFFSET ? (base.py:1846)
2025-07-17 20:51:49,586 - MainProcess - MainThread - INFO - sqlalchemy.engine.Engine - [cached since 0.8539s ago] ('serial_port', 1, 0) (base.py:1846)
2025-07-17 20:51:49,588 - MainProcess - MainThread - INFO - sqlalchemy.engine.Engine - SELECT settings.id AS settings_id, settings."key" AS settings_key, settings.value AS settings_value 
FROM settings 
WHERE settings."key" = ?
 LIMIT ? OFFSET ? (base.py:1846)
2025-07-17 20:51:49,589 - MainProcess - MainThread - INFO - sqlalchemy.engine.Engine - [cached since 0.856s ago] ('serial_baudrate', 1, 0) (base.py:1846)
2025-07-17 20:51:49,590 - MainProcess - MainThread - INFO - sqlalchemy.engine.Engine - SELECT settings.id AS settings_id, settings."key" AS settings_key, settings.value AS settings_value 
FROM settings 
WHERE settings."key" = ?
 LIMIT ? OFFSET ? (base.py:1846)
2025-07-17 20:51:49,590 - MainProcess - MainThread - INFO - sqlalchemy.engine.Engine - [cached since 0.8578s ago] ('scan_timeout', 1, 0) (base.py:1846)
2025-07-17 20:51:49,591 - MainProcess - MainThread - INFO - sqlalchemy.engine.Engine - SELECT settings.id AS settings_id, settings."key" AS settings_key, settings.value AS settings_value 
FROM settings 
WHERE settings."key" = ?
 LIMIT ? OFFSET ? (base.py:1846)
2025-07-17 20:51:49,592 - MainProcess - MainThread - INFO - sqlalchemy.engine.Engine - [cached since 0.8593s ago] ('shelly_ip', 1, 0) (base.py:1846)
2025-07-17 20:51:49,593 - MainProcess - MainThread - INFO - sqlalchemy.engine.Engine - SELECT settings.id AS settings_id, settings."key" AS settings_key, settings.value AS settings_value 
FROM settings 
WHERE settings."key" = ?
 LIMIT ? OFFSET ? (base.py:1846)
2025-07-17 20:51:49,594 - MainProcess - MainThread - INFO - sqlalchemy.engine.Engine - [cached since 0.8612s ago] ('pulse_duration', 1, 0) (base.py:1846)
2025-07-17 20:51:49,595 - MainProcess - MainThread - INFO - sqlalchemy.engine.Engine - SELECT settings.id AS settings_id, settings."key" AS settings_key, settings.value AS settings_value 
FROM settings 
WHERE settings."key" = ?
 LIMIT ? OFFSET ? (base.py:1846)
2025-07-17 20:51:49,595 - MainProcess - MainThread - INFO - sqlalchemy.engine.Engine - [cached since 0.8628s ago] ('relay_mode', 1, 0) (base.py:1846)
2025-07-17 20:51:49,596 - MainProcess - MainThread - WARNING - backend.controllers.qr_scanner - Serial scanner not available: could not open port '/dev/ttyUSB0': FileNotFoundError(2, 'The system cannot find the path specified.', None, 3) (qr_scanner.py:43)
2025-07-17 20:51:49,598 - MainProcess - MainThread - INFO - sqlalchemy.engine.Engine - BEGIN (implicit) (base.py:2701)
2025-07-17 20:51:49,599 - MainProcess - MainThread - INFO - sqlalchemy.engine.Engine - PRAGMA main.table_info("settings") (base.py:1846)
2025-07-17 20:51:49,599 - MainProcess - MainThread - INFO - sqlalchemy.engine.Engine - [raw sql] () (base.py:1846)
2025-07-17 20:51:49,599 - MainProcess - MainThread - INFO - sqlalchemy.engine.Engine - PRAGMA main.table_info("codes") (base.py:1846)
2025-07-17 20:51:49,600 - MainProcess - MainThread - INFO - sqlalchemy.engine.Engine - [raw sql] () (base.py:1846)
2025-07-17 20:51:49,600 - MainProcess - MainThread - INFO - sqlalchemy.engine.Engine - PRAGMA main.table_info("scan_logs") (base.py:1846)
2025-07-17 20:51:49,600 - MainProcess - MainThread - INFO - sqlalchemy.engine.Engine - [raw sql] () (base.py:1846)
2025-07-17 20:51:49,601 - MainProcess - MainThread - INFO - sqlalchemy.engine.Engine - COMMIT (base.py:2707)
2025-07-17 20:51:49,601 - MainProcess - MainThread - INFO - __main__ - Database initialized (app.py:48)
2025-07-17 20:51:49,601 - MainProcess - MainThread - INFO - __main__ - Flask server started (app.py:52)
2025-07-17 20:51:49,602 - MainProcess - MainThread - INFO - __main__ - Cleanup scheduler started (app.py:56)
2025-07-17 20:51:54,605 - MainProcess - Thread-2 (cleanup_scheduler) - INFO - sqlalchemy.engine.Engine - SELECT codes.code AS codes_code, codes.order_id AS codes_order_id, codes.usage_limit AS codes_usage_limit, codes.current_usage AS codes_current_usage, codes.expiration_date AS codes_expiration_date, codes.created_at AS codes_created_at 
FROM codes 
WHERE codes.expiration_date IS NOT NULL AND codes.expiration_date <= ? (base.py:1846)
2025-07-17 20:51:54,606 - MainProcess - Thread-2 (cleanup_scheduler) - INFO - sqlalchemy.engine.Engine - [generated in 0.00082s] ('2025-07-17 20:51:54.603893',) (base.py:1846)
2025-07-17 20:51:54,607 - MainProcess - Thread-2 (cleanup_scheduler) - INFO - backend.controllers.code_cleanup - No expired codes to clean up. (code_cleanup.py:33)
2025-07-17 20:52:27,567 - MainProcess - MainThread - INFO - __main__ - Exiting program. Cleaning up GPIO... (app.py:63)
2025-07-17 20:52:29,862 - MainProcess - MainThread - INFO - sqlalchemy.engine.Engine - BEGIN (implicit) (base.py:2701)
2025-07-17 20:52:29,863 - MainProcess - MainThread - INFO - sqlalchemy.engine.Engine - PRAGMA main.table_info("settings") (base.py:1846)
2025-07-17 20:52:29,864 - MainProcess - MainThread - INFO - sqlalchemy.engine.Engine - [raw sql] () (base.py:1846)
2025-07-17 20:52:29,864 - MainProcess - MainThread - INFO - sqlalchemy.engine.Engine - COMMIT (base.py:2707)
2025-07-17 20:52:30,347 - MainProcess - MainThread - INFO - __main__ - ===== APP STARTED ===== (app.py:25)
2025-07-17 20:52:30,673 - MainProcess - MainThread - INFO - sqlalchemy.engine.Engine - SELECT settings.id AS settings_id, settings."key" AS settings_key, settings.value AS settings_value 
FROM settings 
WHERE settings."key" = ?
 LIMIT ? OFFSET ? (base.py:1846)
2025-07-17 20:52:30,673 - MainProcess - MainThread - INFO - sqlalchemy.engine.Engine - [cached since 0.8147s ago] ('serial_port', 1, 0) (base.py:1846)
2025-07-17 20:52:30,674 - MainProcess - MainThread - INFO - sqlalchemy.engine.Engine - SELECT settings.id AS settings_id, settings."key" AS settings_key, settings.value AS settings_value 
FROM settings 
WHERE settings."key" = ?
 LIMIT ? OFFSET ? (base.py:1846)
2025-07-17 20:52:30,675 - MainProcess - MainThread - INFO - sqlalchemy.engine.Engine - [cached since 0.8161s ago] ('serial_baudrate', 1, 0) (base.py:1846)
2025-07-17 20:52:30,676 - MainProcess - MainThread - INFO - sqlalchemy.engine.Engine - SELECT settings.id AS settings_id, settings."key" AS settings_key, settings.value AS settings_value 
FROM settings 
WHERE settings."key" = ?
 LIMIT ? OFFSET ? (base.py:1846)
2025-07-17 20:52:30,676 - MainProcess - MainThread - INFO - sqlalchemy.engine.Engine - [cached since 0.8173s ago] ('scan_timeout', 1, 0) (base.py:1846)
2025-07-17 20:52:30,677 - MainProcess - MainThread - INFO - sqlalchemy.engine.Engine - SELECT settings.id AS settings_id, settings."key" AS settings_key, settings.value AS settings_value 
FROM settings 
WHERE settings."key" = ?
 LIMIT ? OFFSET ? (base.py:1846)
2025-07-17 20:52:30,677 - MainProcess - MainThread - INFO - sqlalchemy.engine.Engine - [cached since 0.8181s ago] ('shelly_ip', 1, 0) (base.py:1846)
2025-07-17 20:52:30,678 - MainProcess - MainThread - INFO - sqlalchemy.engine.Engine - SELECT settings.id AS settings_id, settings."key" AS settings_key, settings.value AS settings_value 
FROM settings 
WHERE settings."key" = ?
 LIMIT ? OFFSET ? (base.py:1846)
2025-07-17 20:52:30,678 - MainProcess - MainThread - INFO - sqlalchemy.engine.Engine - [cached since 0.8194s ago] ('pulse_duration', 1, 0) (base.py:1846)
2025-07-17 20:52:30,679 - MainProcess - MainThread - INFO - sqlalchemy.engine.Engine - SELECT settings.id AS settings_id, settings."key" AS settings_key, settings.value AS settings_value 
FROM settings 
WHERE settings."key" = ?
 LIMIT ? OFFSET ? (base.py:1846)
2025-07-17 20:52:30,679 - MainProcess - MainThread - INFO - sqlalchemy.engine.Engine - [cached since 0.8204s ago] ('relay_mode', 1, 0) (base.py:1846)
2025-07-17 20:52:30,680 - MainProcess - MainThread - WARNING - backend.controllers.qr_scanner - Serial scanner not available: could not open port '/dev/ttyUSB0': FileNotFoundError(2, 'The system cannot find the path specified.', None, 3) (qr_scanner.py:43)
2025-07-17 20:52:30,682 - MainProcess - MainThread - INFO - sqlalchemy.engine.Engine - BEGIN (implicit) (base.py:2701)
2025-07-17 20:52:30,682 - MainProcess - MainThread - INFO - sqlalchemy.engine.Engine - PRAGMA main.table_info("settings") (base.py:1846)
2025-07-17 20:52:30,683 - MainProcess - MainThread - INFO - sqlalchemy.engine.Engine - [raw sql] () (base.py:1846)
2025-07-17 20:52:30,683 - MainProcess - MainThread - INFO - sqlalchemy.engine.Engine - PRAGMA main.table_info("codes") (base.py:1846)
2025-07-17 20:52:30,684 - MainProcess - MainThread - INFO - sqlalchemy.engine.Engine - [raw sql] () (base.py:1846)
2025-07-17 20:52:30,684 - MainProcess - MainThread - INFO - sqlalchemy.engine.Engine - PRAGMA main.table_info("scan_logs") (base.py:1846)
2025-07-17 20:52:30,684 - MainProcess - MainThread - INFO - sqlalchemy.engine.Engine - [raw sql] () (base.py:1846)
2025-07-17 20:52:30,685 - MainProcess - MainThread - INFO - sqlalchemy.engine.Engine - COMMIT (base.py:2707)
2025-07-17 20:52:30,685 - MainProcess - MainThread - INFO - __main__ - Database initialized (app.py:48)
2025-07-17 20:52:30,685 - MainProcess - MainThread - INFO - __main__ - Flask server started (app.py:52)
2025-07-17 20:52:30,686 - MainProcess - MainThread - INFO - __main__ - Cleanup scheduler started (app.py:56)
2025-07-17 20:52:35,689 - MainProcess - Thread-2 (cleanup_scheduler) - INFO - sqlalchemy.engine.Engine - SELECT codes.code AS codes_code, codes.order_id AS codes_order_id, codes.usage_limit AS codes_usage_limit, codes.current_usage AS codes_current_usage, codes.expiration_date AS codes_expiration_date, codes.created_at AS codes_created_at 
FROM codes 
WHERE codes.expiration_date IS NOT NULL AND codes.expiration_date <= ? (base.py:1846)
2025-07-17 20:52:35,690 - MainProcess - Thread-2 (cleanup_scheduler) - INFO - sqlalchemy.engine.Engine - [generated in 0.00071s] ('2025-07-17 20:52:35.688142',) (base.py:1846)
2025-07-17 20:52:35,691 - MainProcess - Thread-2 (cleanup_scheduler) - INFO - backend.controllers.code_cleanup - No expired codes to clean up. (code_cleanup.py:33)
2025-07-17 20:53:28,157 - MainProcess - MainThread - INFO - __main__ - Exiting program. Cleaning up GPIO... (app.py:63)
2025-07-17 20:53:29,885 - MainProcess - MainThread - INFO - sqlalchemy.engine.Engine - BEGIN (implicit) (base.py:2701)
2025-07-17 20:53:29,886 - MainProcess - MainThread - INFO - sqlalchemy.engine.Engine - PRAGMA main.table_info("settings") (base.py:1846)
2025-07-17 20:53:29,886 - MainProcess - MainThread - INFO - sqlalchemy.engine.Engine - [raw sql] () (base.py:1846)
2025-07-17 20:53:29,888 - MainProcess - MainThread - INFO - sqlalchemy.engine.Engine - COMMIT (base.py:2707)
2025-07-17 20:53:30,384 - MainProcess - MainThread - INFO - __main__ - ===== APP STARTED ===== (app.py:25)
2025-07-17 20:53:30,708 - MainProcess - MainThread - INFO - sqlalchemy.engine.Engine - SELECT settings.id AS settings_id, settings."key" AS settings_key, settings.value AS settings_value 
FROM settings 
WHERE settings."key" = ?
 LIMIT ? OFFSET ? (base.py:1846)
2025-07-17 20:53:30,708 - MainProcess - MainThread - INFO - sqlalchemy.engine.Engine - [cached since 0.8252s ago] ('serial_port', 1, 0) (base.py:1846)
2025-07-17 20:53:30,710 - MainProcess - MainThread - INFO - sqlalchemy.engine.Engine - SELECT settings.id AS settings_id, settings."key" AS settings_key, settings.value AS settings_value 
FROM settings 
WHERE settings."key" = ?
 LIMIT ? OFFSET ? (base.py:1846)
2025-07-17 20:53:30,711 - MainProcess - MainThread - INFO - sqlalchemy.engine.Engine - [cached since 0.8276s ago] ('serial_baudrate', 1, 0) (base.py:1846)
2025-07-17 20:53:30,712 - MainProcess - MainThread - INFO - sqlalchemy.engine.Engine - SELECT settings.id AS settings_id, settings."key" AS settings_key, settings.value AS settings_value 
FROM settings 
WHERE settings."key" = ?
 LIMIT ? OFFSET ? (base.py:1846)
2025-07-17 20:53:30,713 - MainProcess - MainThread - INFO - sqlalchemy.engine.Engine - [cached since 0.8295s ago] ('scan_timeout', 1, 0) (base.py:1846)
2025-07-17 20:53:30,714 - MainProcess - MainThread - INFO - sqlalchemy.engine.Engine - SELECT settings.id AS settings_id, settings."key" AS settings_key, settings.value AS settings_value 
FROM settings 
WHERE settings."key" = ?
 LIMIT ? OFFSET ? (base.py:1846)
2025-07-17 20:53:30,714 - MainProcess - MainThread - INFO - sqlalchemy.engine.Engine - [cached since 0.8313s ago] ('shelly_ip', 1, 0) (base.py:1846)
2025-07-17 20:53:30,715 - MainProcess - MainThread - INFO - sqlalchemy.engine.Engine - SELECT settings.id AS settings_id, settings."key" AS settings_key, settings.value AS settings_value 
FROM settings 
WHERE settings."key" = ?
 LIMIT ? OFFSET ? (base.py:1846)
2025-07-17 20:53:30,716 - MainProcess - MainThread - INFO - sqlalchemy.engine.Engine - [cached since 0.8328s ago] ('pulse_duration', 1, 0) (base.py:1846)
2025-07-17 20:53:30,717 - MainProcess - MainThread - INFO - sqlalchemy.engine.Engine - SELECT settings.id AS settings_id, settings."key" AS settings_key, settings.value AS settings_value 
FROM settings 
WHERE settings."key" = ?
 LIMIT ? OFFSET ? (base.py:1846)
2025-07-17 20:53:30,718 - MainProcess - MainThread - INFO - sqlalchemy.engine.Engine - [cached since 0.8345s ago] ('relay_mode', 1, 0) (base.py:1846)
2025-07-17 20:53:30,719 - MainProcess - MainThread - WARNING - backend.controllers.qr_scanner - Serial scanner not available: could not open port '/dev/ttyUSB0': FileNotFoundError(2, 'The system cannot find the path specified.', None, 3) (qr_scanner.py:43)
2025-07-17 20:53:30,720 - MainProcess - MainThread - INFO - sqlalchemy.engine.Engine - BEGIN (implicit) (base.py:2701)
2025-07-17 20:53:30,720 - MainProcess - MainThread - INFO - sqlalchemy.engine.Engine - PRAGMA main.table_info("settings") (base.py:1846)
2025-07-17 20:53:30,721 - MainProcess - MainThread - INFO - sqlalchemy.engine.Engine - [raw sql] () (base.py:1846)
2025-07-17 20:53:30,721 - MainProcess - MainThread - INFO - sqlalchemy.engine.Engine - PRAGMA main.table_info("codes") (base.py:1846)
2025-07-17 20:53:30,721 - MainProcess - MainThread - INFO - sqlalchemy.engine.Engine - [raw sql] () (base.py:1846)
2025-07-17 20:53:30,722 - MainProcess - MainThread - INFO - sqlalchemy.engine.Engine - PRAGMA main.table_info("scan_logs") (base.py:1846)
2025-07-17 20:53:30,722 - MainProcess - MainThread - INFO - sqlalchemy.engine.Engine - [raw sql] () (base.py:1846)
2025-07-17 20:53:30,722 - MainProcess - MainThread - INFO - sqlalchemy.engine.Engine - COMMIT (base.py:2707)
2025-07-17 20:53:30,723 - MainProcess - MainThread - INFO - __main__ - Database initialized (app.py:48)
2025-07-17 20:53:30,723 - MainProcess - MainThread - INFO - __main__ - Flask server started (app.py:52)
2025-07-17 20:53:30,724 - MainProcess - MainThread - INFO - __main__ - Cleanup scheduler started (app.py:56)
2025-07-17 20:53:35,727 - MainProcess - Thread-2 (cleanup_scheduler) - INFO - sqlalchemy.engine.Engine - SELECT codes.code AS codes_code, codes.order_id AS codes_order_id, codes.usage_limit AS codes_usage_limit, codes.current_usage AS codes_current_usage, codes.expiration_date AS codes_expiration_date, codes.created_at AS codes_created_at 
FROM codes 
WHERE codes.expiration_date IS NOT NULL AND codes.expiration_date <= ? (base.py:1846)
2025-07-17 20:53:35,728 - MainProcess - Thread-2 (cleanup_scheduler) - INFO - sqlalchemy.engine.Engine - [generated in 0.00072s] ('2025-07-17 20:53:35.725783',) (base.py:1846)
2025-07-17 20:53:35,729 - MainProcess - Thread-2 (cleanup_scheduler) - INFO - backend.controllers.code_cleanup - No expired codes to clean up. (code_cleanup.py:33)
2025-07-17 20:54:09,049 - MainProcess - MainThread - INFO - __main__ - Exiting program. Cleaning up GPIO... (app.py:63)
2025-07-17 20:54:10,140 - MainProcess - MainThread - INFO - sqlalchemy.engine.Engine - BEGIN (implicit) (base.py:2701)
2025-07-17 20:54:10,141 - MainProcess - MainThread - INFO - sqlalchemy.engine.Engine - PRAGMA main.table_info("settings") (base.py:1846)
2025-07-17 20:54:10,141 - MainProcess - MainThread - INFO - sqlalchemy.engine.Engine - [raw sql] () (base.py:1846)
2025-07-17 20:54:10,143 - MainProcess - MainThread - INFO - sqlalchemy.engine.Engine - COMMIT (base.py:2707)
2025-07-17 20:54:10,644 - MainProcess - MainThread - INFO - __main__ - ===== APP STARTED ===== (app.py:25)
2025-07-17 20:54:10,976 - MainProcess - MainThread - INFO - sqlalchemy.engine.Engine - SELECT settings.id AS settings_id, settings."key" AS settings_key, settings.value AS settings_value 
FROM settings 
WHERE settings."key" = ?
 LIMIT ? OFFSET ? (base.py:1846)
2025-07-17 20:54:10,977 - MainProcess - MainThread - INFO - sqlalchemy.engine.Engine - [cached since 0.8397s ago] ('serial_port', 1, 0) (base.py:1846)
2025-07-17 20:54:10,979 - MainProcess - MainThread - INFO - sqlalchemy.engine.Engine - SELECT settings.id AS settings_id, settings."key" AS settings_key, settings.value AS settings_value 
FROM settings 
WHERE settings."key" = ?
 LIMIT ? OFFSET ? (base.py:1846)
2025-07-17 20:54:10,980 - MainProcess - MainThread - INFO - sqlalchemy.engine.Engine - [cached since 0.8424s ago] ('serial_baudrate', 1, 0) (base.py:1846)
2025-07-17 20:54:10,981 - MainProcess - MainThread - INFO - sqlalchemy.engine.Engine - SELECT settings.id AS settings_id, settings."key" AS settings_key, settings.value AS settings_value 
FROM settings 
WHERE settings."key" = ?
 LIMIT ? OFFSET ? (base.py:1846)
2025-07-17 20:54:10,982 - MainProcess - MainThread - INFO - sqlalchemy.engine.Engine - [cached since 0.8447s ago] ('scan_timeout', 1, 0) (base.py:1846)
2025-07-17 20:54:10,983 - MainProcess - MainThread - INFO - sqlalchemy.engine.Engine - SELECT settings.id AS settings_id, settings."key" AS settings_key, settings.value AS settings_value 
FROM settings 
WHERE settings."key" = ?
 LIMIT ? OFFSET ? (base.py:1846)
2025-07-17 20:54:10,984 - MainProcess - MainThread - INFO - sqlalchemy.engine.Engine - [cached since 0.8467s ago] ('shelly_ip', 1, 0) (base.py:1846)
2025-07-17 20:54:10,985 - MainProcess - MainThread - INFO - sqlalchemy.engine.Engine - SELECT settings.id AS settings_id, settings."key" AS settings_key, settings.value AS settings_value 
FROM settings 
WHERE settings."key" = ?
 LIMIT ? OFFSET ? (base.py:1846)
2025-07-17 20:54:10,986 - MainProcess - MainThread - INFO - sqlalchemy.engine.Engine - [cached since 0.8488s ago] ('pulse_duration', 1, 0) (base.py:1846)
2025-07-17 20:54:10,987 - MainProcess - MainThread - INFO - sqlalchemy.engine.Engine - SELECT settings.id AS settings_id, settings."key" AS settings_key, settings.value AS settings_value 
FROM settings 
WHERE settings."key" = ?
 LIMIT ? OFFSET ? (base.py:1846)
2025-07-17 20:54:10,988 - MainProcess - MainThread - INFO - sqlalchemy.engine.Engine - [cached since 0.8505s ago] ('relay_mode', 1, 0) (base.py:1846)
2025-07-17 20:54:10,989 - MainProcess - MainThread - WARNING - backend.controllers.qr_scanner - Serial scanner not available: could not open port '/dev/ttyUSB0': FileNotFoundError(2, 'The system cannot find the path specified.', None, 3) (qr_scanner.py:43)
2025-07-17 20:54:10,990 - MainProcess - MainThread - INFO - sqlalchemy.engine.Engine - BEGIN (implicit) (base.py:2701)
2025-07-17 20:54:10,990 - MainProcess - MainThread - INFO - sqlalchemy.engine.Engine - PRAGMA main.table_info("settings") (base.py:1846)
2025-07-17 20:54:10,990 - MainProcess - MainThread - INFO - sqlalchemy.engine.Engine - [raw sql] () (base.py:1846)
2025-07-17 20:54:10,991 - MainProcess - MainThread - INFO - sqlalchemy.engine.Engine - PRAGMA main.table_info("codes") (base.py:1846)
2025-07-17 20:54:10,991 - MainProcess - MainThread - INFO - sqlalchemy.engine.Engine - [raw sql] () (base.py:1846)
2025-07-17 20:54:10,992 - MainProcess - MainThread - INFO - sqlalchemy.engine.Engine - PRAGMA main.table_info("scan_logs") (base.py:1846)
2025-07-17 20:54:10,992 - MainProcess - MainThread - INFO - sqlalchemy.engine.Engine - [raw sql] () (base.py:1846)
2025-07-17 20:54:10,992 - MainProcess - MainThread - INFO - sqlalchemy.engine.Engine - COMMIT (base.py:2707)
2025-07-17 20:54:10,993 - MainProcess - MainThread - INFO - __main__ - Database initialized (app.py:48)
2025-07-17 20:54:10,993 - MainProcess - MainThread - INFO - __main__ - Flask server started (app.py:52)
2025-07-17 20:54:10,994 - MainProcess - MainThread - INFO - __main__ - Cleanup scheduler started (app.py:56)
2025-07-17 20:54:15,997 - MainProcess - Thread-2 (cleanup_scheduler) - INFO - sqlalchemy.engine.Engine - SELECT codes.code AS codes_code, codes.order_id AS codes_order_id, codes.usage_limit AS codes_usage_limit, codes.current_usage AS codes_current_usage, codes.expiration_date AS codes_expiration_date, codes.created_at AS codes_created_at 
FROM codes 
WHERE codes.expiration_date IS NOT NULL AND codes.expiration_date <= ? (base.py:1846)
2025-07-17 20:54:15,997 - MainProcess - Thread-2 (cleanup_scheduler) - INFO - sqlalchemy.engine.Engine - [generated in 0.00063s] ('2025-07-17 20:54:15.996009',) (base.py:1846)
2025-07-17 20:54:15,998 - MainProcess - Thread-2 (cleanup_scheduler) - INFO - backend.controllers.code_cleanup - No expired codes to clean up. (code_cleanup.py:33)
2025-07-17 20:56:17,366 - MainProcess - MainThread - INFO - __main__ - Exiting program. Cleaning up GPIO... (app.py:63)
2025-07-17 20:56:19,528 - MainProcess - MainThread - INFO - sqlalchemy.engine.Engine - BEGIN (implicit) (base.py:2701)
2025-07-17 20:56:19,529 - MainProcess - MainThread - INFO - sqlalchemy.engine.Engine - PRAGMA main.table_info("settings") (base.py:1846)
2025-07-17 20:56:19,529 - MainProcess - MainThread - INFO - sqlalchemy.engine.Engine - [raw sql] () (base.py:1846)
2025-07-17 20:56:19,531 - MainProcess - MainThread - INFO - sqlalchemy.engine.Engine - COMMIT (base.py:2707)
2025-07-17 20:56:20,049 - MainProcess - MainThread - INFO - __main__ - ===== APP STARTED ===== (app.py:25)
2025-07-17 20:56:20,383 - MainProcess - MainThread - INFO - sqlalchemy.engine.Engine - SELECT settings.id AS settings_id, settings."key" AS settings_key, settings.value AS settings_value 
FROM settings 
WHERE settings."key" = ?
 LIMIT ? OFFSET ? (base.py:1846)
2025-07-17 20:56:20,383 - MainProcess - MainThread - INFO - sqlalchemy.engine.Engine - [cached since 0.8579s ago] ('serial_port', 1, 0) (base.py:1846)
2025-07-17 20:56:20,385 - MainProcess - MainThread - INFO - sqlalchemy.engine.Engine - SELECT settings.id AS settings_id, settings."key" AS settings_key, settings.value AS settings_value 
FROM settings 
WHERE settings."key" = ?
 LIMIT ? OFFSET ? (base.py:1846)
2025-07-17 20:56:20,386 - MainProcess - MainThread - INFO - sqlalchemy.engine.Engine - [cached since 0.86s ago] ('serial_baudrate', 1, 0) (base.py:1846)
2025-07-17 20:56:20,387 - MainProcess - MainThread - INFO - sqlalchemy.engine.Engine - SELECT settings.id AS settings_id, settings."key" AS settings_key, settings.value AS settings_value 
FROM settings 
WHERE settings."key" = ?
 LIMIT ? OFFSET ? (base.py:1846)
2025-07-17 20:56:20,387 - MainProcess - MainThread - INFO - sqlalchemy.engine.Engine - [cached since 0.8618s ago] ('scan_timeout', 1, 0) (base.py:1846)
2025-07-17 20:56:20,388 - MainProcess - MainThread - INFO - sqlalchemy.engine.Engine - SELECT settings.id AS settings_id, settings."key" AS settings_key, settings.value AS settings_value 
FROM settings 
WHERE settings."key" = ?
 LIMIT ? OFFSET ? (base.py:1846)
2025-07-17 20:56:20,388 - MainProcess - MainThread - INFO - sqlalchemy.engine.Engine - [cached since 0.8627s ago] ('shelly_ip', 1, 0) (base.py:1846)
2025-07-17 20:56:20,389 - MainProcess - MainThread - INFO - sqlalchemy.engine.Engine - SELECT settings.id AS settings_id, settings."key" AS settings_key, settings.value AS settings_value 
FROM settings 
WHERE settings."key" = ?
 LIMIT ? OFFSET ? (base.py:1846)
2025-07-17 20:56:20,389 - MainProcess - MainThread - INFO - sqlalchemy.engine.Engine - [cached since 0.8637s ago] ('pulse_duration', 1, 0) (base.py:1846)
2025-07-17 20:56:20,390 - MainProcess - MainThread - INFO - sqlalchemy.engine.Engine - SELECT settings.id AS settings_id, settings."key" AS settings_key, settings.value AS settings_value 
FROM settings 
WHERE settings."key" = ?
 LIMIT ? OFFSET ? (base.py:1846)
2025-07-17 20:56:20,390 - MainProcess - MainThread - INFO - sqlalchemy.engine.Engine - [cached since 0.8646s ago] ('relay_mode', 1, 0) (base.py:1846)
2025-07-17 20:56:20,391 - MainProcess - MainThread - WARNING - backend.controllers.qr_scanner - Serial scanner not available: could not open port '/dev/ttyUSB0': FileNotFoundError(2, 'The system cannot find the path specified.', None, 3) (qr_scanner.py:43)
2025-07-17 20:56:20,392 - MainProcess - MainThread - INFO - sqlalchemy.engine.Engine - BEGIN (implicit) (base.py:2701)
2025-07-17 20:56:20,393 - MainProcess - MainThread - INFO - sqlalchemy.engine.Engine - PRAGMA main.table_info("settings") (base.py:1846)
2025-07-17 20:56:20,393 - MainProcess - MainThread - INFO - sqlalchemy.engine.Engine - [raw sql] () (base.py:1846)
2025-07-17 20:56:20,393 - MainProcess - MainThread - INFO - sqlalchemy.engine.Engine - PRAGMA main.table_info("codes") (base.py:1846)
2025-07-17 20:56:20,393 - MainProcess - MainThread - INFO - sqlalchemy.engine.Engine - [raw sql] () (base.py:1846)
2025-07-17 20:56:20,394 - MainProcess - MainThread - INFO - sqlalchemy.engine.Engine - PRAGMA main.table_info("scan_logs") (base.py:1846)
2025-07-17 20:56:20,394 - MainProcess - MainThread - INFO - sqlalchemy.engine.Engine - [raw sql] () (base.py:1846)
2025-07-17 20:56:20,395 - MainProcess - MainThread - INFO - sqlalchemy.engine.Engine - COMMIT (base.py:2707)
2025-07-17 20:56:20,395 - MainProcess - MainThread - INFO - __main__ - Database initialized (app.py:48)
2025-07-17 20:56:20,395 - MainProcess - MainThread - INFO - __main__ - Flask server started (app.py:52)
2025-07-17 20:56:20,396 - MainProcess - MainThread - INFO - __main__ - Cleanup scheduler started (app.py:56)
2025-07-17 20:56:25,399 - MainProcess - Thread-2 (cleanup_scheduler) - INFO - sqlalchemy.engine.Engine - SELECT codes.code AS codes_code, codes.order_id AS codes_order_id, codes.usage_limit AS codes_usage_limit, codes.current_usage AS codes_current_usage, codes.expiration_date AS codes_expiration_date, codes.created_at AS codes_created_at 
FROM codes 
WHERE codes.expiration_date IS NOT NULL AND codes.expiration_date <= ? (base.py:1846)
2025-07-17 20:56:25,399 - MainProcess - Thread-2 (cleanup_scheduler) - INFO - sqlalchemy.engine.Engine - [generated in 0.00077s] ('2025-07-17 20:56:25.397670',) (base.py:1846)
2025-07-17 20:56:25,400 - MainProcess - Thread-2 (cleanup_scheduler) - INFO - backend.controllers.code_cleanup - No expired codes to clean up. (code_cleanup.py:33)
2025-07-17 20:56:53,501 - MainProcess - MainThread - INFO - __main__ - Exiting program. Cleaning up GPIO... (app.py:63)
2025-07-17 20:56:56,216 - MainProcess - MainThread - INFO - sqlalchemy.engine.Engine - BEGIN (implicit) (base.py:2701)
2025-07-17 20:56:56,217 - MainProcess - MainThread - INFO - sqlalchemy.engine.Engine - PRAGMA main.table_info("settings") (base.py:1846)
2025-07-17 20:56:56,218 - MainProcess - MainThread - INFO - sqlalchemy.engine.Engine - [raw sql] () (base.py:1846)
2025-07-17 20:56:56,219 - MainProcess - MainThread - INFO - sqlalchemy.engine.Engine - COMMIT (base.py:2707)
2025-07-17 20:56:56,713 - MainProcess - MainThread - INFO - __main__ - ===== APP STARTED ===== (app.py:25)
2025-07-17 20:56:57,040 - MainProcess - MainThread - INFO - sqlalchemy.engine.Engine - SELECT settings.id AS settings_id, settings."key" AS settings_key, settings.value AS settings_value 
FROM settings 
WHERE settings."key" = ?
 LIMIT ? OFFSET ? (base.py:1846)
2025-07-17 20:56:57,040 - MainProcess - MainThread - INFO - sqlalchemy.engine.Engine - [cached since 0.8264s ago] ('serial_port', 1, 0) (base.py:1846)
2025-07-17 20:56:57,042 - MainProcess - MainThread - INFO - sqlalchemy.engine.Engine - SELECT settings.id AS settings_id, settings."key" AS settings_key, settings.value AS settings_value 
FROM settings 
WHERE settings."key" = ?
 LIMIT ? OFFSET ? (base.py:1846)
2025-07-17 20:56:57,043 - MainProcess - MainThread - INFO - sqlalchemy.engine.Engine - [cached since 0.8289s ago] ('serial_baudrate', 1, 0) (base.py:1846)
2025-07-17 20:56:57,044 - MainProcess - MainThread - INFO - sqlalchemy.engine.Engine - SELECT settings.id AS settings_id, settings."key" AS settings_key, settings.value AS settings_value 
FROM settings 
WHERE settings."key" = ?
 LIMIT ? OFFSET ? (base.py:1846)
2025-07-17 20:56:57,044 - MainProcess - MainThread - INFO - sqlalchemy.engine.Engine - [cached since 0.8306s ago] ('scan_timeout', 1, 0) (base.py:1846)
2025-07-17 20:56:57,046 - MainProcess - MainThread - INFO - sqlalchemy.engine.Engine - SELECT settings.id AS settings_id, settings."key" AS settings_key, settings.value AS settings_value 
FROM settings 
WHERE settings."key" = ?
 LIMIT ? OFFSET ? (base.py:1846)
2025-07-17 20:56:57,046 - MainProcess - MainThread - INFO - sqlalchemy.engine.Engine - [cached since 0.8323s ago] ('shelly_ip', 1, 0) (base.py:1846)
2025-07-17 20:56:57,047 - MainProcess - MainThread - INFO - sqlalchemy.engine.Engine - SELECT settings.id AS settings_id, settings."key" AS settings_key, settings.value AS settings_value 
FROM settings 
WHERE settings."key" = ?
 LIMIT ? OFFSET ? (base.py:1846)
2025-07-17 20:56:57,048 - MainProcess - MainThread - INFO - sqlalchemy.engine.Engine - [cached since 0.8339s ago] ('pulse_duration', 1, 0) (base.py:1846)
2025-07-17 20:56:57,049 - MainProcess - MainThread - INFO - sqlalchemy.engine.Engine - SELECT settings.id AS settings_id, settings."key" AS settings_key, settings.value AS settings_value 
FROM settings 
WHERE settings."key" = ?
 LIMIT ? OFFSET ? (base.py:1846)
2025-07-17 20:56:57,049 - MainProcess - MainThread - INFO - sqlalchemy.engine.Engine - [cached since 0.8351s ago] ('relay_mode', 1, 0) (base.py:1846)
2025-07-17 20:56:57,050 - MainProcess - MainThread - WARNING - backend.controllers.qr_scanner - Serial scanner not available: could not open port '/dev/ttyUSB0': FileNotFoundError(2, 'The system cannot find the path specified.', None, 3) (qr_scanner.py:43)
2025-07-17 20:56:57,053 - MainProcess - MainThread - INFO - sqlalchemy.engine.Engine - BEGIN (implicit) (base.py:2701)
2025-07-17 20:56:57,053 - MainProcess - MainThread - INFO - sqlalchemy.engine.Engine - PRAGMA main.table_info("settings") (base.py:1846)
2025-07-17 20:56:57,054 - MainProcess - MainThread - INFO - sqlalchemy.engine.Engine - [raw sql] () (base.py:1846)
2025-07-17 20:56:57,054 - MainProcess - MainThread - INFO - sqlalchemy.engine.Engine - PRAGMA main.table_info("codes") (base.py:1846)
2025-07-17 20:56:57,054 - MainProcess - MainThread - INFO - sqlalchemy.engine.Engine - [raw sql] () (base.py:1846)
2025-07-17 20:56:57,055 - MainProcess - MainThread - INFO - sqlalchemy.engine.Engine - PRAGMA main.table_info("scan_logs") (base.py:1846)
2025-07-17 20:56:57,055 - MainProcess - MainThread - INFO - sqlalchemy.engine.Engine - [raw sql] () (base.py:1846)
2025-07-17 20:56:57,056 - MainProcess - MainThread - INFO - sqlalchemy.engine.Engine - COMMIT (base.py:2707)
2025-07-17 20:56:57,056 - MainProcess - MainThread - INFO - __main__ - Database initialized (app.py:48)
2025-07-17 20:56:57,056 - MainProcess - MainThread - INFO - __main__ - Flask server started (app.py:52)
2025-07-17 20:56:57,056 - MainProcess - MainThread - INFO - __main__ - Cleanup scheduler started (app.py:56)
2025-07-17 20:57:02,061 - MainProcess - Thread-2 (cleanup_scheduler) - INFO - sqlalchemy.engine.Engine - SELECT codes.code AS codes_code, codes.order_id AS codes_order_id, codes.usage_limit AS codes_usage_limit, codes.current_usage AS codes_current_usage, codes.expiration_date AS codes_expiration_date, codes.created_at AS codes_created_at 
FROM codes 
WHERE codes.expiration_date IS NOT NULL AND codes.expiration_date <= ? (base.py:1846)
2025-07-17 20:57:02,061 - MainProcess - Thread-2 (cleanup_scheduler) - INFO - sqlalchemy.engine.Engine - [generated in 0.00072s] ('2025-07-17 20:57:02.059075',) (base.py:1846)
2025-07-17 20:57:02,062 - MainProcess - Thread-2 (cleanup_scheduler) - INFO - backend.controllers.code_cleanup - No expired codes to clean up. (code_cleanup.py:33)
2025-07-17 20:57:17,565 - MainProcess - MainThread - INFO - __main__ - Exiting program. Cleaning up GPIO... (app.py:63)
2025-07-17 20:57:19,429 - MainProcess - MainThread - INFO - sqlalchemy.engine.Engine - BEGIN (implicit) (base.py:2701)
2025-07-17 20:57:19,430 - MainProcess - MainThread - INFO - sqlalchemy.engine.Engine - PRAGMA main.table_info("settings") (base.py:1846)
2025-07-17 20:57:19,430 - MainProcess - MainThread - INFO - sqlalchemy.engine.Engine - [raw sql] () (base.py:1846)
2025-07-17 20:57:19,431 - MainProcess - MainThread - INFO - sqlalchemy.engine.Engine - COMMIT (base.py:2707)
2025-07-17 20:57:19,994 - MainProcess - MainThread - INFO - __main__ - ===== APP STARTED ===== (app.py:25)
2025-07-17 20:57:20,338 - MainProcess - MainThread - INFO - sqlalchemy.engine.Engine - SELECT settings.id AS settings_id, settings."key" AS settings_key, settings.value AS settings_value 
FROM settings 
WHERE settings."key" = ?
 LIMIT ? OFFSET ? (base.py:1846)
2025-07-17 20:57:20,339 - MainProcess - MainThread - INFO - sqlalchemy.engine.Engine - [cached since 0.9116s ago] ('serial_port', 1, 0) (base.py:1846)
2025-07-17 20:57:20,340 - MainProcess - MainThread - INFO - sqlalchemy.engine.Engine - SELECT settings.id AS settings_id, settings."key" AS settings_key, settings.value AS settings_value 
FROM settings 
WHERE settings."key" = ?
 LIMIT ? OFFSET ? (base.py:1846)
2025-07-17 20:57:20,340 - MainProcess - MainThread - INFO - sqlalchemy.engine.Engine - [cached since 0.9132s ago] ('serial_baudrate', 1, 0) (base.py:1846)
2025-07-17 20:57:20,341 - MainProcess - MainThread - INFO - sqlalchemy.engine.Engine - SELECT settings.id AS settings_id, settings."key" AS settings_key, settings.value AS settings_value 
FROM settings 
WHERE settings."key" = ?
 LIMIT ? OFFSET ? (base.py:1846)
2025-07-17 20:57:20,341 - MainProcess - MainThread - INFO - sqlalchemy.engine.Engine - [cached since 0.9142s ago] ('scan_timeout', 1, 0) (base.py:1846)
2025-07-17 20:57:20,342 - MainProcess - MainThread - INFO - sqlalchemy.engine.Engine - SELECT settings.id AS settings_id, settings."key" AS settings_key, settings.value AS settings_value 
FROM settings 
WHERE settings."key" = ?
 LIMIT ? OFFSET ? (base.py:1846)
2025-07-17 20:57:20,343 - MainProcess - MainThread - INFO - sqlalchemy.engine.Engine - [cached since 0.9157s ago] ('shelly_ip', 1, 0) (base.py:1846)
2025-07-17 20:57:20,343 - MainProcess - MainThread - INFO - sqlalchemy.engine.Engine - SELECT settings.id AS settings_id, settings."key" AS settings_key, settings.value AS settings_value 
FROM settings 
WHERE settings."key" = ?
 LIMIT ? OFFSET ? (base.py:1846)
2025-07-17 20:57:20,344 - MainProcess - MainThread - INFO - sqlalchemy.engine.Engine - [cached since 0.9167s ago] ('pulse_duration', 1, 0) (base.py:1846)
2025-07-17 20:57:20,345 - MainProcess - MainThread - INFO - sqlalchemy.engine.Engine - SELECT settings.id AS settings_id, settings."key" AS settings_key, settings.value AS settings_value 
FROM settings 
WHERE settings."key" = ?
 LIMIT ? OFFSET ? (base.py:1846)
2025-07-17 20:57:20,345 - MainProcess - MainThread - INFO - sqlalchemy.engine.Engine - [cached since 0.9182s ago] ('relay_mode', 1, 0) (base.py:1846)
2025-07-17 20:57:20,346 - MainProcess - MainThread - WARNING - backend.controllers.qr_scanner - Serial scanner not available: could not open port '/dev/ttyUSB0': FileNotFoundError(2, 'The system cannot find the path specified.', None, 3) (qr_scanner.py:43)
2025-07-17 20:57:20,348 - MainProcess - MainThread - INFO - sqlalchemy.engine.Engine - BEGIN (implicit) (base.py:2701)
2025-07-17 20:57:20,348 - MainProcess - MainThread - INFO - sqlalchemy.engine.Engine - PRAGMA main.table_info("settings") (base.py:1846)
2025-07-17 20:57:20,348 - MainProcess - MainThread - INFO - sqlalchemy.engine.Engine - [raw sql] () (base.py:1846)
2025-07-17 20:57:20,349 - MainProcess - MainThread - INFO - sqlalchemy.engine.Engine - PRAGMA main.table_info("codes") (base.py:1846)
2025-07-17 20:57:20,349 - MainProcess - MainThread - INFO - sqlalchemy.engine.Engine - [raw sql] () (base.py:1846)
2025-07-17 20:57:20,349 - MainProcess - MainThread - INFO - sqlalchemy.engine.Engine - PRAGMA main.table_info("scan_logs") (base.py:1846)
2025-07-17 20:57:20,350 - MainProcess - MainThread - INFO - sqlalchemy.engine.Engine - [raw sql] () (base.py:1846)
2025-07-17 20:57:20,350 - MainProcess - MainThread - INFO - sqlalchemy.engine.Engine - COMMIT (base.py:2707)
2025-07-17 20:57:20,350 - MainProcess - MainThread - INFO - __main__ - Database initialized (app.py:48)
2025-07-17 20:57:20,351 - MainProcess - MainThread - INFO - __main__ - Flask server started (app.py:52)
2025-07-17 20:57:20,351 - MainProcess - MainThread - INFO - __main__ - Cleanup scheduler started (app.py:56)
2025-07-17 20:57:20,504 - MainProcess - Thread-1 (start_flask) - INFO - sqlalchemy.engine.Engine - SELECT settings.id AS settings_id, settings."key" AS settings_key, settings.value AS settings_value 
FROM settings 
WHERE settings."key" = ?
 LIMIT ? OFFSET ? (base.py:1846)
2025-07-17 20:57:20,504 - MainProcess - Thread-1 (start_flask) - INFO - sqlalchemy.engine.Engine - [cached since 1.077s ago] ('cors_allowed_origins', 1, 0) (base.py:1846)
2025-07-17 20:57:20,539 - MainProcess - Thread-1 (start_flask) - INFO - werkzeug - [31m[1mWARNING: This is a development server. Do not use it in a production deployment. Use a production WSGI server instead.[0m
 * Running on all addresses (0.0.0.0)
 * Running on http://127.0.0.1:5000
 * Running on http://172.25.200.60:5000 (_internal.py:97)
2025-07-17 20:57:20,539 - MainProcess - Thread-1 (start_flask) - INFO - werkzeug - [33mPress CTRL+C to quit[0m (_internal.py:97)
2025-07-17 20:57:25,355 - MainProcess - Thread-2 (cleanup_scheduler) - INFO - sqlalchemy.engine.Engine - SELECT codes.code AS codes_code, codes.order_id AS codes_order_id, codes.usage_limit AS codes_usage_limit, codes.current_usage AS codes_current_usage, codes.expiration_date AS codes_expiration_date, codes.created_at AS codes_created_at 
FROM codes 
WHERE codes.expiration_date IS NOT NULL AND codes.expiration_date <= ? (base.py:1846)
2025-07-17 20:57:25,355 - MainProcess - Thread-2 (cleanup_scheduler) - INFO - sqlalchemy.engine.Engine - [generated in 0.00065s] ('2025-07-17 20:57:25.353593',) (base.py:1846)
2025-07-17 20:57:25,356 - MainProcess - Thread-2 (cleanup_scheduler) - INFO - backend.controllers.code_cleanup - No expired codes to clean up. (code_cleanup.py:33)
2025-07-17 20:57:25,371 - MainProcess - MainThread - DEBUG - backend.controllers.qr_scanner - Scanned code received (qr_scanner.py:175)
2025-07-17 20:57:25,372 - MainProcess - MainThread - INFO - sqlalchemy.engine.Engine - SELECT codes.code AS codes_code, codes.order_id AS codes_order_id, codes.usage_limit AS codes_usage_limit, codes.current_usage AS codes_current_usage, codes.expiration_date AS codes_expiration_date, codes.created_at AS codes_created_at 
FROM codes 
WHERE codes.code = ?
 LIMIT ? OFFSET ? (base.py:1846)
2025-07-17 20:57:25,373 - MainProcess - MainThread - INFO - sqlalchemy.engine.Engine - [generated in 0.00063s] ('sdgfafsa', 1, 0) (base.py:1846)
2025-07-17 20:57:25,373 - MainProcess - MainThread - WARNING - backend.controllers.qr_scanner - Invalid code (qr_scanner.py:116)
2025-07-17 20:57:25,374 - MainProcess - MainThread - INFO - sqlalchemy.engine.Engine - SELECT codes.code AS codes_code, codes.order_id AS codes_order_id, codes.usage_limit AS codes_usage_limit, codes.current_usage AS codes_current_usage, codes.expiration_date AS codes_expiration_date, codes.created_at AS codes_created_at 
FROM codes 
WHERE codes.code = ?
 LIMIT ? OFFSET ? (base.py:1846)
2025-07-17 20:57:25,374 - MainProcess - MainThread - INFO - sqlalchemy.engine.Engine - [cached since 0.002254s ago] ('sdgfafsa', 1, 0) (base.py:1846)
2025-07-17 20:57:25,376 - MainProcess - MainThread - INFO - sqlalchemy.engine.Engine - INSERT INTO scan_logs (code, order_id, timestamp, result, details) VALUES (?, ?, ?, ?, ?) (base.py:1846)
2025-07-17 20:57:25,377 - MainProcess - MainThread - INFO - sqlalchemy.engine.Engine - [generated in 0.00032s] ('sdgfafsa', None, '2025-07-17 20:57:25.375407', 'invalid', 'Invalid code') (base.py:1846)
2025-07-17 20:57:25,397 - MainProcess - MainThread - INFO - sqlalchemy.engine.Engine - COMMIT (base.py:2707)
2025-07-17 20:57:50,841 - MainProcess - MainThread - DEBUG - backend.controllers.qr_scanner - Scanned code received (qr_scanner.py:175)
2025-07-17 20:57:50,842 - MainProcess - MainThread - INFO - sqlalchemy.engine.Engine - BEGIN (implicit) (base.py:2701)
2025-07-17 20:57:50,843 - MainProcess - MainThread - INFO - sqlalchemy.engine.Engine - SELECT codes.code AS codes_code, codes.order_id AS codes_order_id, codes.usage_limit AS codes_usage_limit, codes.current_usage AS codes_current_usage, codes.expiration_date AS codes_expiration_date, codes.created_at AS codes_created_at 
FROM codes 
WHERE codes.code = ?
 LIMIT ? OFFSET ? (base.py:1846)
2025-07-17 20:57:50,843 - MainProcess - MainThread - INFO - sqlalchemy.engine.Engine - [cached since 25.47s ago] ('dfsasf', 1, 0) (base.py:1846)
2025-07-17 20:57:50,844 - MainProcess - MainThread - WARNING - backend.controllers.qr_scanner - Invalid code (qr_scanner.py:116)
2025-07-17 20:57:50,845 - MainProcess - MainThread - INFO - sqlalchemy.engine.Engine - SELECT codes.code AS codes_code, codes.order_id AS codes_order_id, codes.usage_limit AS codes_usage_limit, codes.current_usage AS codes_current_usage, codes.expiration_date AS codes_expiration_date, codes.created_at AS codes_created_at 
FROM codes 
WHERE codes.code = ?
 LIMIT ? OFFSET ? (base.py:1846)
2025-07-17 20:57:50,846 - MainProcess - MainThread - INFO - sqlalchemy.engine.Engine - [cached since 25.47s ago] ('dfsasf', 1, 0) (base.py:1846)
2025-07-17 20:57:50,847 - MainProcess - MainThread - INFO - sqlalchemy.engine.Engine - INSERT INTO scan_logs (code, order_id, timestamp, result, details) VALUES (?, ?, ?, ?, ?) (base.py:1846)
2025-07-17 20:57:50,848 - MainProcess - MainThread - INFO - sqlalchemy.engine.Engine - [cached since 25.47s ago] ('dfsasf', None, '2025-07-17 20:57:50.847323', 'invalid', 'Invalid code') (base.py:1846)
2025-07-17 20:57:50,868 - MainProcess - MainThread - INFO - sqlalchemy.engine.Engine - COMMIT (base.py:2707)
2025-07-17 20:57:54,090 - MainProcess - MainThread - DEBUG - backend.controllers.qr_scanner - Scanned code received (qr_scanner.py:175)
2025-07-17 20:57:54,091 - MainProcess - MainThread - INFO - sqlalchemy.engine.Engine - BEGIN (implicit) (base.py:2701)
2025-07-17 20:57:54,091 - MainProcess - MainThread - INFO - sqlalchemy.engine.Engine - SELECT codes.code AS codes_code, codes.order_id AS codes_order_id, codes.usage_limit AS codes_usage_limit, codes.current_usage AS codes_current_usage, codes.expiration_date AS codes_expiration_date, codes.created_at AS codes_created_at 
FROM codes 
WHERE codes.code = ?
 LIMIT ? OFFSET ? (base.py:1846)
2025-07-17 20:57:54,092 - MainProcess - MainThread - INFO - sqlalchemy.engine.Engine - [cached since 28.72s ago] ('sdfsfsdf', 1, 0) (base.py:1846)
2025-07-17 20:57:54,093 - MainProcess - MainThread - WARNING - backend.controllers.qr_scanner - Invalid code (qr_scanner.py:116)
2025-07-17 20:57:54,093 - MainProcess - MainThread - INFO - sqlalchemy.engine.Engine - SELECT codes.code AS codes_code, codes.order_id AS codes_order_id, codes.usage_limit AS codes_usage_limit, codes.current_usage AS codes_current_usage, codes.expiration_date AS codes_expiration_date, codes.created_at AS codes_created_at 
FROM codes 
WHERE codes.code = ?
 LIMIT ? OFFSET ? (base.py:1846)
2025-07-17 20:57:54,094 - MainProcess - MainThread - INFO - sqlalchemy.engine.Engine - [cached since 28.72s ago] ('sdfsfsdf', 1, 0) (base.py:1846)
2025-07-17 20:57:54,095 - MainProcess - MainThread - INFO - sqlalchemy.engine.Engine - INSERT INTO scan_logs (code, order_id, timestamp, result, details) VALUES (?, ?, ?, ?, ?) (base.py:1846)
2025-07-17 20:57:54,096 - MainProcess - MainThread - INFO - sqlalchemy.engine.Engine - [cached since 28.72s ago] ('sdfsfsdf', None, '2025-07-17 20:57:54.095605', 'invalid', 'Invalid code') (base.py:1846)
2025-07-17 20:57:54,098 - MainProcess - MainThread - INFO - sqlalchemy.engine.Engine - COMMIT (base.py:2707)
2025-07-17 21:01:38,457 - MainProcess - Thread-3 (process_request_thread) - INFO - sqlalchemy.engine.Engine - BEGIN (implicit) (base.py:2701)
2025-07-17 21:01:38,458 - MainProcess - Thread-3 (process_request_thread) - INFO - sqlalchemy.engine.Engine - SELECT settings.id AS settings_id, settings."key" AS settings_key, settings.value AS settings_value 
FROM settings 
WHERE settings."key" = ?
 LIMIT ? OFFSET ? (base.py:1846)
2025-07-17 21:01:38,459 - MainProcess - Thread-3 (process_request_thread) - INFO - sqlalchemy.engine.Engine - [cached since 259s ago] ('api_key', 1, 0) (base.py:1846)
2025-07-17 21:01:38,462 - MainProcess - Thread-3 (process_request_thread) - INFO - werkzeug - 127.0.0.1 - - [17/Jul/2025 21:01:38] "GET /api/ui_state HTTP/1.1" 200 - (_internal.py:97)
2025-07-17 21:01:38,737 - MainProcess - Thread-4 (process_request_thread) - INFO - sqlalchemy.engine.Engine - SELECT settings.id AS settings_id, settings."key" AS settings_key, settings.value AS settings_value 
FROM settings 
WHERE settings."key" = ?
 LIMIT ? OFFSET ? (base.py:1846)
2025-07-17 21:01:38,738 - MainProcess - Thread-4 (process_request_thread) - INFO - sqlalchemy.engine.Engine - [cached since 259.3s ago] ('api_key', 1, 0) (base.py:1846)
2025-07-17 21:01:38,739 - MainProcess - Thread-4 (process_request_thread) - INFO - werkzeug - 127.0.0.1 - - [17/Jul/2025 21:01:38] "GET /api/ui_state HTTP/1.1" 200 - (_internal.py:97)
2025-07-17 21:01:39,454 - MainProcess - Thread-5 (process_request_thread) - INFO - sqlalchemy.engine.Engine - SELECT settings.id AS settings_id, settings."key" AS settings_key, settings.value AS settings_value 
FROM settings 
WHERE settings."key" = ?
 LIMIT ? OFFSET ? (base.py:1846)
2025-07-17 21:01:39,456 - MainProcess - Thread-5 (process_request_thread) - INFO - sqlalchemy.engine.Engine - [cached since 260s ago] ('api_key', 1, 0) (base.py:1846)
2025-07-17 21:01:39,457 - MainProcess - Thread-5 (process_request_thread) - INFO - werkzeug - 127.0.0.1 - - [17/Jul/2025 21:01:39] "GET /api/ui_state HTTP/1.1" 200 - (_internal.py:97)
2025-07-17 21:01:39,720 - MainProcess - Thread-6 (process_request_thread) - INFO - sqlalchemy.engine.Engine - SELECT settings.id AS settings_id, settings."key" AS settings_key, settings.value AS settings_value 
FROM settings 
WHERE settings."key" = ?
 LIMIT ? OFFSET ? (base.py:1846)
2025-07-17 21:01:39,721 - MainProcess - Thread-6 (process_request_thread) - INFO - sqlalchemy.engine.Engine - [cached since 260.3s ago] ('api_key', 1, 0) (base.py:1846)
2025-07-17 21:01:39,722 - MainProcess - Thread-6 (process_request_thread) - INFO - werkzeug - 127.0.0.1 - - [17/Jul/2025 21:01:39] "GET /api/ui_state HTTP/1.1" 200 - (_internal.py:97)
2025-07-17 21:01:40,457 - MainProcess - Thread-7 (process_request_thread) - INFO - sqlalchemy.engine.Engine - SELECT settings.id AS settings_id, settings."key" AS settings_key, settings.value AS settings_value 
FROM settings 
WHERE settings."key" = ?
 LIMIT ? OFFSET ? (base.py:1846)
2025-07-17 21:01:40,457 - MainProcess - Thread-7 (process_request_thread) - INFO - sqlalchemy.engine.Engine - [cached since 261s ago] ('api_key', 1, 0) (base.py:1846)
2025-07-17 21:01:40,459 - MainProcess - Thread-7 (process_request_thread) - INFO - werkzeug - 127.0.0.1 - - [17/Jul/2025 21:01:40] "GET /api/ui_state HTTP/1.1" 200 - (_internal.py:97)
2025-07-17 21:01:40,720 - MainProcess - Thread-8 (process_request_thread) - INFO - sqlalchemy.engine.Engine - SELECT settings.id AS settings_id, settings."key" AS settings_key, settings.value AS settings_value 
FROM settings 
WHERE settings."key" = ?
 LIMIT ? OFFSET ? (base.py:1846)
2025-07-17 21:01:40,721 - MainProcess - Thread-8 (process_request_thread) - INFO - sqlalchemy.engine.Engine - [cached since 261.3s ago] ('api_key', 1, 0) (base.py:1846)
2025-07-17 21:01:40,722 - MainProcess - Thread-8 (process_request_thread) - INFO - werkzeug - 127.0.0.1 - - [17/Jul/2025 21:01:40] "GET /api/ui_state HTTP/1.1" 200 - (_internal.py:97)
2025-07-17 21:01:41,456 - MainProcess - Thread-9 (process_request_thread) - INFO - sqlalchemy.engine.Engine - SELECT settings.id AS settings_id, settings."key" AS settings_key, settings.value AS settings_value 
FROM settings 
WHERE settings."key" = ?
 LIMIT ? OFFSET ? (base.py:1846)
2025-07-17 21:01:41,456 - MainProcess - Thread-9 (process_request_thread) - INFO - sqlalchemy.engine.Engine - [cached since 262s ago] ('api_key', 1, 0) (base.py:1846)
2025-07-17 21:01:41,457 - MainProcess - Thread-9 (process_request_thread) - INFO - werkzeug - 127.0.0.1 - - [17/Jul/2025 21:01:41] "GET /api/ui_state HTTP/1.1" 200 - (_internal.py:97)
2025-07-17 21:01:41,720 - MainProcess - Thread-10 (process_request_thread) - INFO - sqlalchemy.engine.Engine - SELECT settings.id AS settings_id, settings."key" AS settings_key, settings.value AS settings_value 
FROM settings 
WHERE settings."key" = ?
 LIMIT ? OFFSET ? (base.py:1846)
2025-07-17 21:01:41,721 - MainProcess - Thread-10 (process_request_thread) - INFO - sqlalchemy.engine.Engine - [cached since 262.3s ago] ('api_key', 1, 0) (base.py:1846)
2025-07-17 21:01:41,722 - MainProcess - Thread-10 (process_request_thread) - INFO - werkzeug - 127.0.0.1 - - [17/Jul/2025 21:01:41] "GET /api/ui_state HTTP/1.1" 200 - (_internal.py:97)
2025-07-17 21:01:42,456 - MainProcess - Thread-11 (process_request_thread) - INFO - sqlalchemy.engine.Engine - SELECT settings.id AS settings_id, settings."key" AS settings_key, settings.value AS settings_value 
FROM settings 
WHERE settings."key" = ?
 LIMIT ? OFFSET ? (base.py:1846)
2025-07-17 21:01:42,457 - MainProcess - Thread-11 (process_request_thread) - INFO - sqlalchemy.engine.Engine - [cached since 263s ago] ('api_key', 1, 0) (base.py:1846)
2025-07-17 21:01:42,458 - MainProcess - Thread-11 (process_request_thread) - INFO - werkzeug - 127.0.0.1 - - [17/Jul/2025 21:01:42] "GET /api/ui_state HTTP/1.1" 200 - (_internal.py:97)
2025-07-17 21:01:42,717 - MainProcess - Thread-12 (process_request_thread) - INFO - sqlalchemy.engine.Engine - SELECT settings.id AS settings_id, settings."key" AS settings_key, settings.value AS settings_value 
FROM settings 
WHERE settings."key" = ?
 LIMIT ? OFFSET ? (base.py:1846)
2025-07-17 21:01:42,717 - MainProcess - Thread-12 (process_request_thread) - INFO - sqlalchemy.engine.Engine - [cached since 263.3s ago] ('api_key', 1, 0) (base.py:1846)
2025-07-17 21:01:42,718 - MainProcess - Thread-12 (process_request_thread) - INFO - werkzeug - 127.0.0.1 - - [17/Jul/2025 21:01:42] "GET /api/ui_state HTTP/1.1" 200 - (_internal.py:97)
2025-07-17 21:01:43,459 - MainProcess - Thread-13 (process_request_thread) - INFO - sqlalchemy.engine.Engine - SELECT settings.id AS settings_id, settings."key" AS settings_key, settings.value AS settings_value 
FROM settings 
WHERE settings."key" = ?
 LIMIT ? OFFSET ? (base.py:1846)
2025-07-17 21:01:43,460 - MainProcess - Thread-13 (process_request_thread) - INFO - sqlalchemy.engine.Engine - [cached since 264s ago] ('api_key', 1, 0) (base.py:1846)
2025-07-17 21:01:43,461 - MainProcess - Thread-13 (process_request_thread) - INFO - werkzeug - 127.0.0.1 - - [17/Jul/2025 21:01:43] "GET /api/ui_state HTTP/1.1" 200 - (_internal.py:97)
2025-07-17 21:01:43,719 - MainProcess - Thread-14 (process_request_thread) - INFO - sqlalchemy.engine.Engine - SELECT settings.id AS settings_id, settings."key" AS settings_key, settings.value AS settings_value 
FROM settings 
WHERE settings."key" = ?
 LIMIT ? OFFSET ? (base.py:1846)
2025-07-17 21:01:43,719 - MainProcess - Thread-14 (process_request_thread) - INFO - sqlalchemy.engine.Engine - [cached since 264.3s ago] ('api_key', 1, 0) (base.py:1846)
2025-07-17 21:01:43,720 - MainProcess - Thread-14 (process_request_thread) - INFO - werkzeug - 127.0.0.1 - - [17/Jul/2025 21:01:43] "GET /api/ui_state HTTP/1.1" 200 - (_internal.py:97)
2025-07-17 21:01:44,722 - MainProcess - Thread-15 (process_request_thread) - INFO - sqlalchemy.engine.Engine - SELECT settings.id AS settings_id, settings."key" AS settings_key, settings.value AS settings_value 
FROM settings 
WHERE settings."key" = ?
 LIMIT ? OFFSET ? (base.py:1846)
2025-07-17 21:01:44,723 - MainProcess - Thread-15 (process_request_thread) - INFO - sqlalchemy.engine.Engine - [cached since 265.3s ago] ('api_key', 1, 0) (base.py:1846)
2025-07-17 21:01:44,724 - MainProcess - Thread-15 (process_request_thread) - INFO - werkzeug - 127.0.0.1 - - [17/Jul/2025 21:01:44] "GET /api/ui_state HTTP/1.1" 200 - (_internal.py:97)
2025-07-17 21:01:45,718 - MainProcess - Thread-16 (process_request_thread) - INFO - sqlalchemy.engine.Engine - SELECT settings.id AS settings_id, settings."key" AS settings_key, settings.value AS settings_value 
FROM settings 
WHERE settings."key" = ?
 LIMIT ? OFFSET ? (base.py:1846)
2025-07-17 21:01:45,719 - MainProcess - Thread-16 (process_request_thread) - INFO - sqlalchemy.engine.Engine - [cached since 266.3s ago] ('api_key', 1, 0) (base.py:1846)
2025-07-17 21:01:45,720 - MainProcess - Thread-16 (process_request_thread) - INFO - werkzeug - 127.0.0.1 - - [17/Jul/2025 21:01:45] "GET /api/ui_state HTTP/1.1" 200 - (_internal.py:97)
2025-07-17 21:01:46,716 - MainProcess - Thread-17 (process_request_thread) - INFO - sqlalchemy.engine.Engine - SELECT settings.id AS settings_id, settings."key" AS settings_key, settings.value AS settings_value 
FROM settings 
WHERE settings."key" = ?
 LIMIT ? OFFSET ? (base.py:1846)
2025-07-17 21:01:46,717 - MainProcess - Thread-17 (process_request_thread) - INFO - sqlalchemy.engine.Engine - [cached since 267.3s ago] ('api_key', 1, 0) (base.py:1846)
2025-07-17 21:01:46,718 - MainProcess - Thread-17 (process_request_thread) - INFO - werkzeug - 127.0.0.1 - - [17/Jul/2025 21:01:46] "GET /api/ui_state HTTP/1.1" 200 - (_internal.py:97)
2025-07-17 21:01:47,724 - MainProcess - Thread-18 (process_request_thread) - INFO - sqlalchemy.engine.Engine - SELECT settings.id AS settings_id, settings."key" AS settings_key, settings.value AS settings_value 
FROM settings 
WHERE settings."key" = ?
 LIMIT ? OFFSET ? (base.py:1846)
2025-07-17 21:01:47,725 - MainProcess - Thread-18 (process_request_thread) - INFO - sqlalchemy.engine.Engine - [cached since 268.3s ago] ('api_key', 1, 0) (base.py:1846)
2025-07-17 21:01:47,726 - MainProcess - Thread-18 (process_request_thread) - INFO - werkzeug - 127.0.0.1 - - [17/Jul/2025 21:01:47] "GET /api/ui_state HTTP/1.1" 200 - (_internal.py:97)
2025-07-17 21:01:48,723 - MainProcess - Thread-19 (process_request_thread) - INFO - sqlalchemy.engine.Engine - SELECT settings.id AS settings_id, settings."key" AS settings_key, settings.value AS settings_value 
FROM settings 
WHERE settings."key" = ?
 LIMIT ? OFFSET ? (base.py:1846)
2025-07-17 21:01:48,724 - MainProcess - Thread-19 (process_request_thread) - INFO - sqlalchemy.engine.Engine - [cached since 269.3s ago] ('api_key', 1, 0) (base.py:1846)
2025-07-17 21:01:48,725 - MainProcess - Thread-19 (process_request_thread) - INFO - werkzeug - 127.0.0.1 - - [17/Jul/2025 21:01:48] "GET /api/ui_state HTTP/1.1" 200 - (_internal.py:97)
2025-07-17 21:01:49,725 - MainProcess - Thread-20 (process_request_thread) - INFO - sqlalchemy.engine.Engine - SELECT settings.id AS settings_id, settings."key" AS settings_key, settings.value AS settings_value 
FROM settings 
WHERE settings."key" = ?
 LIMIT ? OFFSET ? (base.py:1846)
2025-07-17 21:01:49,726 - MainProcess - Thread-20 (process_request_thread) - INFO - sqlalchemy.engine.Engine - [cached since 270.3s ago] ('api_key', 1, 0) (base.py:1846)
2025-07-17 21:01:49,727 - MainProcess - Thread-20 (process_request_thread) - INFO - werkzeug - 127.0.0.1 - - [17/Jul/2025 21:01:49] "GET /api/ui_state HTTP/1.1" 200 - (_internal.py:97)
2025-07-17 21:01:50,725 - MainProcess - Thread-21 (process_request_thread) - INFO - sqlalchemy.engine.Engine - SELECT settings.id AS settings_id, settings."key" AS settings_key, settings.value AS settings_value 
FROM settings 
WHERE settings."key" = ?
 LIMIT ? OFFSET ? (base.py:1846)
2025-07-17 21:01:50,726 - MainProcess - Thread-21 (process_request_thread) - INFO - sqlalchemy.engine.Engine - [cached since 271.3s ago] ('api_key', 1, 0) (base.py:1846)
2025-07-17 21:01:50,728 - MainProcess - Thread-21 (process_request_thread) - INFO - werkzeug - 127.0.0.1 - - [17/Jul/2025 21:01:50] "GET /api/ui_state HTTP/1.1" 200 - (_internal.py:97)
2025-07-17 21:01:51,726 - MainProcess - Thread-22 (process_request_thread) - INFO - sqlalchemy.engine.Engine - SELECT settings.id AS settings_id, settings."key" AS settings_key, settings.value AS settings_value 
FROM settings 
WHERE settings."key" = ?
 LIMIT ? OFFSET ? (base.py:1846)
2025-07-17 21:01:51,726 - MainProcess - Thread-22 (process_request_thread) - INFO - sqlalchemy.engine.Engine - [cached since 272.3s ago] ('api_key', 1, 0) (base.py:1846)
2025-07-17 21:01:51,728 - MainProcess - Thread-22 (process_request_thread) - INFO - werkzeug - 127.0.0.1 - - [17/Jul/2025 21:01:51] "GET /api/ui_state HTTP/1.1" 200 - (_internal.py:97)
2025-07-17 21:01:52,724 - MainProcess - Thread-23 (process_request_thread) - INFO - sqlalchemy.engine.Engine - SELECT settings.id AS settings_id, settings."key" AS settings_key, settings.value AS settings_value 
FROM settings 
WHERE settings."key" = ?
 LIMIT ? OFFSET ? (base.py:1846)
2025-07-17 21:01:52,724 - MainProcess - Thread-23 (process_request_thread) - INFO - sqlalchemy.engine.Engine - [cached since 273.3s ago] ('api_key', 1, 0) (base.py:1846)
2025-07-17 21:01:52,725 - MainProcess - Thread-23 (process_request_thread) - INFO - werkzeug - 127.0.0.1 - - [17/Jul/2025 21:01:52] "GET /api/ui_state HTTP/1.1" 200 - (_internal.py:97)
2025-07-17 21:01:53,724 - MainProcess - Thread-24 (process_request_thread) - INFO - sqlalchemy.engine.Engine - SELECT settings.id AS settings_id, settings."key" AS settings_key, settings.value AS settings_value 
FROM settings 
WHERE settings."key" = ?
 LIMIT ? OFFSET ? (base.py:1846)
2025-07-17 21:01:53,724 - MainProcess - Thread-24 (process_request_thread) - INFO - sqlalchemy.engine.Engine - [cached since 274.3s ago] ('api_key', 1, 0) (base.py:1846)
2025-07-17 21:01:53,726 - MainProcess - Thread-24 (process_request_thread) - INFO - werkzeug - 127.0.0.1 - - [17/Jul/2025 21:01:53] "GET /api/ui_state HTTP/1.1" 200 - (_internal.py:97)
2025-07-17 21:01:54,727 - MainProcess - Thread-25 (process_request_thread) - INFO - sqlalchemy.engine.Engine - SELECT settings.id AS settings_id, settings."key" AS settings_key, settings.value AS settings_value 
FROM settings 
WHERE settings."key" = ?
 LIMIT ? OFFSET ? (base.py:1846)
2025-07-17 21:01:54,728 - MainProcess - Thread-25 (process_request_thread) - INFO - sqlalchemy.engine.Engine - [cached since 275.3s ago] ('api_key', 1, 0) (base.py:1846)
2025-07-17 21:01:54,729 - MainProcess - Thread-25 (process_request_thread) - INFO - werkzeug - 127.0.0.1 - - [17/Jul/2025 21:01:54] "GET /api/ui_state HTTP/1.1" 200 - (_internal.py:97)
2025-07-17 21:01:55,728 - MainProcess - Thread-26 (process_request_thread) - INFO - sqlalchemy.engine.Engine - SELECT settings.id AS settings_id, settings."key" AS settings_key, settings.value AS settings_value 
FROM settings 
WHERE settings."key" = ?
 LIMIT ? OFFSET ? (base.py:1846)
2025-07-17 21:01:55,728 - MainProcess - Thread-26 (process_request_thread) - INFO - sqlalchemy.engine.Engine - [cached since 276.3s ago] ('api_key', 1, 0) (base.py:1846)
2025-07-17 21:01:55,730 - MainProcess - Thread-26 (process_request_thread) - INFO - werkzeug - 127.0.0.1 - - [17/Jul/2025 21:01:55] "GET /api/ui_state HTTP/1.1" 200 - (_internal.py:97)
2025-07-17 21:01:56,728 - MainProcess - Thread-27 (process_request_thread) - INFO - sqlalchemy.engine.Engine - SELECT settings.id AS settings_id, settings."key" AS settings_key, settings.value AS settings_value 
FROM settings 
WHERE settings."key" = ?
 LIMIT ? OFFSET ? (base.py:1846)
2025-07-17 21:01:56,729 - MainProcess - Thread-27 (process_request_thread) - INFO - sqlalchemy.engine.Engine - [cached since 277.3s ago] ('api_key', 1, 0) (base.py:1846)
2025-07-17 21:01:56,730 - MainProcess - Thread-27 (process_request_thread) - INFO - werkzeug - 127.0.0.1 - - [17/Jul/2025 21:01:56] "GET /api/ui_state HTTP/1.1" 200 - (_internal.py:97)
2025-07-17 21:01:57,719 - MainProcess - Thread-28 (process_request_thread) - INFO - sqlalchemy.engine.Engine - SELECT settings.id AS settings_id, settings."key" AS settings_key, settings.value AS settings_value 
FROM settings 
WHERE settings."key" = ?
 LIMIT ? OFFSET ? (base.py:1846)
2025-07-17 21:01:57,719 - MainProcess - Thread-28 (process_request_thread) - INFO - sqlalchemy.engine.Engine - [cached since 278.3s ago] ('api_key', 1, 0) (base.py:1846)
2025-07-17 21:01:57,721 - MainProcess - Thread-28 (process_request_thread) - INFO - werkzeug - 127.0.0.1 - - [17/Jul/2025 21:01:57] "GET /api/ui_state HTTP/1.1" 200 - (_internal.py:97)
2025-07-17 21:01:58,728 - MainProcess - Thread-29 (process_request_thread) - INFO - sqlalchemy.engine.Engine - SELECT settings.id AS settings_id, settings."key" AS settings_key, settings.value AS settings_value 
FROM settings 
WHERE settings."key" = ?
 LIMIT ? OFFSET ? (base.py:1846)
2025-07-17 21:01:58,728 - MainProcess - Thread-29 (process_request_thread) - INFO - sqlalchemy.engine.Engine - [cached since 279.3s ago] ('api_key', 1, 0) (base.py:1846)
2025-07-17 21:01:58,729 - MainProcess - Thread-29 (process_request_thread) - INFO - werkzeug - 127.0.0.1 - - [17/Jul/2025 21:01:58] "GET /api/ui_state HTTP/1.1" 200 - (_internal.py:97)
2025-07-17 21:01:59,729 - MainProcess - Thread-30 (process_request_thread) - INFO - sqlalchemy.engine.Engine - SELECT settings.id AS settings_id, settings."key" AS settings_key, settings.value AS settings_value 
FROM settings 
WHERE settings."key" = ?
 LIMIT ? OFFSET ? (base.py:1846)
2025-07-17 21:01:59,730 - MainProcess - Thread-30 (process_request_thread) - INFO - sqlalchemy.engine.Engine - [cached since 280.3s ago] ('api_key', 1, 0) (base.py:1846)
2025-07-17 21:01:59,731 - MainProcess - Thread-30 (process_request_thread) - INFO - werkzeug - 127.0.0.1 - - [17/Jul/2025 21:01:59] "GET /api/ui_state HTTP/1.1" 200 - (_internal.py:97)
2025-07-17 21:02:00,720 - MainProcess - Thread-31 (process_request_thread) - INFO - sqlalchemy.engine.Engine - SELECT settings.id AS settings_id, settings."key" AS settings_key, settings.value AS settings_value 
FROM settings 
WHERE settings."key" = ?
 LIMIT ? OFFSET ? (base.py:1846)
2025-07-17 21:02:00,720 - MainProcess - Thread-31 (process_request_thread) - INFO - sqlalchemy.engine.Engine - [cached since 281.3s ago] ('api_key', 1, 0) (base.py:1846)
2025-07-17 21:02:00,721 - MainProcess - Thread-31 (process_request_thread) - INFO - werkzeug - 127.0.0.1 - - [17/Jul/2025 21:02:00] "GET /api/ui_state HTTP/1.1" 200 - (_internal.py:97)
2025-07-17 21:02:01,717 - MainProcess - Thread-32 (process_request_thread) - INFO - sqlalchemy.engine.Engine - SELECT settings.id AS settings_id, settings."key" AS settings_key, settings.value AS settings_value 
FROM settings 
WHERE settings."key" = ?
 LIMIT ? OFFSET ? (base.py:1846)
2025-07-17 21:02:01,718 - MainProcess - Thread-32 (process_request_thread) - INFO - sqlalchemy.engine.Engine - [cached since 282.3s ago] ('api_key', 1, 0) (base.py:1846)
2025-07-17 21:02:01,719 - MainProcess - Thread-32 (process_request_thread) - INFO - werkzeug - 127.0.0.1 - - [17/Jul/2025 21:02:01] "GET /api/ui_state HTTP/1.1" 200 - (_internal.py:97)
2025-07-17 21:02:02,716 - MainProcess - Thread-33 (process_request_thread) - INFO - sqlalchemy.engine.Engine - SELECT settings.id AS settings_id, settings."key" AS settings_key, settings.value AS settings_value 
FROM settings 
WHERE settings."key" = ?
 LIMIT ? OFFSET ? (base.py:1846)
2025-07-17 21:02:02,716 - MainProcess - Thread-33 (process_request_thread) - INFO - sqlalchemy.engine.Engine - [cached since 283.3s ago] ('api_key', 1, 0) (base.py:1846)
2025-07-17 21:02:02,717 - MainProcess - Thread-33 (process_request_thread) - INFO - werkzeug - 127.0.0.1 - - [17/Jul/2025 21:02:02] "GET /api/ui_state HTTP/1.1" 200 - (_internal.py:97)
2025-07-17 21:02:03,731 - MainProcess - Thread-34 (process_request_thread) - INFO - sqlalchemy.engine.Engine - SELECT settings.id AS settings_id, settings."key" AS settings_key, settings.value AS settings_value 
FROM settings 
WHERE settings."key" = ?
 LIMIT ? OFFSET ? (base.py:1846)
2025-07-17 21:02:03,732 - MainProcess - Thread-34 (process_request_thread) - INFO - sqlalchemy.engine.Engine - [cached since 284.3s ago] ('api_key', 1, 0) (base.py:1846)
2025-07-17 21:02:03,733 - MainProcess - Thread-34 (process_request_thread) - INFO - werkzeug - 127.0.0.1 - - [17/Jul/2025 21:02:03] "GET /api/ui_state HTTP/1.1" 200 - (_internal.py:97)
2025-07-17 21:02:04,732 - MainProcess - Thread-35 (process_request_thread) - INFO - sqlalchemy.engine.Engine - SELECT settings.id AS settings_id, settings."key" AS settings_key, settings.value AS settings_value 
FROM settings 
WHERE settings."key" = ?
 LIMIT ? OFFSET ? (base.py:1846)
2025-07-17 21:02:04,732 - MainProcess - Thread-35 (process_request_thread) - INFO - sqlalchemy.engine.Engine - [cached since 285.3s ago] ('api_key', 1, 0) (base.py:1846)
2025-07-17 21:02:04,734 - MainProcess - Thread-35 (process_request_thread) - INFO - werkzeug - 127.0.0.1 - - [17/Jul/2025 21:02:04] "GET /api/ui_state HTTP/1.1" 200 - (_internal.py:97)
2025-07-17 21:02:05,731 - MainProcess - Thread-36 (process_request_thread) - INFO - sqlalchemy.engine.Engine - SELECT settings.id AS settings_id, settings."key" AS settings_key, settings.value AS settings_value 
FROM settings 
WHERE settings."key" = ?
 LIMIT ? OFFSET ? (base.py:1846)
2025-07-17 21:02:05,732 - MainProcess - Thread-36 (process_request_thread) - INFO - sqlalchemy.engine.Engine - [cached since 286.3s ago] ('api_key', 1, 0) (base.py:1846)
2025-07-17 21:02:05,733 - MainProcess - Thread-36 (process_request_thread) - INFO - werkzeug - 127.0.0.1 - - [17/Jul/2025 21:02:05] "GET /api/ui_state HTTP/1.1" 200 - (_internal.py:97)
2025-07-17 21:02:06,719 - MainProcess - Thread-37 (process_request_thread) - INFO - sqlalchemy.engine.Engine - SELECT settings.id AS settings_id, settings."key" AS settings_key, settings.value AS settings_value 
FROM settings 
WHERE settings."key" = ?
 LIMIT ? OFFSET ? (base.py:1846)
2025-07-17 21:02:06,719 - MainProcess - Thread-37 (process_request_thread) - INFO - sqlalchemy.engine.Engine - [cached since 287.3s ago] ('api_key', 1, 0) (base.py:1846)
2025-07-17 21:02:06,721 - MainProcess - Thread-37 (process_request_thread) - INFO - werkzeug - 127.0.0.1 - - [17/Jul/2025 21:02:06] "GET /api/ui_state HTTP/1.1" 200 - (_internal.py:97)
2025-07-17 21:02:07,717 - MainProcess - Thread-38 (process_request_thread) - INFO - sqlalchemy.engine.Engine - SELECT settings.id AS settings_id, settings."key" AS settings_key, settings.value AS settings_value 
FROM settings 
WHERE settings."key" = ?
 LIMIT ? OFFSET ? (base.py:1846)
2025-07-17 21:02:07,718 - MainProcess - Thread-38 (process_request_thread) - INFO - sqlalchemy.engine.Engine - [cached since 288.3s ago] ('api_key', 1, 0) (base.py:1846)
2025-07-17 21:02:07,719 - MainProcess - Thread-38 (process_request_thread) - INFO - werkzeug - 127.0.0.1 - - [17/Jul/2025 21:02:07] "GET /api/ui_state HTTP/1.1" 200 - (_internal.py:97)
2025-07-17 21:02:08,720 - MainProcess - Thread-39 (process_request_thread) - INFO - sqlalchemy.engine.Engine - SELECT settings.id AS settings_id, settings."key" AS settings_key, settings.value AS settings_value 
FROM settings 
WHERE settings."key" = ?
 LIMIT ? OFFSET ? (base.py:1846)
2025-07-17 21:02:08,721 - MainProcess - Thread-39 (process_request_thread) - INFO - sqlalchemy.engine.Engine - [cached since 289.3s ago] ('api_key', 1, 0) (base.py:1846)
2025-07-17 21:02:08,722 - MainProcess - Thread-39 (process_request_thread) - INFO - werkzeug - 127.0.0.1 - - [17/Jul/2025 21:02:08] "GET /api/ui_state HTTP/1.1" 200 - (_internal.py:97)
2025-07-17 21:02:09,718 - MainProcess - Thread-40 (process_request_thread) - INFO - sqlalchemy.engine.Engine - SELECT settings.id AS settings_id, settings."key" AS settings_key, settings.value AS settings_value 
FROM settings 
WHERE settings."key" = ?
 LIMIT ? OFFSET ? (base.py:1846)
2025-07-17 21:02:09,718 - MainProcess - Thread-40 (process_request_thread) - INFO - sqlalchemy.engine.Engine - [cached since 290.3s ago] ('api_key', 1, 0) (base.py:1846)
2025-07-17 21:02:09,719 - MainProcess - Thread-40 (process_request_thread) - INFO - werkzeug - 127.0.0.1 - - [17/Jul/2025 21:02:09] "GET /api/ui_state HTTP/1.1" 200 - (_internal.py:97)
2025-07-17 21:02:10,456 - MainProcess - Thread-41 (process_request_thread) - INFO - sqlalchemy.engine.Engine - SELECT settings.id AS settings_id, settings."key" AS settings_key, settings.value AS settings_value 
FROM settings 
WHERE settings."key" = ?
 LIMIT ? OFFSET ? (base.py:1846)
2025-07-17 21:02:10,456 - MainProcess - Thread-41 (process_request_thread) - INFO - sqlalchemy.engine.Engine - [cached since 291s ago] ('api_key', 1, 0) (base.py:1846)
2025-07-17 21:02:10,457 - MainProcess - Thread-41 (process_request_thread) - INFO - werkzeug - 127.0.0.1 - - [17/Jul/2025 21:02:10] "GET /api/ui_state HTTP/1.1" 200 - (_internal.py:97)
2025-07-17 21:02:10,717 - MainProcess - Thread-42 (process_request_thread) - INFO - sqlalchemy.engine.Engine - SELECT settings.id AS settings_id, settings."key" AS settings_key, settings.value AS settings_value 
FROM settings 
WHERE settings."key" = ?
 LIMIT ? OFFSET ? (base.py:1846)
2025-07-17 21:02:10,718 - MainProcess - Thread-42 (process_request_thread) - INFO - sqlalchemy.engine.Engine - [cached since 291.3s ago] ('api_key', 1, 0) (base.py:1846)
2025-07-17 21:02:10,719 - MainProcess - Thread-42 (process_request_thread) - INFO - werkzeug - 127.0.0.1 - - [17/Jul/2025 21:02:10] "GET /api/ui_state HTTP/1.1" 200 - (_internal.py:97)
2025-07-17 21:02:11,721 - MainProcess - Thread-43 (process_request_thread) - INFO - sqlalchemy.engine.Engine - SELECT settings.id AS settings_id, settings."key" AS settings_key, settings.value AS settings_value 
FROM settings 
WHERE settings."key" = ?
 LIMIT ? OFFSET ? (base.py:1846)
2025-07-17 21:02:11,721 - MainProcess - Thread-43 (process_request_thread) - INFO - sqlalchemy.engine.Engine - [cached since 292.3s ago] ('api_key', 1, 0) (base.py:1846)
2025-07-17 21:02:11,723 - MainProcess - Thread-43 (process_request_thread) - INFO - werkzeug - 127.0.0.1 - - [17/Jul/2025 21:02:11] "GET /api/ui_state HTTP/1.1" 200 - (_internal.py:97)
2025-07-17 21:02:12,718 - MainProcess - Thread-44 (process_request_thread) - INFO - sqlalchemy.engine.Engine - SELECT settings.id AS settings_id, settings."key" AS settings_key, settings.value AS settings_value 
FROM settings 
WHERE settings."key" = ?
 LIMIT ? OFFSET ? (base.py:1846)
2025-07-17 21:02:12,718 - MainProcess - Thread-44 (process_request_thread) - INFO - sqlalchemy.engine.Engine - [cached since 293.3s ago] ('api_key', 1, 0) (base.py:1846)
2025-07-17 21:02:12,719 - MainProcess - Thread-44 (process_request_thread) - INFO - werkzeug - 127.0.0.1 - - [17/Jul/2025 21:02:12] "GET /api/ui_state HTTP/1.1" 200 - (_internal.py:97)
2025-07-17 21:02:13,719 - MainProcess - Thread-45 (process_request_thread) - INFO - sqlalchemy.engine.Engine - SELECT settings.id AS settings_id, settings."key" AS settings_key, settings.value AS settings_value 
FROM settings 
WHERE settings."key" = ?
 LIMIT ? OFFSET ? (base.py:1846)
2025-07-17 21:02:13,720 - MainProcess - Thread-45 (process_request_thread) - INFO - sqlalchemy.engine.Engine - [cached since 294.3s ago] ('api_key', 1, 0) (base.py:1846)
2025-07-17 21:02:13,721 - MainProcess - Thread-45 (process_request_thread) - INFO - werkzeug - 127.0.0.1 - - [17/Jul/2025 21:02:13] "GET /api/ui_state HTTP/1.1" 200 - (_internal.py:97)
2025-07-17 21:02:14,720 - MainProcess - Thread-46 (process_request_thread) - INFO - sqlalchemy.engine.Engine - SELECT settings.id AS settings_id, settings."key" AS settings_key, settings.value AS settings_value 
FROM settings 
WHERE settings."key" = ?
 LIMIT ? OFFSET ? (base.py:1846)
2025-07-17 21:02:14,721 - MainProcess - Thread-46 (process_request_thread) - INFO - sqlalchemy.engine.Engine - [cached since 295.3s ago] ('api_key', 1, 0) (base.py:1846)
2025-07-17 21:02:14,722 - MainProcess - Thread-46 (process_request_thread) - INFO - werkzeug - 127.0.0.1 - - [17/Jul/2025 21:02:14] "GET /api/ui_state HTTP/1.1" 200 - (_internal.py:97)
2025-07-17 21:02:15,723 - MainProcess - Thread-47 (process_request_thread) - INFO - sqlalchemy.engine.Engine - SELECT settings.id AS settings_id, settings."key" AS settings_key, settings.value AS settings_value 
FROM settings 
WHERE settings."key" = ?
 LIMIT ? OFFSET ? (base.py:1846)
2025-07-17 21:02:15,724 - MainProcess - Thread-47 (process_request_thread) - INFO - sqlalchemy.engine.Engine - [cached since 296.3s ago] ('api_key', 1, 0) (base.py:1846)
2025-07-17 21:02:15,724 - MainProcess - Thread-47 (process_request_thread) - INFO - werkzeug - 127.0.0.1 - - [17/Jul/2025 21:02:15] "GET /api/ui_state HTTP/1.1" 200 - (_internal.py:97)
2025-07-17 21:02:16,722 - MainProcess - Thread-48 (process_request_thread) - INFO - sqlalchemy.engine.Engine - SELECT settings.id AS settings_id, settings."key" AS settings_key, settings.value AS settings_value 
FROM settings 
WHERE settings."key" = ?
 LIMIT ? OFFSET ? (base.py:1846)
2025-07-17 21:02:16,723 - MainProcess - Thread-48 (process_request_thread) - INFO - sqlalchemy.engine.Engine - [cached since 297.3s ago] ('api_key', 1, 0) (base.py:1846)
2025-07-17 21:02:16,724 - MainProcess - Thread-48 (process_request_thread) - INFO - werkzeug - 127.0.0.1 - - [17/Jul/2025 21:02:16] "GET /api/ui_state HTTP/1.1" 200 - (_internal.py:97)
2025-07-17 21:02:17,721 - MainProcess - Thread-49 (process_request_thread) - INFO - sqlalchemy.engine.Engine - SELECT settings.id AS settings_id, settings."key" AS settings_key, settings.value AS settings_value 
FROM settings 
WHERE settings."key" = ?
 LIMIT ? OFFSET ? (base.py:1846)
2025-07-17 21:02:17,722 - MainProcess - Thread-49 (process_request_thread) - INFO - sqlalchemy.engine.Engine - [cached since 298.3s ago] ('api_key', 1, 0) (base.py:1846)
2025-07-17 21:02:17,723 - MainProcess - Thread-49 (process_request_thread) - INFO - werkzeug - 127.0.0.1 - - [17/Jul/2025 21:02:17] "GET /api/ui_state HTTP/1.1" 200 - (_internal.py:97)
2025-07-17 21:02:18,720 - MainProcess - Thread-50 (process_request_thread) - INFO - sqlalchemy.engine.Engine - SELECT settings.id AS settings_id, settings."key" AS settings_key, settings.value AS settings_value 
FROM settings 
WHERE settings."key" = ?
 LIMIT ? OFFSET ? (base.py:1846)
2025-07-17 21:02:18,720 - MainProcess - Thread-50 (process_request_thread) - INFO - sqlalchemy.engine.Engine - [cached since 299.3s ago] ('api_key', 1, 0) (base.py:1846)
2025-07-17 21:02:18,721 - MainProcess - Thread-50 (process_request_thread) - INFO - werkzeug - 127.0.0.1 - - [17/Jul/2025 21:02:18] "GET /api/ui_state HTTP/1.1" 200 - (_internal.py:97)
2025-07-17 21:02:19,720 - MainProcess - Thread-51 (process_request_thread) - INFO - sqlalchemy.engine.Engine - SELECT settings.id AS settings_id, settings."key" AS settings_key, settings.value AS settings_value 
FROM settings 
WHERE settings."key" = ?
 LIMIT ? OFFSET ? (base.py:1846)
2025-07-17 21:02:19,721 - MainProcess - Thread-51 (process_request_thread) - INFO - sqlalchemy.engine.Engine - [cached since 300.3s ago] ('api_key', 1, 0) (base.py:1846)
2025-07-17 21:02:19,722 - MainProcess - Thread-51 (process_request_thread) - INFO - werkzeug - 127.0.0.1 - - [17/Jul/2025 21:02:19] "GET /api/ui_state HTTP/1.1" 200 - (_internal.py:97)
2025-07-17 21:02:20,722 - MainProcess - Thread-52 (process_request_thread) - INFO - sqlalchemy.engine.Engine - SELECT settings.id AS settings_id, settings."key" AS settings_key, settings.value AS settings_value 
FROM settings 
WHERE settings."key" = ?
 LIMIT ? OFFSET ? (base.py:1846)
2025-07-17 21:02:20,722 - MainProcess - Thread-52 (process_request_thread) - INFO - sqlalchemy.engine.Engine - [cached since 301.3s ago] ('api_key', 1, 0) (base.py:1846)
2025-07-17 21:02:20,723 - MainProcess - Thread-52 (process_request_thread) - INFO - werkzeug - 127.0.0.1 - - [17/Jul/2025 21:02:20] "GET /api/ui_state HTTP/1.1" 200 - (_internal.py:97)
2025-07-17 21:02:21,722 - MainProcess - Thread-53 (process_request_thread) - INFO - sqlalchemy.engine.Engine - SELECT settings.id AS settings_id, settings."key" AS settings_key, settings.value AS settings_value 
FROM settings 
WHERE settings."key" = ?
 LIMIT ? OFFSET ? (base.py:1846)
2025-07-17 21:02:21,722 - MainProcess - Thread-53 (process_request_thread) - INFO - sqlalchemy.engine.Engine - [cached since 302.3s ago] ('api_key', 1, 0) (base.py:1846)
2025-07-17 21:02:21,724 - MainProcess - Thread-53 (process_request_thread) - INFO - werkzeug - 127.0.0.1 - - [17/Jul/2025 21:02:21] "GET /api/ui_state HTTP/1.1" 200 - (_internal.py:97)
2025-07-17 21:02:22,724 - MainProcess - Thread-54 (process_request_thread) - INFO - sqlalchemy.engine.Engine - SELECT settings.id AS settings_id, settings."key" AS settings_key, settings.value AS settings_value 
FROM settings 
WHERE settings."key" = ?
 LIMIT ? OFFSET ? (base.py:1846)
2025-07-17 21:02:22,725 - MainProcess - Thread-54 (process_request_thread) - INFO - sqlalchemy.engine.Engine - [cached since 303.3s ago] ('api_key', 1, 0) (base.py:1846)
2025-07-17 21:02:22,726 - MainProcess - Thread-54 (process_request_thread) - INFO - werkzeug - 127.0.0.1 - - [17/Jul/2025 21:02:22] "GET /api/ui_state HTTP/1.1" 200 - (_internal.py:97)
2025-07-17 21:02:23,723 - MainProcess - Thread-55 (process_request_thread) - INFO - sqlalchemy.engine.Engine - SELECT settings.id AS settings_id, settings."key" AS settings_key, settings.value AS settings_value 
FROM settings 
WHERE settings."key" = ?
 LIMIT ? OFFSET ? (base.py:1846)
2025-07-17 21:02:23,724 - MainProcess - Thread-55 (process_request_thread) - INFO - sqlalchemy.engine.Engine - [cached since 304.3s ago] ('api_key', 1, 0) (base.py:1846)
2025-07-17 21:02:23,724 - MainProcess - Thread-55 (process_request_thread) - INFO - werkzeug - 127.0.0.1 - - [17/Jul/2025 21:02:23] "GET /api/ui_state HTTP/1.1" 200 - (_internal.py:97)
2025-07-17 21:02:24,724 - MainProcess - Thread-56 (process_request_thread) - INFO - sqlalchemy.engine.Engine - SELECT settings.id AS settings_id, settings."key" AS settings_key, settings.value AS settings_value 
FROM settings 
WHERE settings."key" = ?
 LIMIT ? OFFSET ? (base.py:1846)
2025-07-17 21:02:24,724 - MainProcess - Thread-56 (process_request_thread) - INFO - sqlalchemy.engine.Engine - [cached since 305.3s ago] ('api_key', 1, 0) (base.py:1846)
2025-07-17 21:02:24,725 - MainProcess - Thread-56 (process_request_thread) - INFO - werkzeug - 127.0.0.1 - - [17/Jul/2025 21:02:24] "GET /api/ui_state HTTP/1.1" 200 - (_internal.py:97)
2025-07-17 21:02:25,724 - MainProcess - Thread-57 (process_request_thread) - INFO - sqlalchemy.engine.Engine - SELECT settings.id AS settings_id, settings."key" AS settings_key, settings.value AS settings_value 
FROM settings 
WHERE settings."key" = ?
 LIMIT ? OFFSET ? (base.py:1846)
2025-07-17 21:02:25,725 - MainProcess - Thread-57 (process_request_thread) - INFO - sqlalchemy.engine.Engine - [cached since 306.3s ago] ('api_key', 1, 0) (base.py:1846)
2025-07-17 21:02:25,726 - MainProcess - Thread-57 (process_request_thread) - INFO - werkzeug - 127.0.0.1 - - [17/Jul/2025 21:02:25] "GET /api/ui_state HTTP/1.1" 200 - (_internal.py:97)
2025-07-17 21:02:26,726 - MainProcess - Thread-58 (process_request_thread) - INFO - sqlalchemy.engine.Engine - SELECT settings.id AS settings_id, settings."key" AS settings_key, settings.value AS settings_value 
FROM settings 
WHERE settings."key" = ?
 LIMIT ? OFFSET ? (base.py:1846)
2025-07-17 21:02:26,726 - MainProcess - Thread-58 (process_request_thread) - INFO - sqlalchemy.engine.Engine - [cached since 307.3s ago] ('api_key', 1, 0) (base.py:1846)
2025-07-17 21:02:26,727 - MainProcess - Thread-58 (process_request_thread) - INFO - werkzeug - 127.0.0.1 - - [17/Jul/2025 21:02:26] "GET /api/ui_state HTTP/1.1" 200 - (_internal.py:97)
2025-07-17 21:02:27,725 - MainProcess - Thread-59 (process_request_thread) - INFO - sqlalchemy.engine.Engine - SELECT settings.id AS settings_id, settings."key" AS settings_key, settings.value AS settings_value 
FROM settings 
WHERE settings."key" = ?
 LIMIT ? OFFSET ? (base.py:1846)
2025-07-17 21:02:27,725 - MainProcess - Thread-59 (process_request_thread) - INFO - sqlalchemy.engine.Engine - [cached since 308.3s ago] ('api_key', 1, 0) (base.py:1846)
2025-07-17 21:02:27,727 - MainProcess - Thread-59 (process_request_thread) - INFO - werkzeug - 127.0.0.1 - - [17/Jul/2025 21:02:27] "GET /api/ui_state HTTP/1.1" 200 - (_internal.py:97)
2025-07-17 21:02:28,726 - MainProcess - Thread-60 (process_request_thread) - INFO - sqlalchemy.engine.Engine - SELECT settings.id AS settings_id, settings."key" AS settings_key, settings.value AS settings_value 
FROM settings 
WHERE settings."key" = ?
 LIMIT ? OFFSET ? (base.py:1846)
2025-07-17 21:02:28,727 - MainProcess - Thread-60 (process_request_thread) - INFO - sqlalchemy.engine.Engine - [cached since 309.3s ago] ('api_key', 1, 0) (base.py:1846)
2025-07-17 21:02:28,728 - MainProcess - Thread-60 (process_request_thread) - INFO - werkzeug - 127.0.0.1 - - [17/Jul/2025 21:02:28] "GET /api/ui_state HTTP/1.1" 200 - (_internal.py:97)
2025-07-17 21:02:29,726 - MainProcess - Thread-61 (process_request_thread) - INFO - sqlalchemy.engine.Engine - SELECT settings.id AS settings_id, settings."key" AS settings_key, settings.value AS settings_value 
FROM settings 
WHERE settings."key" = ?
 LIMIT ? OFFSET ? (base.py:1846)
2025-07-17 21:02:29,726 - MainProcess - Thread-61 (process_request_thread) - INFO - sqlalchemy.engine.Engine - [cached since 310.3s ago] ('api_key', 1, 0) (base.py:1846)
2025-07-17 21:02:29,728 - MainProcess - Thread-61 (process_request_thread) - INFO - werkzeug - 127.0.0.1 - - [17/Jul/2025 21:02:29] "GET /api/ui_state HTTP/1.1" 200 - (_internal.py:97)
2025-07-17 21:02:30,727 - MainProcess - Thread-62 (process_request_thread) - INFO - sqlalchemy.engine.Engine - SELECT settings.id AS settings_id, settings."key" AS settings_key, settings.value AS settings_value 
FROM settings 
WHERE settings."key" = ?
 LIMIT ? OFFSET ? (base.py:1846)
2025-07-17 21:02:30,727 - MainProcess - Thread-62 (process_request_thread) - INFO - sqlalchemy.engine.Engine - [cached since 311.3s ago] ('api_key', 1, 0) (base.py:1846)
2025-07-17 21:02:30,729 - MainProcess - Thread-62 (process_request_thread) - INFO - werkzeug - 127.0.0.1 - - [17/Jul/2025 21:02:30] "GET /api/ui_state HTTP/1.1" 200 - (_internal.py:97)
2025-07-17 21:02:31,726 - MainProcess - Thread-63 (process_request_thread) - INFO - sqlalchemy.engine.Engine - SELECT settings.id AS settings_id, settings."key" AS settings_key, settings.value AS settings_value 
FROM settings 
WHERE settings."key" = ?
 LIMIT ? OFFSET ? (base.py:1846)
2025-07-17 21:02:31,727 - MainProcess - Thread-63 (process_request_thread) - INFO - sqlalchemy.engine.Engine - [cached since 312.3s ago] ('api_key', 1, 0) (base.py:1846)
2025-07-17 21:02:31,728 - MainProcess - Thread-63 (process_request_thread) - INFO - werkzeug - 127.0.0.1 - - [17/Jul/2025 21:02:31] "GET /api/ui_state HTTP/1.1" 200 - (_internal.py:97)
2025-07-17 21:02:32,728 - MainProcess - Thread-64 (process_request_thread) - INFO - sqlalchemy.engine.Engine - SELECT settings.id AS settings_id, settings."key" AS settings_key, settings.value AS settings_value 
FROM settings 
WHERE settings."key" = ?
 LIMIT ? OFFSET ? (base.py:1846)
2025-07-17 21:02:32,729 - MainProcess - Thread-64 (process_request_thread) - INFO - sqlalchemy.engine.Engine - [cached since 313.3s ago] ('api_key', 1, 0) (base.py:1846)
2025-07-17 21:02:32,730 - MainProcess - Thread-64 (process_request_thread) - INFO - werkzeug - 127.0.0.1 - - [17/Jul/2025 21:02:32] "GET /api/ui_state HTTP/1.1" 200 - (_internal.py:97)
2025-07-17 21:02:33,727 - MainProcess - Thread-65 (process_request_thread) - INFO - sqlalchemy.engine.Engine - SELECT settings.id AS settings_id, settings."key" AS settings_key, settings.value AS settings_value 
FROM settings 
WHERE settings."key" = ?
 LIMIT ? OFFSET ? (base.py:1846)
2025-07-17 21:02:33,727 - MainProcess - Thread-65 (process_request_thread) - INFO - sqlalchemy.engine.Engine - [cached since 314.3s ago] ('api_key', 1, 0) (base.py:1846)
2025-07-17 21:02:33,728 - MainProcess - Thread-65 (process_request_thread) - INFO - werkzeug - 127.0.0.1 - - [17/Jul/2025 21:02:33] "GET /api/ui_state HTTP/1.1" 200 - (_internal.py:97)
2025-07-17 21:02:34,729 - MainProcess - Thread-66 (process_request_thread) - INFO - sqlalchemy.engine.Engine - SELECT settings.id AS settings_id, settings."key" AS settings_key, settings.value AS settings_value 
FROM settings 
WHERE settings."key" = ?
 LIMIT ? OFFSET ? (base.py:1846)
2025-07-17 21:02:34,729 - MainProcess - Thread-66 (process_request_thread) - INFO - sqlalchemy.engine.Engine - [cached since 315.3s ago] ('api_key', 1, 0) (base.py:1846)
2025-07-17 21:02:34,731 - MainProcess - Thread-66 (process_request_thread) - INFO - werkzeug - 127.0.0.1 - - [17/Jul/2025 21:02:34] "GET /api/ui_state HTTP/1.1" 200 - (_internal.py:97)
2025-07-17 21:02:35,729 - MainProcess - Thread-67 (process_request_thread) - INFO - sqlalchemy.engine.Engine - SELECT settings.id AS settings_id, settings."key" AS settings_key, settings.value AS settings_value 
FROM settings 
WHERE settings."key" = ?
 LIMIT ? OFFSET ? (base.py:1846)
2025-07-17 21:02:35,730 - MainProcess - Thread-67 (process_request_thread) - INFO - sqlalchemy.engine.Engine - [cached since 316.3s ago] ('api_key', 1, 0) (base.py:1846)
2025-07-17 21:02:35,731 - MainProcess - Thread-67 (process_request_thread) - INFO - werkzeug - 127.0.0.1 - - [17/Jul/2025 21:02:35] "GET /api/ui_state HTTP/1.1" 200 - (_internal.py:97)
2025-07-17 21:02:36,730 - MainProcess - Thread-68 (process_request_thread) - INFO - sqlalchemy.engine.Engine - SELECT settings.id AS settings_id, settings."key" AS settings_key, settings.value AS settings_value 
FROM settings 
WHERE settings."key" = ?
 LIMIT ? OFFSET ? (base.py:1846)
2025-07-17 21:02:36,730 - MainProcess - Thread-68 (process_request_thread) - INFO - sqlalchemy.engine.Engine - [cached since 317.3s ago] ('api_key', 1, 0) (base.py:1846)
2025-07-17 21:02:36,731 - MainProcess - Thread-68 (process_request_thread) - INFO - werkzeug - 127.0.0.1 - - [17/Jul/2025 21:02:36] "GET /api/ui_state HTTP/1.1" 200 - (_internal.py:97)
2025-07-17 21:02:37,728 - MainProcess - Thread-69 (process_request_thread) - INFO - sqlalchemy.engine.Engine - SELECT settings.id AS settings_id, settings."key" AS settings_key, settings.value AS settings_value 
FROM settings 
WHERE settings."key" = ?
 LIMIT ? OFFSET ? (base.py:1846)
2025-07-17 21:02:37,728 - MainProcess - Thread-69 (process_request_thread) - INFO - sqlalchemy.engine.Engine - [cached since 318.3s ago] ('api_key', 1, 0) (base.py:1846)
2025-07-17 21:02:37,729 - MainProcess - Thread-69 (process_request_thread) - INFO - werkzeug - 127.0.0.1 - - [17/Jul/2025 21:02:37] "GET /api/ui_state HTTP/1.1" 200 - (_internal.py:97)
2025-07-17 21:02:38,731 - MainProcess - Thread-70 (process_request_thread) - INFO - sqlalchemy.engine.Engine - SELECT settings.id AS settings_id, settings."key" AS settings_key, settings.value AS settings_value 
FROM settings 
WHERE settings."key" = ?
 LIMIT ? OFFSET ? (base.py:1846)
2025-07-17 21:02:38,732 - MainProcess - Thread-70 (process_request_thread) - INFO - sqlalchemy.engine.Engine - [cached since 319.3s ago] ('api_key', 1, 0) (base.py:1846)
2025-07-17 21:02:38,733 - MainProcess - Thread-70 (process_request_thread) - INFO - werkzeug - 127.0.0.1 - - [17/Jul/2025 21:02:38] "GET /api/ui_state HTTP/1.1" 200 - (_internal.py:97)
2025-07-17 21:02:39,731 - MainProcess - Thread-71 (process_request_thread) - INFO - sqlalchemy.engine.Engine - SELECT settings.id AS settings_id, settings."key" AS settings_key, settings.value AS settings_value 
FROM settings 
WHERE settings."key" = ?
 LIMIT ? OFFSET ? (base.py:1846)
2025-07-17 21:02:39,731 - MainProcess - Thread-71 (process_request_thread) - INFO - sqlalchemy.engine.Engine - [cached since 320.3s ago] ('api_key', 1, 0) (base.py:1846)
2025-07-17 21:02:39,733 - MainProcess - Thread-71 (process_request_thread) - INFO - werkzeug - 127.0.0.1 - - [17/Jul/2025 21:02:39] "GET /api/ui_state HTTP/1.1" 200 - (_internal.py:97)
2025-07-17 21:02:40,731 - MainProcess - Thread-72 (process_request_thread) - INFO - sqlalchemy.engine.Engine - SELECT settings.id AS settings_id, settings."key" AS settings_key, settings.value AS settings_value 
FROM settings 
WHERE settings."key" = ?
 LIMIT ? OFFSET ? (base.py:1846)
2025-07-17 21:02:40,732 - MainProcess - Thread-72 (process_request_thread) - INFO - sqlalchemy.engine.Engine - [cached since 321.3s ago] ('api_key', 1, 0) (base.py:1846)
2025-07-17 21:02:40,733 - MainProcess - Thread-72 (process_request_thread) - INFO - werkzeug - 127.0.0.1 - - [17/Jul/2025 21:02:40] "GET /api/ui_state HTTP/1.1" 200 - (_internal.py:97)
2025-07-17 21:02:41,732 - MainProcess - Thread-73 (process_request_thread) - INFO - sqlalchemy.engine.Engine - SELECT settings.id AS settings_id, settings."key" AS settings_key, settings.value AS settings_value 
FROM settings 
WHERE settings."key" = ?
 LIMIT ? OFFSET ? (base.py:1846)
2025-07-17 21:02:41,733 - MainProcess - Thread-73 (process_request_thread) - INFO - sqlalchemy.engine.Engine - [cached since 322.3s ago] ('api_key', 1, 0) (base.py:1846)
2025-07-17 21:02:41,734 - MainProcess - Thread-73 (process_request_thread) - INFO - werkzeug - 127.0.0.1 - - [17/Jul/2025 21:02:41] "GET /api/ui_state HTTP/1.1" 200 - (_internal.py:97)
2025-07-17 21:02:42,718 - MainProcess - Thread-74 (process_request_thread) - INFO - sqlalchemy.engine.Engine - SELECT settings.id AS settings_id, settings."key" AS settings_key, settings.value AS settings_value 
FROM settings 
WHERE settings."key" = ?
 LIMIT ? OFFSET ? (base.py:1846)
2025-07-17 21:02:42,719 - MainProcess - Thread-74 (process_request_thread) - INFO - sqlalchemy.engine.Engine - [cached since 323.3s ago] ('api_key', 1, 0) (base.py:1846)
2025-07-17 21:02:42,720 - MainProcess - Thread-74 (process_request_thread) - INFO - werkzeug - 127.0.0.1 - - [17/Jul/2025 21:02:42] "GET /api/ui_state HTTP/1.1" 200 - (_internal.py:97)
2025-07-17 21:02:43,718 - MainProcess - Thread-75 (process_request_thread) - INFO - sqlalchemy.engine.Engine - SELECT settings.id AS settings_id, settings."key" AS settings_key, settings.value AS settings_value 
FROM settings 
WHERE settings."key" = ?
 LIMIT ? OFFSET ? (base.py:1846)
2025-07-17 21:02:43,718 - MainProcess - Thread-75 (process_request_thread) - INFO - sqlalchemy.engine.Engine - [cached since 324.3s ago] ('api_key', 1, 0) (base.py:1846)
2025-07-17 21:02:43,720 - MainProcess - Thread-75 (process_request_thread) - INFO - werkzeug - 127.0.0.1 - - [17/Jul/2025 21:02:43] "GET /api/ui_state HTTP/1.1" 200 - (_internal.py:97)
2025-07-17 21:02:44,717 - MainProcess - Thread-76 (process_request_thread) - INFO - sqlalchemy.engine.Engine - SELECT settings.id AS settings_id, settings."key" AS settings_key, settings.value AS settings_value 
FROM settings 
WHERE settings."key" = ?
 LIMIT ? OFFSET ? (base.py:1846)
2025-07-17 21:02:44,718 - MainProcess - Thread-76 (process_request_thread) - INFO - sqlalchemy.engine.Engine - [cached since 325.3s ago] ('api_key', 1, 0) (base.py:1846)
2025-07-17 21:02:44,719 - MainProcess - Thread-76 (process_request_thread) - INFO - werkzeug - 127.0.0.1 - - [17/Jul/2025 21:02:44] "GET /api/ui_state HTTP/1.1" 200 - (_internal.py:97)
2025-07-17 21:02:45,719 - MainProcess - Thread-77 (process_request_thread) - INFO - sqlalchemy.engine.Engine - SELECT settings.id AS settings_id, settings."key" AS settings_key, settings.value AS settings_value 
FROM settings 
WHERE settings."key" = ?
 LIMIT ? OFFSET ? (base.py:1846)
2025-07-17 21:02:45,720 - MainProcess - Thread-77 (process_request_thread) - INFO - sqlalchemy.engine.Engine - [cached since 326.3s ago] ('api_key', 1, 0) (base.py:1846)
2025-07-17 21:02:45,721 - MainProcess - Thread-77 (process_request_thread) - INFO - werkzeug - 127.0.0.1 - - [17/Jul/2025 21:02:45] "GET /api/ui_state HTTP/1.1" 200 - (_internal.py:97)
2025-07-17 21:02:46,721 - MainProcess - Thread-78 (process_request_thread) - INFO - sqlalchemy.engine.Engine - SELECT settings.id AS settings_id, settings."key" AS settings_key, settings.value AS settings_value 
FROM settings 
WHERE settings."key" = ?
 LIMIT ? OFFSET ? (base.py:1846)
2025-07-17 21:02:46,722 - MainProcess - Thread-78 (process_request_thread) - INFO - sqlalchemy.engine.Engine - [cached since 327.3s ago] ('api_key', 1, 0) (base.py:1846)
2025-07-17 21:02:46,723 - MainProcess - Thread-78 (process_request_thread) - INFO - werkzeug - 127.0.0.1 - - [17/Jul/2025 21:02:46] "GET /api/ui_state HTTP/1.1" 200 - (_internal.py:97)
2025-07-17 21:02:47,719 - MainProcess - Thread-79 (process_request_thread) - INFO - sqlalchemy.engine.Engine - SELECT settings.id AS settings_id, settings."key" AS settings_key, settings.value AS settings_value 
FROM settings 
WHERE settings."key" = ?
 LIMIT ? OFFSET ? (base.py:1846)
2025-07-17 21:02:47,719 - MainProcess - Thread-79 (process_request_thread) - INFO - sqlalchemy.engine.Engine - [cached since 328.3s ago] ('api_key', 1, 0) (base.py:1846)
2025-07-17 21:02:47,720 - MainProcess - Thread-79 (process_request_thread) - INFO - werkzeug - 127.0.0.1 - - [17/Jul/2025 21:02:47] "GET /api/ui_state HTTP/1.1" 200 - (_internal.py:97)
2025-07-17 21:02:48,720 - MainProcess - Thread-80 (process_request_thread) - INFO - sqlalchemy.engine.Engine - SELECT settings.id AS settings_id, settings."key" AS settings_key, settings.value AS settings_value 
FROM settings 
WHERE settings."key" = ?
 LIMIT ? OFFSET ? (base.py:1846)
2025-07-17 21:02:48,721 - MainProcess - Thread-80 (process_request_thread) - INFO - sqlalchemy.engine.Engine - [cached since 329.3s ago] ('api_key', 1, 0) (base.py:1846)
2025-07-17 21:02:48,722 - MainProcess - Thread-80 (process_request_thread) - INFO - werkzeug - 127.0.0.1 - - [17/Jul/2025 21:02:48] "GET /api/ui_state HTTP/1.1" 200 - (_internal.py:97)
2025-07-17 21:02:49,719 - MainProcess - Thread-81 (process_request_thread) - INFO - sqlalchemy.engine.Engine - SELECT settings.id AS settings_id, settings."key" AS settings_key, settings.value AS settings_value 
FROM settings 
WHERE settings."key" = ?
 LIMIT ? OFFSET ? (base.py:1846)
2025-07-17 21:02:49,719 - MainProcess - Thread-81 (process_request_thread) - INFO - sqlalchemy.engine.Engine - [cached since 330.3s ago] ('api_key', 1, 0) (base.py:1846)
2025-07-17 21:02:49,721 - MainProcess - Thread-81 (process_request_thread) - INFO - werkzeug - 127.0.0.1 - - [17/Jul/2025 21:02:49] "GET /api/ui_state HTTP/1.1" 200 - (_internal.py:97)
2025-07-17 21:02:50,721 - MainProcess - Thread-82 (process_request_thread) - INFO - sqlalchemy.engine.Engine - SELECT settings.id AS settings_id, settings."key" AS settings_key, settings.value AS settings_value 
FROM settings 
WHERE settings."key" = ?
 LIMIT ? OFFSET ? (base.py:1846)
2025-07-17 21:02:50,721 - MainProcess - Thread-82 (process_request_thread) - INFO - sqlalchemy.engine.Engine - [cached since 331.3s ago] ('api_key', 1, 0) (base.py:1846)
2025-07-17 21:02:50,723 - MainProcess - Thread-82 (process_request_thread) - INFO - werkzeug - 127.0.0.1 - - [17/Jul/2025 21:02:50] "GET /api/ui_state HTTP/1.1" 200 - (_internal.py:97)
2025-07-17 21:02:51,722 - MainProcess - Thread-83 (process_request_thread) - INFO - sqlalchemy.engine.Engine - SELECT settings.id AS settings_id, settings."key" AS settings_key, settings.value AS settings_value 
FROM settings 
WHERE settings."key" = ?
 LIMIT ? OFFSET ? (base.py:1846)
2025-07-17 21:02:51,722 - MainProcess - Thread-83 (process_request_thread) - INFO - sqlalchemy.engine.Engine - [cached since 332.3s ago] ('api_key', 1, 0) (base.py:1846)
2025-07-17 21:02:51,724 - MainProcess - Thread-83 (process_request_thread) - INFO - werkzeug - 127.0.0.1 - - [17/Jul/2025 21:02:51] "GET /api/ui_state HTTP/1.1" 200 - (_internal.py:97)
2025-07-17 21:02:52,722 - MainProcess - Thread-84 (process_request_thread) - INFO - sqlalchemy.engine.Engine - SELECT settings.id AS settings_id, settings."key" AS settings_key, settings.value AS settings_value 
FROM settings 
WHERE settings."key" = ?
 LIMIT ? OFFSET ? (base.py:1846)
2025-07-17 21:02:52,722 - MainProcess - Thread-84 (process_request_thread) - INFO - sqlalchemy.engine.Engine - [cached since 333.3s ago] ('api_key', 1, 0) (base.py:1846)
2025-07-17 21:02:52,724 - MainProcess - Thread-84 (process_request_thread) - INFO - werkzeug - 127.0.0.1 - - [17/Jul/2025 21:02:52] "GET /api/ui_state HTTP/1.1" 200 - (_internal.py:97)
2025-07-17 21:02:53,721 - MainProcess - Thread-85 (process_request_thread) - INFO - sqlalchemy.engine.Engine - SELECT settings.id AS settings_id, settings."key" AS settings_key, settings.value AS settings_value 
FROM settings 
WHERE settings."key" = ?
 LIMIT ? OFFSET ? (base.py:1846)
2025-07-17 21:02:53,722 - MainProcess - Thread-85 (process_request_thread) - INFO - sqlalchemy.engine.Engine - [cached since 334.3s ago] ('api_key', 1, 0) (base.py:1846)
2025-07-17 21:02:53,722 - MainProcess - Thread-85 (process_request_thread) - INFO - werkzeug - 127.0.0.1 - - [17/Jul/2025 21:02:53] "GET /api/ui_state HTTP/1.1" 200 - (_internal.py:97)
2025-07-17 21:02:54,720 - MainProcess - Thread-86 (process_request_thread) - INFO - sqlalchemy.engine.Engine - SELECT settings.id AS settings_id, settings."key" AS settings_key, settings.value AS settings_value 
FROM settings 
WHERE settings."key" = ?
 LIMIT ? OFFSET ? (base.py:1846)
2025-07-17 21:02:54,720 - MainProcess - Thread-86 (process_request_thread) - INFO - sqlalchemy.engine.Engine - [cached since 335.3s ago] ('api_key', 1, 0) (base.py:1846)
2025-07-17 21:02:54,722 - MainProcess - Thread-86 (process_request_thread) - INFO - werkzeug - 127.0.0.1 - - [17/Jul/2025 21:02:54] "GET /api/ui_state HTTP/1.1" 200 - (_internal.py:97)
2025-07-17 21:02:55,722 - MainProcess - Thread-87 (process_request_thread) - INFO - sqlalchemy.engine.Engine - SELECT settings.id AS settings_id, settings."key" AS settings_key, settings.value AS settings_value 
FROM settings 
WHERE settings."key" = ?
 LIMIT ? OFFSET ? (base.py:1846)
2025-07-17 21:02:55,723 - MainProcess - Thread-87 (process_request_thread) - INFO - sqlalchemy.engine.Engine - [cached since 336.3s ago] ('api_key', 1, 0) (base.py:1846)
2025-07-17 21:02:55,724 - MainProcess - Thread-87 (process_request_thread) - INFO - werkzeug - 127.0.0.1 - - [17/Jul/2025 21:02:55] "GET /api/ui_state HTTP/1.1" 200 - (_internal.py:97)
2025-07-17 21:02:56,723 - MainProcess - Thread-88 (process_request_thread) - INFO - sqlalchemy.engine.Engine - SELECT settings.id AS settings_id, settings."key" AS settings_key, settings.value AS settings_value 
FROM settings 
WHERE settings."key" = ?
 LIMIT ? OFFSET ? (base.py:1846)
2025-07-17 21:02:56,724 - MainProcess - Thread-88 (process_request_thread) - INFO - sqlalchemy.engine.Engine - [cached since 337.3s ago] ('api_key', 1, 0) (base.py:1846)
2025-07-17 21:02:56,725 - MainProcess - Thread-88 (process_request_thread) - INFO - werkzeug - 127.0.0.1 - - [17/Jul/2025 21:02:56] "GET /api/ui_state HTTP/1.1" 200 - (_internal.py:97)
2025-07-17 21:02:57,115 - MainProcess - MainThread - DEBUG - backend.controllers.qr_scanner - Scanned code received (qr_scanner.py:175)
2025-07-17 21:02:57,116 - MainProcess - MainThread - INFO - sqlalchemy.engine.Engine - SELECT codes.code AS codes_code, codes.order_id AS codes_order_id, codes.usage_limit AS codes_usage_limit, codes.current_usage AS codes_current_usage, codes.expiration_date AS codes_expiration_date, codes.created_at AS codes_created_at 
FROM codes 
WHERE codes.code = ?
 LIMIT ? OFFSET ? (base.py:1846)
2025-07-17 21:02:57,117 - MainProcess - MainThread - INFO - sqlalchemy.engine.Engine - [cached since 331.7s ago] ('dsfsdd', 1, 0) (base.py:1846)
2025-07-17 21:02:57,118 - MainProcess - MainThread - WARNING - backend.controllers.qr_scanner - Invalid code (qr_scanner.py:116)
2025-07-17 21:02:57,119 - MainProcess - MainThread - INFO - sqlalchemy.engine.Engine - SELECT codes.code AS codes_code, codes.order_id AS codes_order_id, codes.usage_limit AS codes_usage_limit, codes.current_usage AS codes_current_usage, codes.expiration_date AS codes_expiration_date, codes.created_at AS codes_created_at 
FROM codes 
WHERE codes.code = ?
 LIMIT ? OFFSET ? (base.py:1846)
2025-07-17 21:02:57,119 - MainProcess - MainThread - INFO - sqlalchemy.engine.Engine - [cached since 331.7s ago] ('dsfsdd', 1, 0) (base.py:1846)
2025-07-17 21:02:57,120 - MainProcess - MainThread - INFO - sqlalchemy.engine.Engine - INSERT INTO scan_logs (code, order_id, timestamp, result, details) VALUES (?, ?, ?, ?, ?) (base.py:1846)
2025-07-17 21:02:57,121 - MainProcess - MainThread - INFO - sqlalchemy.engine.Engine - [cached since 331.7s ago] ('dsfsdd', None, '2025-07-17 21:02:57.120233', 'invalid', 'Invalid code') (base.py:1846)
2025-07-17 21:02:57,141 - MainProcess - MainThread - INFO - sqlalchemy.engine.Engine - COMMIT (base.py:2707)
2025-07-17 21:02:57,724 - MainProcess - Thread-89 (process_request_thread) - INFO - sqlalchemy.engine.Engine - BEGIN (implicit) (base.py:2701)
2025-07-17 21:02:57,724 - MainProcess - Thread-89 (process_request_thread) - INFO - sqlalchemy.engine.Engine - SELECT settings.id AS settings_id, settings."key" AS settings_key, settings.value AS settings_value 
FROM settings 
WHERE settings."key" = ?
 LIMIT ? OFFSET ? (base.py:1846)
2025-07-17 21:02:57,725 - MainProcess - Thread-89 (process_request_thread) - INFO - sqlalchemy.engine.Engine - [cached since 338.3s ago] ('api_key', 1, 0) (base.py:1846)
2025-07-17 21:02:57,726 - MainProcess - Thread-89 (process_request_thread) - INFO - werkzeug - 127.0.0.1 - - [17/Jul/2025 21:02:57] "GET /api/ui_state HTTP/1.1" 200 - (_internal.py:97)
2025-07-17 21:02:58,724 - MainProcess - Thread-90 (process_request_thread) - INFO - sqlalchemy.engine.Engine - SELECT settings.id AS settings_id, settings."key" AS settings_key, settings.value AS settings_value 
FROM settings 
WHERE settings."key" = ?
 LIMIT ? OFFSET ? (base.py:1846)
2025-07-17 21:02:58,724 - MainProcess - Thread-90 (process_request_thread) - INFO - sqlalchemy.engine.Engine - [cached since 339.3s ago] ('api_key', 1, 0) (base.py:1846)
2025-07-17 21:02:58,725 - MainProcess - Thread-90 (process_request_thread) - INFO - werkzeug - 127.0.0.1 - - [17/Jul/2025 21:02:58] "GET /api/ui_state HTTP/1.1" 200 - (_internal.py:97)
2025-07-17 21:02:59,724 - MainProcess - Thread-91 (process_request_thread) - INFO - sqlalchemy.engine.Engine - SELECT settings.id AS settings_id, settings."key" AS settings_key, settings.value AS settings_value 
FROM settings 
WHERE settings."key" = ?
 LIMIT ? OFFSET ? (base.py:1846)
2025-07-17 21:02:59,724 - MainProcess - Thread-91 (process_request_thread) - INFO - sqlalchemy.engine.Engine - [cached since 340.3s ago] ('api_key', 1, 0) (base.py:1846)
2025-07-17 21:02:59,725 - MainProcess - Thread-91 (process_request_thread) - INFO - werkzeug - 127.0.0.1 - - [17/Jul/2025 21:02:59] "GET /api/ui_state HTTP/1.1" 200 - (_internal.py:97)
2025-07-17 21:03:00,387 - MainProcess - MainThread - DEBUG - backend.controllers.qr_scanner - Scanned code received (qr_scanner.py:175)
2025-07-17 21:03:00,388 - MainProcess - MainThread - INFO - sqlalchemy.engine.Engine - SELECT codes.code AS codes_code, codes.order_id AS codes_order_id, codes.usage_limit AS codes_usage_limit, codes.current_usage AS codes_current_usage, codes.expiration_date AS codes_expiration_date, codes.created_at AS codes_created_at 
FROM codes 
WHERE codes.code = ?
 LIMIT ? OFFSET ? (base.py:1846)
2025-07-17 21:03:00,388 - MainProcess - MainThread - INFO - sqlalchemy.engine.Engine - [cached since 335s ago] ('sdfsdfsd', 1, 0) (base.py:1846)
2025-07-17 21:03:00,388 - MainProcess - MainThread - WARNING - backend.controllers.qr_scanner - Invalid code (qr_scanner.py:116)
2025-07-17 21:03:00,389 - MainProcess - MainThread - INFO - sqlalchemy.engine.Engine - SELECT codes.code AS codes_code, codes.order_id AS codes_order_id, codes.usage_limit AS codes_usage_limit, codes.current_usage AS codes_current_usage, codes.expiration_date AS codes_expiration_date, codes.created_at AS codes_created_at 
FROM codes 
WHERE codes.code = ?
 LIMIT ? OFFSET ? (base.py:1846)
2025-07-17 21:03:00,389 - MainProcess - MainThread - INFO - sqlalchemy.engine.Engine - [cached since 335s ago] ('sdfsdfsd', 1, 0) (base.py:1846)
2025-07-17 21:03:00,390 - MainProcess - MainThread - INFO - sqlalchemy.engine.Engine - INSERT INTO scan_logs (code, order_id, timestamp, result, details) VALUES (?, ?, ?, ?, ?) (base.py:1846)
2025-07-17 21:03:00,390 - MainProcess - MainThread - INFO - sqlalchemy.engine.Engine - [cached since 335s ago] ('sdfsdfsd', None, '2025-07-17 21:03:00.389944', 'invalid', 'Invalid code') (base.py:1846)
2025-07-17 21:03:00,391 - MainProcess - MainThread - INFO - sqlalchemy.engine.Engine - COMMIT (base.py:2707)
2025-07-17 21:03:00,725 - MainProcess - Thread-92 (process_request_thread) - INFO - sqlalchemy.engine.Engine - BEGIN (implicit) (base.py:2701)
2025-07-17 21:03:00,726 - MainProcess - Thread-92 (process_request_thread) - INFO - sqlalchemy.engine.Engine - SELECT settings.id AS settings_id, settings."key" AS settings_key, settings.value AS settings_value 
FROM settings 
WHERE settings."key" = ?
 LIMIT ? OFFSET ? (base.py:1846)
2025-07-17 21:03:00,727 - MainProcess - Thread-92 (process_request_thread) - INFO - sqlalchemy.engine.Engine - [cached since 341.3s ago] ('api_key', 1, 0) (base.py:1846)
2025-07-17 21:03:00,728 - MainProcess - Thread-92 (process_request_thread) - INFO - werkzeug - 127.0.0.1 - - [17/Jul/2025 21:03:00] "GET /api/ui_state HTTP/1.1" 200 - (_internal.py:97)
2025-07-17 21:03:01,584 - MainProcess - MainThread - DEBUG - backend.controllers.qr_scanner - Scanned code received (qr_scanner.py:175)
2025-07-17 21:03:01,585 - MainProcess - MainThread - INFO - sqlalchemy.engine.Engine - SELECT codes.code AS codes_code, codes.order_id AS codes_order_id, codes.usage_limit AS codes_usage_limit, codes.current_usage AS codes_current_usage, codes.expiration_date AS codes_expiration_date, codes.created_at AS codes_created_at 
FROM codes 
WHERE codes.code = ?
 LIMIT ? OFFSET ? (base.py:1846)
2025-07-17 21:03:01,585 - MainProcess - MainThread - INFO - sqlalchemy.engine.Engine - [cached since 336.2s ago] ('sdfsd', 1, 0) (base.py:1846)
2025-07-17 21:03:01,586 - MainProcess - MainThread - WARNING - backend.controllers.qr_scanner - Invalid code (qr_scanner.py:116)
2025-07-17 21:03:01,587 - MainProcess - MainThread - INFO - sqlalchemy.engine.Engine - SELECT codes.code AS codes_code, codes.order_id AS codes_order_id, codes.usage_limit AS codes_usage_limit, codes.current_usage AS codes_current_usage, codes.expiration_date AS codes_expiration_date, codes.created_at AS codes_created_at 
FROM codes 
WHERE codes.code = ?
 LIMIT ? OFFSET ? (base.py:1846)
2025-07-17 21:03:01,587 - MainProcess - MainThread - INFO - sqlalchemy.engine.Engine - [cached since 336.2s ago] ('sdfsd', 1, 0) (base.py:1846)
2025-07-17 21:03:01,588 - MainProcess - MainThread - INFO - sqlalchemy.engine.Engine - INSERT INTO scan_logs (code, order_id, timestamp, result, details) VALUES (?, ?, ?, ?, ?) (base.py:1846)
2025-07-17 21:03:01,589 - MainProcess - MainThread - INFO - sqlalchemy.engine.Engine - [cached since 336.2s ago] ('sdfsd', None, '2025-07-17 21:03:01.588310', 'invalid', 'Invalid code') (base.py:1846)
2025-07-17 21:03:01,602 - MainProcess - MainThread - INFO - sqlalchemy.engine.Engine - COMMIT (base.py:2707)
2025-07-17 21:03:01,726 - MainProcess - Thread-93 (process_request_thread) - INFO - sqlalchemy.engine.Engine - BEGIN (implicit) (base.py:2701)
2025-07-17 21:03:01,727 - MainProcess - Thread-93 (process_request_thread) - INFO - sqlalchemy.engine.Engine - SELECT settings.id AS settings_id, settings."key" AS settings_key, settings.value AS settings_value 
FROM settings 
WHERE settings."key" = ?
 LIMIT ? OFFSET ? (base.py:1846)
2025-07-17 21:03:01,728 - MainProcess - Thread-93 (process_request_thread) - INFO - sqlalchemy.engine.Engine - [cached since 342.3s ago] ('api_key', 1, 0) (base.py:1846)
2025-07-17 21:03:01,729 - MainProcess - Thread-93 (process_request_thread) - INFO - werkzeug - 127.0.0.1 - - [17/Jul/2025 21:03:01] "GET /api/ui_state HTTP/1.1" 200 - (_internal.py:97)
2025-07-17 21:03:02,260 - MainProcess - MainThread - DEBUG - backend.controllers.qr_scanner - Scanned code received (qr_scanner.py:175)
2025-07-17 21:03:02,261 - MainProcess - MainThread - INFO - sqlalchemy.engine.Engine - SELECT codes.code AS codes_code, codes.order_id AS codes_order_id, codes.usage_limit AS codes_usage_limit, codes.current_usage AS codes_current_usage, codes.expiration_date AS codes_expiration_date, codes.created_at AS codes_created_at 
FROM codes 
WHERE codes.code = ?
 LIMIT ? OFFSET ? (base.py:1846)
2025-07-17 21:03:02,261 - MainProcess - MainThread - INFO - sqlalchemy.engine.Engine - [cached since 336.9s ago] ('dsfd', 1, 0) (base.py:1846)
2025-07-17 21:03:02,262 - MainProcess - MainThread - WARNING - backend.controllers.qr_scanner - Invalid code (qr_scanner.py:116)
2025-07-17 21:03:02,263 - MainProcess - MainThread - INFO - sqlalchemy.engine.Engine - SELECT codes.code AS codes_code, codes.order_id AS codes_order_id, codes.usage_limit AS codes_usage_limit, codes.current_usage AS codes_current_usage, codes.expiration_date AS codes_expiration_date, codes.created_at AS codes_created_at 
FROM codes 
WHERE codes.code = ?
 LIMIT ? OFFSET ? (base.py:1846)
2025-07-17 21:03:02,263 - MainProcess - MainThread - INFO - sqlalchemy.engine.Engine - [cached since 336.9s ago] ('dsfd', 1, 0) (base.py:1846)
2025-07-17 21:03:02,264 - MainProcess - MainThread - INFO - sqlalchemy.engine.Engine - INSERT INTO scan_logs (code, order_id, timestamp, result, details) VALUES (?, ?, ?, ?, ?) (base.py:1846)
2025-07-17 21:03:02,265 - MainProcess - MainThread - INFO - sqlalchemy.engine.Engine - [cached since 336.9s ago] ('dsfd', None, '2025-07-17 21:03:02.264543', 'invalid', 'Invalid code') (base.py:1846)
2025-07-17 21:03:02,266 - MainProcess - MainThread - INFO - sqlalchemy.engine.Engine - COMMIT (base.py:2707)
2025-07-17 21:03:02,417 - MainProcess - MainThread - DEBUG - backend.controllers.qr_scanner - Scanned code received (qr_scanner.py:175)
2025-07-17 21:03:02,418 - MainProcess - MainThread - INFO - sqlalchemy.engine.Engine - BEGIN (implicit) (base.py:2701)
2025-07-17 21:03:02,419 - MainProcess - MainThread - INFO - sqlalchemy.engine.Engine - SELECT codes.code AS codes_code, codes.order_id AS codes_order_id, codes.usage_limit AS codes_usage_limit, codes.current_usage AS codes_current_usage, codes.expiration_date AS codes_expiration_date, codes.created_at AS codes_created_at 
FROM codes 
WHERE codes.code = ?
 LIMIT ? OFFSET ? (base.py:1846)
2025-07-17 21:03:02,419 - MainProcess - MainThread - INFO - sqlalchemy.engine.Engine - [cached since 337s ago] ('s', 1, 0) (base.py:1846)
2025-07-17 21:03:02,420 - MainProcess - MainThread - WARNING - backend.controllers.qr_scanner - Invalid code (qr_scanner.py:116)
2025-07-17 21:03:02,421 - MainProcess - MainThread - INFO - sqlalchemy.engine.Engine - SELECT codes.code AS codes_code, codes.order_id AS codes_order_id, codes.usage_limit AS codes_usage_limit, codes.current_usage AS codes_current_usage, codes.expiration_date AS codes_expiration_date, codes.created_at AS codes_created_at 
FROM codes 
WHERE codes.code = ?
 LIMIT ? OFFSET ? (base.py:1846)
2025-07-17 21:03:02,421 - MainProcess - MainThread - INFO - sqlalchemy.engine.Engine - [cached since 337s ago] ('s', 1, 0) (base.py:1846)
2025-07-17 21:03:02,422 - MainProcess - MainThread - INFO - sqlalchemy.engine.Engine - INSERT INTO scan_logs (code, order_id, timestamp, result, details) VALUES (?, ?, ?, ?, ?) (base.py:1846)
2025-07-17 21:03:02,422 - MainProcess - MainThread - INFO - sqlalchemy.engine.Engine - [cached since 337s ago] ('s', None, '2025-07-17 21:03:02.422284', 'invalid', 'Invalid code') (base.py:1846)
2025-07-17 21:03:02,424 - MainProcess - MainThread - INFO - sqlalchemy.engine.Engine - COMMIT (base.py:2707)
2025-07-17 21:03:02,725 - MainProcess - MainThread - DEBUG - backend.controllers.qr_scanner - Scanned code received (qr_scanner.py:175)
2025-07-17 21:03:02,724 - MainProcess - Thread-94 (process_request_thread) - INFO - sqlalchemy.engine.Engine - BEGIN (implicit) (base.py:2701)
2025-07-17 21:03:02,725 - MainProcess - MainThread - ERROR - backend.controllers.qr_scanner - Error processing QR code (qr_scanner.py:167)
Traceback (most recent call last):
  File "C:\Users\einar\OneDrive\Documents\Vending-Washer-master\version 2\backend\controllers\qr_scanner.py", line 113, in process_qr_code
    is_valid, code_info = search_table(scanned_code)
                          ~~~~~~~~~~~~^^^^^^^^^^^^^^
  File "C:\Users\einar\OneDrive\Documents\Vending-Washer-master\version 2\backend\controllers\qr_scanner.py", line 61, in search_table
    code_entry = session.query(Code).filter_by(code=scanned_code).first()
  File "C:\Users\einar\OneDrive\Documents\Vending-Washer-master\version 2\venv\Lib\site-packages\sqlalchemy\orm\query.py", line 2728, in first
    return self.limit(1)._iter().first()  # type: ignore
           ~~~~~~~~~~~~~~~~~~~^^
  File "C:\Users\einar\OneDrive\Documents\Vending-Washer-master\version 2\venv\Lib\site-packages\sqlalchemy\orm\query.py", line 2827, in _iter
    result: Union[ScalarResult[_T], Result[_T]] = self.session.execute(
                                                  ~~~~~~~~~~~~~~~~~~~~^
        statement,
        ^^^^^^^^^^
        params,
        ^^^^^^^
        execution_options={"_sa_orm_load_options": self.load_options},
        ^^^^^^^^^^^^^^^^^^^^^^^^^^^^^^^^^^^^^^^^^^^^^^^^^^^^^^^^^^^^^^
    )
    ^
  File "C:\Users\einar\OneDrive\Documents\Vending-Washer-master\version 2\venv\Lib\site-packages\sqlalchemy\orm\session.py", line 2362, in execute
    return self._execute_internal(
           ~~~~~~~~~~~~~~~~~~~~~~^
        statement,
        ^^^^^^^^^^
    ...<4 lines>...
        _add_event=_add_event,
        ^^^^^^^^^^^^^^^^^^^^^^
    )
    ^
  File "C:\Users\einar\OneDrive\Documents\Vending-Washer-master\version 2\venv\Lib\site-packages\sqlalchemy\orm\session.py", line 2237, in _execute_internal
    conn = self._connection_for_bind(bind)
  File "C:\Users\einar\OneDrive\Documents\Vending-Washer-master\version 2\venv\Lib\site-packages\sqlalchemy\orm\session.py", line 2106, in _connection_for_bind
    return trans._connection_for_bind(engine, execution_options)
           ~~~~~~~~~~~~~~~~~~~~~~~~~~^^^^^^^^^^^^^^^^^^^^^^^^^^^
  File "<string>", line 2, in _connection_for_bind
  File "C:\Users\einar\OneDrive\Documents\Vending-Washer-master\version 2\venv\Lib\site-packages\sqlalchemy\orm\state_changes.py", line 103, in _go
    self._raise_for_prerequisite_state(fn.__name__, current_state)
    ~~~~~~~~~~~~~~~~~~~~~~~~~~~~~~~~~~^^^^^^^^^^^^^^^^^^^^^^^^^^^^
  File "C:\Users\einar\OneDrive\Documents\Vending-Washer-master\version 2\venv\Lib\site-packages\sqlalchemy\orm\session.py", line 990, in _raise_for_prerequisite_state
    raise sa_exc.InvalidRequestError(
    ...<3 lines>...
    )
sqlalchemy.exc.InvalidRequestError: This session is provisioning a new connection; concurrent operations are not permitted (Background on this error at: https://sqlalche.me/e/20/isce)
2025-07-17 21:03:02,726 - MainProcess - Thread-94 (process_request_thread) - INFO - sqlalchemy.engine.Engine - SELECT settings.id AS settings_id, settings."key" AS settings_key, settings.value AS settings_value 
FROM settings 
WHERE settings."key" = ?
 LIMIT ? OFFSET ? (base.py:1846)
2025-07-17 21:03:02,822 - MainProcess - MainThread - INFO - sqlalchemy.engine.Engine - SELECT codes.code AS codes_code, codes.order_id AS codes_order_id, codes.usage_limit AS codes_usage_limit, codes.current_usage AS codes_current_usage, codes.expiration_date AS codes_expiration_date, codes.created_at AS codes_created_at 
FROM codes 
WHERE codes.code = ?
 LIMIT ? OFFSET ? (base.py:1846)
2025-07-17 21:03:02,823 - MainProcess - Thread-94 (process_request_thread) - INFO - sqlalchemy.engine.Engine - [cached since 343.4s ago] ('api_key', 1, 0) (base.py:1846)
2025-07-17 21:03:02,823 - MainProcess - MainThread - INFO - sqlalchemy.engine.Engine - [cached since 337.5s ago] ('fd', 1, 0) (base.py:1846)
2025-07-17 21:03:02,825 - MainProcess - Thread-94 (process_request_thread) - INFO - werkzeug - 127.0.0.1 - - [17/Jul/2025 21:03:02] "GET /api/ui_state HTTP/1.1" 200 - (_internal.py:97)
2025-07-17 21:03:02,825 - MainProcess - MainThread - INFO - sqlalchemy.engine.Engine - INSERT INTO scan_logs (code, order_id, timestamp, result, details) VALUES (?, ?, ?, ?, ?) (base.py:1846)
2025-07-17 21:03:02,825 - MainProcess - MainThread - INFO - sqlalchemy.engine.Engine - [cached since 337.4s ago] ('fd', None, '2025-07-17 21:03:02.825203', 'error', 'This session is provisioning a new connection; concurrent operations are not permitted (Background on this error at: https://sqlalche.me/e/20/isce)') (base.py:1846)
2025-07-17 21:03:02,827 - MainProcess - MainThread - INFO - sqlalchemy.engine.Engine - COMMIT (base.py:2707)
2025-07-17 21:03:03,214 - MainProcess - MainThread - DEBUG - backend.controllers.qr_scanner - Scanned code received (qr_scanner.py:175)
2025-07-17 21:03:03,215 - MainProcess - MainThread - INFO - sqlalchemy.engine.Engine - BEGIN (implicit) (base.py:2701)
2025-07-17 21:03:03,216 - MainProcess - MainThread - INFO - sqlalchemy.engine.Engine - SELECT codes.code AS codes_code, codes.order_id AS codes_order_id, codes.usage_limit AS codes_usage_limit, codes.current_usage AS codes_current_usage, codes.expiration_date AS codes_expiration_date, codes.created_at AS codes_created_at 
FROM codes 
WHERE codes.code = ?
 LIMIT ? OFFSET ? (base.py:1846)
2025-07-17 21:03:03,216 - MainProcess - MainThread - INFO - sqlalchemy.engine.Engine - [cached since 337.8s ago] ('sdffs', 1, 0) (base.py:1846)
2025-07-17 21:03:03,217 - MainProcess - MainThread - WARNING - backend.controllers.qr_scanner - Invalid code (qr_scanner.py:116)
2025-07-17 21:03:03,218 - MainProcess - MainThread - INFO - sqlalchemy.engine.Engine - SELECT codes.code AS codes_code, codes.order_id AS codes_order_id, codes.usage_limit AS codes_usage_limit, codes.current_usage AS codes_current_usage, codes.expiration_date AS codes_expiration_date, codes.created_at AS codes_created_at 
FROM codes 
WHERE codes.code = ?
 LIMIT ? OFFSET ? (base.py:1846)
2025-07-17 21:03:03,218 - MainProcess - MainThread - INFO - sqlalchemy.engine.Engine - [cached since 337.8s ago] ('sdffs', 1, 0) (base.py:1846)
2025-07-17 21:03:03,219 - MainProcess - MainThread - INFO - sqlalchemy.engine.Engine - INSERT INTO scan_logs (code, order_id, timestamp, result, details) VALUES (?, ?, ?, ?, ?) (base.py:1846)
2025-07-17 21:03:03,219 - MainProcess - MainThread - INFO - sqlalchemy.engine.Engine - [cached since 337.8s ago] ('sdffs', None, '2025-07-17 21:03:03.219266', 'invalid', 'Invalid code') (base.py:1846)
2025-07-17 21:03:03,222 - MainProcess - MainThread - INFO - sqlalchemy.engine.Engine - COMMIT (base.py:2707)
2025-07-17 21:03:03,364 - MainProcess - MainThread - DEBUG - backend.controllers.qr_scanner - Scanned code received (qr_scanner.py:175)
2025-07-17 21:03:03,365 - MainProcess - MainThread - INFO - sqlalchemy.engine.Engine - BEGIN (implicit) (base.py:2701)
2025-07-17 21:03:03,366 - MainProcess - MainThread - INFO - sqlalchemy.engine.Engine - SELECT codes.code AS codes_code, codes.order_id AS codes_order_id, codes.usage_limit AS codes_usage_limit, codes.current_usage AS codes_current_usage, codes.expiration_date AS codes_expiration_date, codes.created_at AS codes_created_at 
FROM codes 
WHERE codes.code = ?
 LIMIT ? OFFSET ? (base.py:1846)
2025-07-17 21:03:03,366 - MainProcess - MainThread - INFO - sqlalchemy.engine.Engine - [cached since 338s ago] ('', 1, 0) (base.py:1846)
2025-07-17 21:03:03,367 - MainProcess - MainThread - WARNING - backend.controllers.qr_scanner - Invalid code (qr_scanner.py:116)
2025-07-17 21:03:03,368 - MainProcess - MainThread - INFO - sqlalchemy.engine.Engine - SELECT codes.code AS codes_code, codes.order_id AS codes_order_id, codes.usage_limit AS codes_usage_limit, codes.current_usage AS codes_current_usage, codes.expiration_date AS codes_expiration_date, codes.created_at AS codes_created_at 
FROM codes 
WHERE codes.code = ?
 LIMIT ? OFFSET ? (base.py:1846)
2025-07-17 21:03:03,369 - MainProcess - MainThread - INFO - sqlalchemy.engine.Engine - [cached since 338s ago] ('', 1, 0) (base.py:1846)
2025-07-17 21:03:03,370 - MainProcess - MainThread - INFO - sqlalchemy.engine.Engine - INSERT INTO scan_logs (code, order_id, timestamp, result, details) VALUES (?, ?, ?, ?, ?) (base.py:1846)
2025-07-17 21:03:03,370 - MainProcess - MainThread - INFO - sqlalchemy.engine.Engine - [cached since 338s ago] ('', None, '2025-07-17 21:03:03.369901', 'invalid', 'Invalid code') (base.py:1846)
2025-07-17 21:03:03,372 - MainProcess - MainThread - INFO - sqlalchemy.engine.Engine - COMMIT (base.py:2707)
2025-07-17 21:03:03,545 - MainProcess - MainThread - DEBUG - backend.controllers.qr_scanner - Scanned code received (qr_scanner.py:175)
2025-07-17 21:03:03,546 - MainProcess - MainThread - INFO - sqlalchemy.engine.Engine - BEGIN (implicit) (base.py:2701)
2025-07-17 21:03:03,547 - MainProcess - MainThread - INFO - sqlalchemy.engine.Engine - SELECT codes.code AS codes_code, codes.order_id AS codes_order_id, codes.usage_limit AS codes_usage_limit, codes.current_usage AS codes_current_usage, codes.expiration_date AS codes_expiration_date, codes.created_at AS codes_created_at 
FROM codes 
WHERE codes.code = ?
 LIMIT ? OFFSET ? (base.py:1846)
2025-07-17 21:03:03,547 - MainProcess - MainThread - INFO - sqlalchemy.engine.Engine - [cached since 338.2s ago] ('ds', 1, 0) (base.py:1846)
2025-07-17 21:03:03,548 - MainProcess - MainThread - WARNING - backend.controllers.qr_scanner - Invalid code (qr_scanner.py:116)
2025-07-17 21:03:03,549 - MainProcess - MainThread - INFO - sqlalchemy.engine.Engine - SELECT codes.code AS codes_code, codes.order_id AS codes_order_id, codes.usage_limit AS codes_usage_limit, codes.current_usage AS codes_current_usage, codes.expiration_date AS codes_expiration_date, codes.created_at AS codes_created_at 
FROM codes 
WHERE codes.code = ?
 LIMIT ? OFFSET ? (base.py:1846)
2025-07-17 21:03:03,549 - MainProcess - MainThread - INFO - sqlalchemy.engine.Engine - [cached since 338.2s ago] ('ds', 1, 0) (base.py:1846)
2025-07-17 21:03:03,550 - MainProcess - MainThread - INFO - sqlalchemy.engine.Engine - INSERT INTO scan_logs (code, order_id, timestamp, result, details) VALUES (?, ?, ?, ?, ?) (base.py:1846)
2025-07-17 21:03:03,550 - MainProcess - MainThread - INFO - sqlalchemy.engine.Engine - [cached since 338.2s ago] ('ds', None, '2025-07-17 21:03:03.550041', 'invalid', 'Invalid code') (base.py:1846)
2025-07-17 21:03:03,552 - MainProcess - MainThread - INFO - sqlalchemy.engine.Engine - COMMIT (base.py:2707)
2025-07-17 21:03:03,689 - MainProcess - MainThread - DEBUG - backend.controllers.qr_scanner - Scanned code received (qr_scanner.py:175)
2025-07-17 21:03:03,690 - MainProcess - MainThread - INFO - sqlalchemy.engine.Engine - BEGIN (implicit) (base.py:2701)
2025-07-17 21:03:03,691 - MainProcess - MainThread - INFO - sqlalchemy.engine.Engine - SELECT codes.code AS codes_code, codes.order_id AS codes_order_id, codes.usage_limit AS codes_usage_limit, codes.current_usage AS codes_current_usage, codes.expiration_date AS codes_expiration_date, codes.created_at AS codes_created_at 
FROM codes 
WHERE codes.code = ?
 LIMIT ? OFFSET ? (base.py:1846)
2025-07-17 21:03:03,691 - MainProcess - MainThread - INFO - sqlalchemy.engine.Engine - [cached since 338.3s ago] ('d', 1, 0) (base.py:1846)
2025-07-17 21:03:03,692 - MainProcess - MainThread - WARNING - backend.controllers.qr_scanner - Invalid code (qr_scanner.py:116)
2025-07-17 21:03:03,692 - MainProcess - MainThread - INFO - sqlalchemy.engine.Engine - SELECT codes.code AS codes_code, codes.order_id AS codes_order_id, codes.usage_limit AS codes_usage_limit, codes.current_usage AS codes_current_usage, codes.expiration_date AS codes_expiration_date, codes.created_at AS codes_created_at 
FROM codes 
WHERE codes.code = ?
 LIMIT ? OFFSET ? (base.py:1846)
2025-07-17 21:03:03,693 - MainProcess - MainThread - INFO - sqlalchemy.engine.Engine - [cached since 338.3s ago] ('d', 1, 0) (base.py:1846)
2025-07-17 21:03:03,694 - MainProcess - MainThread - INFO - sqlalchemy.engine.Engine - INSERT INTO scan_logs (code, order_id, timestamp, result, details) VALUES (?, ?, ?, ?, ?) (base.py:1846)
2025-07-17 21:03:03,694 - MainProcess - MainThread - INFO - sqlalchemy.engine.Engine - [cached since 338.3s ago] ('d', None, '2025-07-17 21:03:03.693694', 'invalid', 'Invalid code') (base.py:1846)
2025-07-17 21:03:03,696 - MainProcess - MainThread - INFO - sqlalchemy.engine.Engine - COMMIT (base.py:2707)
2025-07-17 21:03:03,720 - MainProcess - Thread-95 (process_request_thread) - INFO - sqlalchemy.engine.Engine - BEGIN (implicit) (base.py:2701)
2025-07-17 21:03:03,721 - MainProcess - Thread-95 (process_request_thread) - INFO - sqlalchemy.engine.Engine - SELECT settings.id AS settings_id, settings."key" AS settings_key, settings.value AS settings_value 
FROM settings 
WHERE settings."key" = ?
 LIMIT ? OFFSET ? (base.py:1846)
2025-07-17 21:03:03,721 - MainProcess - Thread-95 (process_request_thread) - INFO - sqlalchemy.engine.Engine - [cached since 344.3s ago] ('api_key', 1, 0) (base.py:1846)
2025-07-17 21:03:03,722 - MainProcess - Thread-95 (process_request_thread) - INFO - werkzeug - 127.0.0.1 - - [17/Jul/2025 21:03:03] "GET /api/ui_state HTTP/1.1" 200 - (_internal.py:97)
2025-07-17 21:03:03,885 - MainProcess - MainThread - DEBUG - backend.controllers.qr_scanner - Scanned code received (qr_scanner.py:175)
2025-07-17 21:03:03,886 - MainProcess - MainThread - INFO - sqlalchemy.engine.Engine - SELECT codes.code AS codes_code, codes.order_id AS codes_order_id, codes.usage_limit AS codes_usage_limit, codes.current_usage AS codes_current_usage, codes.expiration_date AS codes_expiration_date, codes.created_at AS codes_created_at 
FROM codes 
WHERE codes.code = ?
 LIMIT ? OFFSET ? (base.py:1846)
2025-07-17 21:03:03,887 - MainProcess - MainThread - INFO - sqlalchemy.engine.Engine - [cached since 338.5s ago] ('ds', 1, 0) (base.py:1846)
2025-07-17 21:03:03,888 - MainProcess - MainThread - WARNING - backend.controllers.qr_scanner - Invalid code (qr_scanner.py:116)
2025-07-17 21:03:03,888 - MainProcess - MainThread - INFO - sqlalchemy.engine.Engine - SELECT codes.code AS codes_code, codes.order_id AS codes_order_id, codes.usage_limit AS codes_usage_limit, codes.current_usage AS codes_current_usage, codes.expiration_date AS codes_expiration_date, codes.created_at AS codes_created_at 
FROM codes 
WHERE codes.code = ?
 LIMIT ? OFFSET ? (base.py:1846)
2025-07-17 21:03:03,889 - MainProcess - MainThread - INFO - sqlalchemy.engine.Engine - [cached since 338.5s ago] ('ds', 1, 0) (base.py:1846)
2025-07-17 21:03:03,890 - MainProcess - MainThread - INFO - sqlalchemy.engine.Engine - INSERT INTO scan_logs (code, order_id, timestamp, result, details) VALUES (?, ?, ?, ?, ?) (base.py:1846)
2025-07-17 21:03:03,890 - MainProcess - MainThread - INFO - sqlalchemy.engine.Engine - [cached since 338.5s ago] ('ds', None, '2025-07-17 21:03:03.889803', 'invalid', 'Invalid code') (base.py:1846)
2025-07-17 21:03:03,892 - MainProcess - MainThread - INFO - sqlalchemy.engine.Engine - COMMIT (base.py:2707)
2025-07-17 21:03:04,068 - MainProcess - MainThread - DEBUG - backend.controllers.qr_scanner - Scanned code received (qr_scanner.py:175)
2025-07-17 21:03:04,069 - MainProcess - MainThread - INFO - sqlalchemy.engine.Engine - BEGIN (implicit) (base.py:2701)
2025-07-17 21:03:04,069 - MainProcess - MainThread - INFO - sqlalchemy.engine.Engine - SELECT codes.code AS codes_code, codes.order_id AS codes_order_id, codes.usage_limit AS codes_usage_limit, codes.current_usage AS codes_current_usage, codes.expiration_date AS codes_expiration_date, codes.created_at AS codes_created_at 
FROM codes 
WHERE codes.code = ?
 LIMIT ? OFFSET ? (base.py:1846)
2025-07-17 21:03:04,070 - MainProcess - MainThread - INFO - sqlalchemy.engine.Engine - [cached since 338.7s ago] ('d', 1, 0) (base.py:1846)
2025-07-17 21:03:04,071 - MainProcess - MainThread - WARNING - backend.controllers.qr_scanner - Invalid code (qr_scanner.py:116)
2025-07-17 21:03:04,071 - MainProcess - MainThread - INFO - sqlalchemy.engine.Engine - SELECT codes.code AS codes_code, codes.order_id AS codes_order_id, codes.usage_limit AS codes_usage_limit, codes.current_usage AS codes_current_usage, codes.expiration_date AS codes_expiration_date, codes.created_at AS codes_created_at 
FROM codes 
WHERE codes.code = ?
 LIMIT ? OFFSET ? (base.py:1846)
2025-07-17 21:03:04,072 - MainProcess - MainThread - INFO - sqlalchemy.engine.Engine - [cached since 338.7s ago] ('d', 1, 0) (base.py:1846)
2025-07-17 21:03:04,073 - MainProcess - MainThread - INFO - sqlalchemy.engine.Engine - INSERT INTO scan_logs (code, order_id, timestamp, result, details) VALUES (?, ?, ?, ?, ?) (base.py:1846)
2025-07-17 21:03:04,074 - MainProcess - MainThread - INFO - sqlalchemy.engine.Engine - [cached since 338.7s ago] ('d', None, '2025-07-17 21:03:04.073277', 'invalid', 'Invalid code') (base.py:1846)
2025-07-17 21:03:04,076 - MainProcess - MainThread - INFO - sqlalchemy.engine.Engine - COMMIT (base.py:2707)
2025-07-17 21:03:04,207 - MainProcess - MainThread - DEBUG - backend.controllers.qr_scanner - Scanned code received (qr_scanner.py:175)
2025-07-17 21:03:04,208 - MainProcess - MainThread - INFO - sqlalchemy.engine.Engine - BEGIN (implicit) (base.py:2701)
2025-07-17 21:03:04,208 - MainProcess - MainThread - INFO - sqlalchemy.engine.Engine - SELECT codes.code AS codes_code, codes.order_id AS codes_order_id, codes.usage_limit AS codes_usage_limit, codes.current_usage AS codes_current_usage, codes.expiration_date AS codes_expiration_date, codes.created_at AS codes_created_at 
FROM codes 
WHERE codes.code = ?
 LIMIT ? OFFSET ? (base.py:1846)
2025-07-17 21:03:04,209 - MainProcess - MainThread - INFO - sqlalchemy.engine.Engine - [cached since 338.8s ago] ('ds', 1, 0) (base.py:1846)
2025-07-17 21:03:04,209 - MainProcess - MainThread - WARNING - backend.controllers.qr_scanner - Invalid code (qr_scanner.py:116)
2025-07-17 21:03:04,210 - MainProcess - MainThread - INFO - sqlalchemy.engine.Engine - SELECT codes.code AS codes_code, codes.order_id AS codes_order_id, codes.usage_limit AS codes_usage_limit, codes.current_usage AS codes_current_usage, codes.expiration_date AS codes_expiration_date, codes.created_at AS codes_created_at 
FROM codes 
WHERE codes.code = ?
 LIMIT ? OFFSET ? (base.py:1846)
2025-07-17 21:03:04,210 - MainProcess - MainThread - INFO - sqlalchemy.engine.Engine - [cached since 338.8s ago] ('ds', 1, 0) (base.py:1846)
2025-07-17 21:03:04,211 - MainProcess - MainThread - INFO - sqlalchemy.engine.Engine - INSERT INTO scan_logs (code, order_id, timestamp, result, details) VALUES (?, ?, ?, ?, ?) (base.py:1846)
2025-07-17 21:03:04,211 - MainProcess - MainThread - INFO - sqlalchemy.engine.Engine - [cached since 338.8s ago] ('ds', None, '2025-07-17 21:03:04.211166', 'invalid', 'Invalid code') (base.py:1846)
2025-07-17 21:03:04,213 - MainProcess - MainThread - INFO - sqlalchemy.engine.Engine - COMMIT (base.py:2707)
2025-07-17 21:03:04,398 - MainProcess - MainThread - DEBUG - backend.controllers.qr_scanner - Scanned code received (qr_scanner.py:175)
2025-07-17 21:03:04,398 - MainProcess - MainThread - INFO - sqlalchemy.engine.Engine - BEGIN (implicit) (base.py:2701)
2025-07-17 21:03:04,399 - MainProcess - MainThread - INFO - sqlalchemy.engine.Engine - SELECT codes.code AS codes_code, codes.order_id AS codes_order_id, codes.usage_limit AS codes_usage_limit, codes.current_usage AS codes_current_usage, codes.expiration_date AS codes_expiration_date, codes.created_at AS codes_created_at 
FROM codes 
WHERE codes.code = ?
 LIMIT ? OFFSET ? (base.py:1846)
2025-07-17 21:03:04,399 - MainProcess - MainThread - INFO - sqlalchemy.engine.Engine - [cached since 339s ago] ('d', 1, 0) (base.py:1846)
2025-07-17 21:03:04,400 - MainProcess - MainThread - WARNING - backend.controllers.qr_scanner - Invalid code (qr_scanner.py:116)
2025-07-17 21:03:04,400 - MainProcess - MainThread - INFO - sqlalchemy.engine.Engine - SELECT codes.code AS codes_code, codes.order_id AS codes_order_id, codes.usage_limit AS codes_usage_limit, codes.current_usage AS codes_current_usage, codes.expiration_date AS codes_expiration_date, codes.created_at AS codes_created_at 
FROM codes 
WHERE codes.code = ?
 LIMIT ? OFFSET ? (base.py:1846)
2025-07-17 21:03:04,401 - MainProcess - MainThread - INFO - sqlalchemy.engine.Engine - [cached since 339s ago] ('d', 1, 0) (base.py:1846)
2025-07-17 21:03:04,402 - MainProcess - MainThread - INFO - sqlalchemy.engine.Engine - INSERT INTO scan_logs (code, order_id, timestamp, result, details) VALUES (?, ?, ?, ?, ?) (base.py:1846)
2025-07-17 21:03:04,402 - MainProcess - MainThread - INFO - sqlalchemy.engine.Engine - [cached since 339s ago] ('d', None, '2025-07-17 21:03:04.401994', 'invalid', 'Invalid code') (base.py:1846)
2025-07-17 21:03:04,405 - MainProcess - MainThread - INFO - sqlalchemy.engine.Engine - COMMIT (base.py:2707)
2025-07-17 21:03:04,592 - MainProcess - MainThread - DEBUG - backend.controllers.qr_scanner - Scanned code received (qr_scanner.py:175)
2025-07-17 21:03:04,593 - MainProcess - MainThread - INFO - sqlalchemy.engine.Engine - BEGIN (implicit) (base.py:2701)
2025-07-17 21:03:04,593 - MainProcess - MainThread - INFO - sqlalchemy.engine.Engine - SELECT codes.code AS codes_code, codes.order_id AS codes_order_id, codes.usage_limit AS codes_usage_limit, codes.current_usage AS codes_current_usage, codes.expiration_date AS codes_expiration_date, codes.created_at AS codes_created_at 
FROM codes 
WHERE codes.code = ?
 LIMIT ? OFFSET ? (base.py:1846)
2025-07-17 21:03:04,594 - MainProcess - MainThread - INFO - sqlalchemy.engine.Engine - [cached since 339.2s ago] ('s', 1, 0) (base.py:1846)
2025-07-17 21:03:04,594 - MainProcess - MainThread - WARNING - backend.controllers.qr_scanner - Invalid code (qr_scanner.py:116)
2025-07-17 21:03:04,595 - MainProcess - MainThread - INFO - sqlalchemy.engine.Engine - SELECT codes.code AS codes_code, codes.order_id AS codes_order_id, codes.usage_limit AS codes_usage_limit, codes.current_usage AS codes_current_usage, codes.expiration_date AS codes_expiration_date, codes.created_at AS codes_created_at 
FROM codes 
WHERE codes.code = ?
 LIMIT ? OFFSET ? (base.py:1846)
2025-07-17 21:03:04,595 - MainProcess - MainThread - INFO - sqlalchemy.engine.Engine - [cached since 339.2s ago] ('s', 1, 0) (base.py:1846)
2025-07-17 21:03:04,597 - MainProcess - MainThread - INFO - sqlalchemy.engine.Engine - INSERT INTO scan_logs (code, order_id, timestamp, result, details) VALUES (?, ?, ?, ?, ?) (base.py:1846)
2025-07-17 21:03:04,597 - MainProcess - MainThread - INFO - sqlalchemy.engine.Engine - [cached since 339.2s ago] ('s', None, '2025-07-17 21:03:04.596744', 'invalid', 'Invalid code') (base.py:1846)
2025-07-17 21:03:04,598 - MainProcess - MainThread - INFO - sqlalchemy.engine.Engine - COMMIT (base.py:2707)
2025-07-17 21:03:04,728 - MainProcess - Thread-96 (process_request_thread) - INFO - sqlalchemy.engine.Engine - BEGIN (implicit) (base.py:2701)
2025-07-17 21:03:04,729 - MainProcess - Thread-96 (process_request_thread) - INFO - sqlalchemy.engine.Engine - SELECT settings.id AS settings_id, settings."key" AS settings_key, settings.value AS settings_value 
FROM settings 
WHERE settings."key" = ?
 LIMIT ? OFFSET ? (base.py:1846)
2025-07-17 21:03:04,729 - MainProcess - Thread-96 (process_request_thread) - INFO - sqlalchemy.engine.Engine - [cached since 345.3s ago] ('api_key', 1, 0) (base.py:1846)
2025-07-17 21:03:04,730 - MainProcess - Thread-96 (process_request_thread) - INFO - werkzeug - 127.0.0.1 - - [17/Jul/2025 21:03:04] "GET /api/ui_state HTTP/1.1" 200 - (_internal.py:97)
2025-07-17 21:03:04,776 - MainProcess - MainThread - DEBUG - backend.controllers.qr_scanner - Scanned code received (qr_scanner.py:175)
2025-07-17 21:03:04,777 - MainProcess - MainThread - INFO - sqlalchemy.engine.Engine - SELECT codes.code AS codes_code, codes.order_id AS codes_order_id, codes.usage_limit AS codes_usage_limit, codes.current_usage AS codes_current_usage, codes.expiration_date AS codes_expiration_date, codes.created_at AS codes_created_at 
FROM codes 
WHERE codes.code = ?
 LIMIT ? OFFSET ? (base.py:1846)
2025-07-17 21:03:04,777 - MainProcess - MainThread - INFO - sqlalchemy.engine.Engine - [cached since 339.4s ago] ('d', 1, 0) (base.py:1846)
2025-07-17 21:03:04,778 - MainProcess - MainThread - WARNING - backend.controllers.qr_scanner - Invalid code (qr_scanner.py:116)
2025-07-17 21:03:04,779 - MainProcess - MainThread - INFO - sqlalchemy.engine.Engine - SELECT codes.code AS codes_code, codes.order_id AS codes_order_id, codes.usage_limit AS codes_usage_limit, codes.current_usage AS codes_current_usage, codes.expiration_date AS codes_expiration_date, codes.created_at AS codes_created_at 
FROM codes 
WHERE codes.code = ?
 LIMIT ? OFFSET ? (base.py:1846)
2025-07-17 21:03:04,779 - MainProcess - MainThread - INFO - sqlalchemy.engine.Engine - [cached since 339.4s ago] ('d', 1, 0) (base.py:1846)
2025-07-17 21:03:04,780 - MainProcess - MainThread - INFO - sqlalchemy.engine.Engine - INSERT INTO scan_logs (code, order_id, timestamp, result, details) VALUES (?, ?, ?, ?, ?) (base.py:1846)
2025-07-17 21:03:04,781 - MainProcess - MainThread - INFO - sqlalchemy.engine.Engine - [cached since 339.4s ago] ('d', None, '2025-07-17 21:03:04.780323', 'invalid', 'Invalid code') (base.py:1846)
2025-07-17 21:03:04,782 - MainProcess - MainThread - INFO - sqlalchemy.engine.Engine - COMMIT (base.py:2707)
2025-07-17 21:03:04,959 - MainProcess - MainThread - DEBUG - backend.controllers.qr_scanner - Scanned code received (qr_scanner.py:175)
2025-07-17 21:03:04,959 - MainProcess - MainThread - INFO - sqlalchemy.engine.Engine - BEGIN (implicit) (base.py:2701)
2025-07-17 21:03:04,960 - MainProcess - MainThread - INFO - sqlalchemy.engine.Engine - SELECT codes.code AS codes_code, codes.order_id AS codes_order_id, codes.usage_limit AS codes_usage_limit, codes.current_usage AS codes_current_usage, codes.expiration_date AS codes_expiration_date, codes.created_at AS codes_created_at 
FROM codes 
WHERE codes.code = ?
 LIMIT ? OFFSET ? (base.py:1846)
2025-07-17 21:03:04,961 - MainProcess - MainThread - INFO - sqlalchemy.engine.Engine - [cached since 339.6s ago] ('s', 1, 0) (base.py:1846)
2025-07-17 21:03:04,962 - MainProcess - MainThread - WARNING - backend.controllers.qr_scanner - Invalid code (qr_scanner.py:116)
2025-07-17 21:03:04,962 - MainProcess - MainThread - INFO - sqlalchemy.engine.Engine - SELECT codes.code AS codes_code, codes.order_id AS codes_order_id, codes.usage_limit AS codes_usage_limit, codes.current_usage AS codes_current_usage, codes.expiration_date AS codes_expiration_date, codes.created_at AS codes_created_at 
FROM codes 
WHERE codes.code = ?
 LIMIT ? OFFSET ? (base.py:1846)
2025-07-17 21:03:04,963 - MainProcess - MainThread - INFO - sqlalchemy.engine.Engine - [cached since 339.6s ago] ('s', 1, 0) (base.py:1846)
2025-07-17 21:03:04,964 - MainProcess - MainThread - INFO - sqlalchemy.engine.Engine - INSERT INTO scan_logs (code, order_id, timestamp, result, details) VALUES (?, ?, ?, ?, ?) (base.py:1846)
2025-07-17 21:03:04,965 - MainProcess - MainThread - INFO - sqlalchemy.engine.Engine - [cached since 339.6s ago] ('s', None, '2025-07-17 21:03:04.964541', 'invalid', 'Invalid code') (base.py:1846)
2025-07-17 21:03:04,967 - MainProcess - MainThread - INFO - sqlalchemy.engine.Engine - COMMIT (base.py:2707)
2025-07-17 21:03:05,123 - MainProcess - MainThread - DEBUG - backend.controllers.qr_scanner - Scanned code received (qr_scanner.py:175)
2025-07-17 21:03:05,124 - MainProcess - MainThread - INFO - sqlalchemy.engine.Engine - BEGIN (implicit) (base.py:2701)
2025-07-17 21:03:05,125 - MainProcess - MainThread - INFO - sqlalchemy.engine.Engine - SELECT codes.code AS codes_code, codes.order_id AS codes_order_id, codes.usage_limit AS codes_usage_limit, codes.current_usage AS codes_current_usage, codes.expiration_date AS codes_expiration_date, codes.created_at AS codes_created_at 
FROM codes 
WHERE codes.code = ?
 LIMIT ? OFFSET ? (base.py:1846)
2025-07-17 21:03:05,125 - MainProcess - MainThread - INFO - sqlalchemy.engine.Engine - [cached since 339.8s ago] ('d', 1, 0) (base.py:1846)
2025-07-17 21:03:05,126 - MainProcess - MainThread - WARNING - backend.controllers.qr_scanner - Invalid code (qr_scanner.py:116)
2025-07-17 21:03:05,127 - MainProcess - MainThread - INFO - sqlalchemy.engine.Engine - SELECT codes.code AS codes_code, codes.order_id AS codes_order_id, codes.usage_limit AS codes_usage_limit, codes.current_usage AS codes_current_usage, codes.expiration_date AS codes_expiration_date, codes.created_at AS codes_created_at 
FROM codes 
WHERE codes.code = ?
 LIMIT ? OFFSET ? (base.py:1846)
2025-07-17 21:03:05,127 - MainProcess - MainThread - INFO - sqlalchemy.engine.Engine - [cached since 339.8s ago] ('d', 1, 0) (base.py:1846)
2025-07-17 21:03:05,129 - MainProcess - MainThread - INFO - sqlalchemy.engine.Engine - INSERT INTO scan_logs (code, order_id, timestamp, result, details) VALUES (?, ?, ?, ?, ?) (base.py:1846)
2025-07-17 21:03:05,129 - MainProcess - MainThread - INFO - sqlalchemy.engine.Engine - [cached since 339.8s ago] ('d', None, '2025-07-17 21:03:05.128671', 'invalid', 'Invalid code') (base.py:1846)
2025-07-17 21:03:05,131 - MainProcess - MainThread - INFO - sqlalchemy.engine.Engine - COMMIT (base.py:2707)
2025-07-17 21:03:05,335 - MainProcess - MainThread - DEBUG - backend.controllers.qr_scanner - Scanned code received (qr_scanner.py:175)
2025-07-17 21:03:05,336 - MainProcess - MainThread - INFO - sqlalchemy.engine.Engine - BEGIN (implicit) (base.py:2701)
2025-07-17 21:03:05,337 - MainProcess - MainThread - INFO - sqlalchemy.engine.Engine - SELECT codes.code AS codes_code, codes.order_id AS codes_order_id, codes.usage_limit AS codes_usage_limit, codes.current_usage AS codes_current_usage, codes.expiration_date AS codes_expiration_date, codes.created_at AS codes_created_at 
FROM codes 
WHERE codes.code = ?
 LIMIT ? OFFSET ? (base.py:1846)
2025-07-17 21:03:05,338 - MainProcess - MainThread - INFO - sqlalchemy.engine.Engine - [cached since 340s ago] ('s', 1, 0) (base.py:1846)
2025-07-17 21:03:05,339 - MainProcess - MainThread - WARNING - backend.controllers.qr_scanner - Invalid code (qr_scanner.py:116)
2025-07-17 21:03:05,340 - MainProcess - MainThread - INFO - sqlalchemy.engine.Engine - SELECT codes.code AS codes_code, codes.order_id AS codes_order_id, codes.usage_limit AS codes_usage_limit, codes.current_usage AS codes_current_usage, codes.expiration_date AS codes_expiration_date, codes.created_at AS codes_created_at 
FROM codes 
WHERE codes.code = ?
 LIMIT ? OFFSET ? (base.py:1846)
2025-07-17 21:03:05,340 - MainProcess - MainThread - INFO - sqlalchemy.engine.Engine - [cached since 340s ago] ('s', 1, 0) (base.py:1846)
2025-07-17 21:03:05,341 - MainProcess - MainThread - INFO - sqlalchemy.engine.Engine - INSERT INTO scan_logs (code, order_id, timestamp, result, details) VALUES (?, ?, ?, ?, ?) (base.py:1846)
2025-07-17 21:03:05,342 - MainProcess - MainThread - INFO - sqlalchemy.engine.Engine - [cached since 340s ago] ('s', None, '2025-07-17 21:03:05.341261', 'invalid', 'Invalid code') (base.py:1846)
2025-07-17 21:03:05,344 - MainProcess - MainThread - INFO - sqlalchemy.engine.Engine - COMMIT (base.py:2707)
2025-07-17 21:03:05,587 - MainProcess - MainThread - DEBUG - backend.controllers.qr_scanner - Scanned code received (qr_scanner.py:175)
2025-07-17 21:03:05,588 - MainProcess - MainThread - INFO - sqlalchemy.engine.Engine - BEGIN (implicit) (base.py:2701)
2025-07-17 21:03:05,588 - MainProcess - MainThread - INFO - sqlalchemy.engine.Engine - SELECT codes.code AS codes_code, codes.order_id AS codes_order_id, codes.usage_limit AS codes_usage_limit, codes.current_usage AS codes_current_usage, codes.expiration_date AS codes_expiration_date, codes.created_at AS codes_created_at 
FROM codes 
WHERE codes.code = ?
 LIMIT ? OFFSET ? (base.py:1846)
2025-07-17 21:03:05,589 - MainProcess - MainThread - INFO - sqlalchemy.engine.Engine - [cached since 340.2s ago] ('d', 1, 0) (base.py:1846)
2025-07-17 21:03:05,590 - MainProcess - MainThread - WARNING - backend.controllers.qr_scanner - Invalid code (qr_scanner.py:116)
2025-07-17 21:03:05,590 - MainProcess - MainThread - INFO - sqlalchemy.engine.Engine - SELECT codes.code AS codes_code, codes.order_id AS codes_order_id, codes.usage_limit AS codes_usage_limit, codes.current_usage AS codes_current_usage, codes.expiration_date AS codes_expiration_date, codes.created_at AS codes_created_at 
FROM codes 
WHERE codes.code = ?
 LIMIT ? OFFSET ? (base.py:1846)
2025-07-17 21:03:05,591 - MainProcess - MainThread - INFO - sqlalchemy.engine.Engine - [cached since 340.2s ago] ('d', 1, 0) (base.py:1846)
2025-07-17 21:03:05,592 - MainProcess - MainThread - INFO - sqlalchemy.engine.Engine - INSERT INTO scan_logs (code, order_id, timestamp, result, details) VALUES (?, ?, ?, ?, ?) (base.py:1846)
2025-07-17 21:03:05,592 - MainProcess - MainThread - INFO - sqlalchemy.engine.Engine - [cached since 340.2s ago] ('d', None, '2025-07-17 21:03:05.591963', 'invalid', 'Invalid code') (base.py:1846)
2025-07-17 21:03:05,594 - MainProcess - MainThread - INFO - sqlalchemy.engine.Engine - COMMIT (base.py:2707)
2025-07-17 21:03:05,726 - MainProcess - Thread-97 (process_request_thread) - INFO - sqlalchemy.engine.Engine - BEGIN (implicit) (base.py:2701)
2025-07-17 21:03:05,726 - MainProcess - Thread-97 (process_request_thread) - INFO - sqlalchemy.engine.Engine - SELECT settings.id AS settings_id, settings."key" AS settings_key, settings.value AS settings_value 
FROM settings 
WHERE settings."key" = ?
 LIMIT ? OFFSET ? (base.py:1846)
2025-07-17 21:03:05,727 - MainProcess - Thread-97 (process_request_thread) - INFO - sqlalchemy.engine.Engine - [cached since 346.3s ago] ('api_key', 1, 0) (base.py:1846)
2025-07-17 21:03:05,728 - MainProcess - Thread-97 (process_request_thread) - INFO - werkzeug - 127.0.0.1 - - [17/Jul/2025 21:03:05] "GET /api/ui_state HTTP/1.1" 200 - (_internal.py:97)
2025-07-17 21:03:05,742 - MainProcess - MainThread - DEBUG - backend.controllers.qr_scanner - Scanned code received (qr_scanner.py:175)
2025-07-17 21:03:05,743 - MainProcess - MainThread - INFO - sqlalchemy.engine.Engine - SELECT codes.code AS codes_code, codes.order_id AS codes_order_id, codes.usage_limit AS codes_usage_limit, codes.current_usage AS codes_current_usage, codes.expiration_date AS codes_expiration_date, codes.created_at AS codes_created_at 
FROM codes 
WHERE codes.code = ?
 LIMIT ? OFFSET ? (base.py:1846)
2025-07-17 21:03:05,744 - MainProcess - MainThread - INFO - sqlalchemy.engine.Engine - [cached since 340.4s ago] ('sd', 1, 0) (base.py:1846)
2025-07-17 21:03:05,744 - MainProcess - MainThread - WARNING - backend.controllers.qr_scanner - Invalid code (qr_scanner.py:116)
2025-07-17 21:03:05,745 - MainProcess - MainThread - INFO - sqlalchemy.engine.Engine - SELECT codes.code AS codes_code, codes.order_id AS codes_order_id, codes.usage_limit AS codes_usage_limit, codes.current_usage AS codes_current_usage, codes.expiration_date AS codes_expiration_date, codes.created_at AS codes_created_at 
FROM codes 
WHERE codes.code = ?
 LIMIT ? OFFSET ? (base.py:1846)
2025-07-17 21:03:05,745 - MainProcess - MainThread - INFO - sqlalchemy.engine.Engine - [cached since 340.4s ago] ('sd', 1, 0) (base.py:1846)
2025-07-17 21:03:05,746 - MainProcess - MainThread - INFO - sqlalchemy.engine.Engine - INSERT INTO scan_logs (code, order_id, timestamp, result, details) VALUES (?, ?, ?, ?, ?) (base.py:1846)
2025-07-17 21:03:05,746 - MainProcess - MainThread - INFO - sqlalchemy.engine.Engine - [cached since 340.4s ago] ('sd', None, '2025-07-17 21:03:05.746169', 'invalid', 'Invalid code') (base.py:1846)
2025-07-17 21:03:05,748 - MainProcess - MainThread - INFO - sqlalchemy.engine.Engine - COMMIT (base.py:2707)
2025-07-17 21:03:06,153 - MainProcess - MainThread - DEBUG - backend.controllers.qr_scanner - Scanned code received (qr_scanner.py:175)
2025-07-17 21:03:06,154 - MainProcess - MainThread - INFO - sqlalchemy.engine.Engine - BEGIN (implicit) (base.py:2701)
2025-07-17 21:03:06,154 - MainProcess - MainThread - INFO - sqlalchemy.engine.Engine - SELECT codes.code AS codes_code, codes.order_id AS codes_order_id, codes.usage_limit AS codes_usage_limit, codes.current_usage AS codes_current_usage, codes.expiration_date AS codes_expiration_date, codes.created_at AS codes_created_at 
FROM codes 
WHERE codes.code = ?
 LIMIT ? OFFSET ? (base.py:1846)
2025-07-17 21:03:06,155 - MainProcess - MainThread - INFO - sqlalchemy.engine.Engine - [cached since 340.8s ago] ('sd', 1, 0) (base.py:1846)
2025-07-17 21:03:06,155 - MainProcess - MainThread - WARNING - backend.controllers.qr_scanner - Invalid code (qr_scanner.py:116)
2025-07-17 21:03:06,156 - MainProcess - MainThread - INFO - sqlalchemy.engine.Engine - SELECT codes.code AS codes_code, codes.order_id AS codes_order_id, codes.usage_limit AS codes_usage_limit, codes.current_usage AS codes_current_usage, codes.expiration_date AS codes_expiration_date, codes.created_at AS codes_created_at 
FROM codes 
WHERE codes.code = ?
 LIMIT ? OFFSET ? (base.py:1846)
2025-07-17 21:03:06,157 - MainProcess - MainThread - INFO - sqlalchemy.engine.Engine - [cached since 340.8s ago] ('sd', 1, 0) (base.py:1846)
2025-07-17 21:03:06,158 - MainProcess - MainThread - INFO - sqlalchemy.engine.Engine - INSERT INTO scan_logs (code, order_id, timestamp, result, details) VALUES (?, ?, ?, ?, ?) (base.py:1846)
2025-07-17 21:03:06,158 - MainProcess - MainThread - INFO - sqlalchemy.engine.Engine - [cached since 340.8s ago] ('sd', None, '2025-07-17 21:03:06.157876', 'invalid', 'Invalid code') (base.py:1846)
2025-07-17 21:03:06,160 - MainProcess - MainThread - INFO - sqlalchemy.engine.Engine - COMMIT (base.py:2707)
2025-07-17 21:03:06,352 - MainProcess - MainThread - DEBUG - backend.controllers.qr_scanner - Scanned code received (qr_scanner.py:175)
2025-07-17 21:03:06,352 - MainProcess - MainThread - INFO - sqlalchemy.engine.Engine - BEGIN (implicit) (base.py:2701)
2025-07-17 21:03:06,353 - MainProcess - MainThread - INFO - sqlalchemy.engine.Engine - SELECT codes.code AS codes_code, codes.order_id AS codes_order_id, codes.usage_limit AS codes_usage_limit, codes.current_usage AS codes_current_usage, codes.expiration_date AS codes_expiration_date, codes.created_at AS codes_created_at 
FROM codes 
WHERE codes.code = ?
 LIMIT ? OFFSET ? (base.py:1846)
2025-07-17 21:03:06,353 - MainProcess - MainThread - INFO - sqlalchemy.engine.Engine - [cached since 341s ago] ('s', 1, 0) (base.py:1846)
2025-07-17 21:03:06,354 - MainProcess - MainThread - WARNING - backend.controllers.qr_scanner - Invalid code (qr_scanner.py:116)
2025-07-17 21:03:06,355 - MainProcess - MainThread - INFO - sqlalchemy.engine.Engine - SELECT codes.code AS codes_code, codes.order_id AS codes_order_id, codes.usage_limit AS codes_usage_limit, codes.current_usage AS codes_current_usage, codes.expiration_date AS codes_expiration_date, codes.created_at AS codes_created_at 
FROM codes 
WHERE codes.code = ?
 LIMIT ? OFFSET ? (base.py:1846)
2025-07-17 21:03:06,355 - MainProcess - MainThread - INFO - sqlalchemy.engine.Engine - [cached since 341s ago] ('s', 1, 0) (base.py:1846)
2025-07-17 21:03:06,356 - MainProcess - MainThread - INFO - sqlalchemy.engine.Engine - INSERT INTO scan_logs (code, order_id, timestamp, result, details) VALUES (?, ?, ?, ?, ?) (base.py:1846)
2025-07-17 21:03:06,357 - MainProcess - MainThread - INFO - sqlalchemy.engine.Engine - [cached since 341s ago] ('s', None, '2025-07-17 21:03:06.356340', 'invalid', 'Invalid code') (base.py:1846)
2025-07-17 21:03:06,358 - MainProcess - MainThread - INFO - sqlalchemy.engine.Engine - COMMIT (base.py:2707)
2025-07-17 21:03:06,577 - MainProcess - MainThread - DEBUG - backend.controllers.qr_scanner - Scanned code received (qr_scanner.py:175)
2025-07-17 21:03:06,578 - MainProcess - MainThread - INFO - sqlalchemy.engine.Engine - BEGIN (implicit) (base.py:2701)
2025-07-17 21:03:06,578 - MainProcess - MainThread - INFO - sqlalchemy.engine.Engine - SELECT codes.code AS codes_code, codes.order_id AS codes_order_id, codes.usage_limit AS codes_usage_limit, codes.current_usage AS codes_current_usage, codes.expiration_date AS codes_expiration_date, codes.created_at AS codes_created_at 
FROM codes 
WHERE codes.code = ?
 LIMIT ? OFFSET ? (base.py:1846)
2025-07-17 21:03:06,579 - MainProcess - MainThread - INFO - sqlalchemy.engine.Engine - [cached since 341.2s ago] ('df', 1, 0) (base.py:1846)
2025-07-17 21:03:06,580 - MainProcess - MainThread - WARNING - backend.controllers.qr_scanner - Invalid code (qr_scanner.py:116)
2025-07-17 21:03:06,581 - MainProcess - MainThread - INFO - sqlalchemy.engine.Engine - SELECT codes.code AS codes_code, codes.order_id AS codes_order_id, codes.usage_limit AS codes_usage_limit, codes.current_usage AS codes_current_usage, codes.expiration_date AS codes_expiration_date, codes.created_at AS codes_created_at 
FROM codes 
WHERE codes.code = ?
 LIMIT ? OFFSET ? (base.py:1846)
2025-07-17 21:03:06,581 - MainProcess - MainThread - INFO - sqlalchemy.engine.Engine - [cached since 341.2s ago] ('df', 1, 0) (base.py:1846)
2025-07-17 21:03:06,582 - MainProcess - MainThread - INFO - sqlalchemy.engine.Engine - INSERT INTO scan_logs (code, order_id, timestamp, result, details) VALUES (?, ?, ?, ?, ?) (base.py:1846)
2025-07-17 21:03:06,583 - MainProcess - MainThread - INFO - sqlalchemy.engine.Engine - [cached since 341.2s ago] ('df', None, '2025-07-17 21:03:06.582295', 'invalid', 'Invalid code') (base.py:1846)
2025-07-17 21:03:06,584 - MainProcess - MainThread - INFO - sqlalchemy.engine.Engine - COMMIT (base.py:2707)
2025-07-17 21:03:06,724 - MainProcess - Thread-98 (process_request_thread) - INFO - sqlalchemy.engine.Engine - BEGIN (implicit) (base.py:2701)
2025-07-17 21:03:06,724 - MainProcess - Thread-98 (process_request_thread) - INFO - sqlalchemy.engine.Engine - SELECT settings.id AS settings_id, settings."key" AS settings_key, settings.value AS settings_value 
FROM settings 
WHERE settings."key" = ?
 LIMIT ? OFFSET ? (base.py:1846)
2025-07-17 21:03:06,725 - MainProcess - Thread-98 (process_request_thread) - INFO - sqlalchemy.engine.Engine - [cached since 347.3s ago] ('api_key', 1, 0) (base.py:1846)
2025-07-17 21:03:06,726 - MainProcess - Thread-98 (process_request_thread) - INFO - werkzeug - 127.0.0.1 - - [17/Jul/2025 21:03:06] "GET /api/ui_state HTTP/1.1" 200 - (_internal.py:97)
2025-07-17 21:03:06,947 - MainProcess - MainThread - DEBUG - backend.controllers.qr_scanner - Scanned code received (qr_scanner.py:175)
2025-07-17 21:03:06,948 - MainProcess - MainThread - INFO - sqlalchemy.engine.Engine - SELECT codes.code AS codes_code, codes.order_id AS codes_order_id, codes.usage_limit AS codes_usage_limit, codes.current_usage AS codes_current_usage, codes.expiration_date AS codes_expiration_date, codes.created_at AS codes_created_at 
FROM codes 
WHERE codes.code = ?
 LIMIT ? OFFSET ? (base.py:1846)
2025-07-17 21:03:06,948 - MainProcess - MainThread - INFO - sqlalchemy.engine.Engine - [cached since 341.6s ago] ('sdfs', 1, 0) (base.py:1846)
2025-07-17 21:03:06,949 - MainProcess - MainThread - WARNING - backend.controllers.qr_scanner - Invalid code (qr_scanner.py:116)
2025-07-17 21:03:06,949 - MainProcess - MainThread - INFO - sqlalchemy.engine.Engine - SELECT codes.code AS codes_code, codes.order_id AS codes_order_id, codes.usage_limit AS codes_usage_limit, codes.current_usage AS codes_current_usage, codes.expiration_date AS codes_expiration_date, codes.created_at AS codes_created_at 
FROM codes 
WHERE codes.code = ?
 LIMIT ? OFFSET ? (base.py:1846)
2025-07-17 21:03:06,950 - MainProcess - MainThread - INFO - sqlalchemy.engine.Engine - [cached since 341.6s ago] ('sdfs', 1, 0) (base.py:1846)
2025-07-17 21:03:06,951 - MainProcess - MainThread - INFO - sqlalchemy.engine.Engine - INSERT INTO scan_logs (code, order_id, timestamp, result, details) VALUES (?, ?, ?, ?, ?) (base.py:1846)
2025-07-17 21:03:06,951 - MainProcess - MainThread - INFO - sqlalchemy.engine.Engine - [cached since 341.6s ago] ('sdfs', None, '2025-07-17 21:03:06.950999', 'invalid', 'Invalid code') (base.py:1846)
2025-07-17 21:03:06,953 - MainProcess - MainThread - INFO - sqlalchemy.engine.Engine - COMMIT (base.py:2707)
2025-07-17 21:03:07,143 - MainProcess - MainThread - DEBUG - backend.controllers.qr_scanner - Scanned code received (qr_scanner.py:175)
2025-07-17 21:03:07,144 - MainProcess - MainThread - INFO - sqlalchemy.engine.Engine - BEGIN (implicit) (base.py:2701)
2025-07-17 21:03:07,144 - MainProcess - MainThread - INFO - sqlalchemy.engine.Engine - SELECT codes.code AS codes_code, codes.order_id AS codes_order_id, codes.usage_limit AS codes_usage_limit, codes.current_usage AS codes_current_usage, codes.expiration_date AS codes_expiration_date, codes.created_at AS codes_created_at 
FROM codes 
WHERE codes.code = ?
 LIMIT ? OFFSET ? (base.py:1846)
2025-07-17 21:03:07,145 - MainProcess - MainThread - INFO - sqlalchemy.engine.Engine - [cached since 341.8s ago] ('df', 1, 0) (base.py:1846)
2025-07-17 21:03:07,145 - MainProcess - MainThread - WARNING - backend.controllers.qr_scanner - Invalid code (qr_scanner.py:116)
2025-07-17 21:03:07,146 - MainProcess - MainThread - INFO - sqlalchemy.engine.Engine - SELECT codes.code AS codes_code, codes.order_id AS codes_order_id, codes.usage_limit AS codes_usage_limit, codes.current_usage AS codes_current_usage, codes.expiration_date AS codes_expiration_date, codes.created_at AS codes_created_at 
FROM codes 
WHERE codes.code = ?
 LIMIT ? OFFSET ? (base.py:1846)
2025-07-17 21:03:07,146 - MainProcess - MainThread - INFO - sqlalchemy.engine.Engine - [cached since 341.8s ago] ('df', 1, 0) (base.py:1846)
2025-07-17 21:03:07,147 - MainProcess - MainThread - INFO - sqlalchemy.engine.Engine - INSERT INTO scan_logs (code, order_id, timestamp, result, details) VALUES (?, ?, ?, ?, ?) (base.py:1846)
2025-07-17 21:03:07,148 - MainProcess - MainThread - INFO - sqlalchemy.engine.Engine - [cached since 341.8s ago] ('df', None, '2025-07-17 21:03:07.147368', 'invalid', 'Invalid code') (base.py:1846)
2025-07-17 21:03:07,150 - MainProcess - MainThread - INFO - sqlalchemy.engine.Engine - COMMIT (base.py:2707)
2025-07-17 21:03:07,727 - MainProcess - Thread-99 (process_request_thread) - INFO - sqlalchemy.engine.Engine - BEGIN (implicit) (base.py:2701)
2025-07-17 21:03:07,728 - MainProcess - Thread-99 (process_request_thread) - INFO - sqlalchemy.engine.Engine - SELECT settings.id AS settings_id, settings."key" AS settings_key, settings.value AS settings_value 
FROM settings 
WHERE settings."key" = ?
 LIMIT ? OFFSET ? (base.py:1846)
2025-07-17 21:03:07,728 - MainProcess - Thread-99 (process_request_thread) - INFO - sqlalchemy.engine.Engine - [cached since 348.3s ago] ('api_key', 1, 0) (base.py:1846)
2025-07-17 21:03:07,729 - MainProcess - Thread-99 (process_request_thread) - INFO - werkzeug - 127.0.0.1 - - [17/Jul/2025 21:03:07] "GET /api/ui_state HTTP/1.1" 200 - (_internal.py:97)
2025-07-17 21:03:07,754 - MainProcess - MainThread - DEBUG - backend.controllers.qr_scanner - Scanned code received (qr_scanner.py:175)
2025-07-17 21:03:07,755 - MainProcess - MainThread - INFO - sqlalchemy.engine.Engine - SELECT codes.code AS codes_code, codes.order_id AS codes_order_id, codes.usage_limit AS codes_usage_limit, codes.current_usage AS codes_current_usage, codes.expiration_date AS codes_expiration_date, codes.created_at AS codes_created_at 
FROM codes 
WHERE codes.code = ?
 LIMIT ? OFFSET ? (base.py:1846)
2025-07-17 21:03:07,756 - MainProcess - MainThread - INFO - sqlalchemy.engine.Engine - [cached since 342.4s ago] ('sdfsdf', 1, 0) (base.py:1846)
2025-07-17 21:03:07,757 - MainProcess - MainThread - WARNING - backend.controllers.qr_scanner - Invalid code (qr_scanner.py:116)
2025-07-17 21:03:07,757 - MainProcess - MainThread - INFO - sqlalchemy.engine.Engine - SELECT codes.code AS codes_code, codes.order_id AS codes_order_id, codes.usage_limit AS codes_usage_limit, codes.current_usage AS codes_current_usage, codes.expiration_date AS codes_expiration_date, codes.created_at AS codes_created_at 
FROM codes 
WHERE codes.code = ?
 LIMIT ? OFFSET ? (base.py:1846)
2025-07-17 21:03:07,758 - MainProcess - MainThread - INFO - sqlalchemy.engine.Engine - [cached since 342.4s ago] ('sdfsdf', 1, 0) (base.py:1846)
2025-07-17 21:03:07,759 - MainProcess - MainThread - INFO - sqlalchemy.engine.Engine - INSERT INTO scan_logs (code, order_id, timestamp, result, details) VALUES (?, ?, ?, ?, ?) (base.py:1846)
2025-07-17 21:03:07,759 - MainProcess - MainThread - INFO - sqlalchemy.engine.Engine - [cached since 342.4s ago] ('sdfsdf', None, '2025-07-17 21:03:07.759165', 'invalid', 'Invalid code') (base.py:1846)
2025-07-17 21:03:07,761 - MainProcess - MainThread - INFO - sqlalchemy.engine.Engine - COMMIT (base.py:2707)
2025-07-17 21:03:08,161 - MainProcess - MainThread - DEBUG - backend.controllers.qr_scanner - Scanned code received (qr_scanner.py:175)
2025-07-17 21:03:08,162 - MainProcess - MainThread - INFO - sqlalchemy.engine.Engine - BEGIN (implicit) (base.py:2701)
2025-07-17 21:03:08,163 - MainProcess - MainThread - INFO - sqlalchemy.engine.Engine - SELECT codes.code AS codes_code, codes.order_id AS codes_order_id, codes.usage_limit AS codes_usage_limit, codes.current_usage AS codes_current_usage, codes.expiration_date AS codes_expiration_date, codes.created_at AS codes_created_at 
FROM codes 
WHERE codes.code = ?
 LIMIT ? OFFSET ? (base.py:1846)
2025-07-17 21:03:08,163 - MainProcess - MainThread - INFO - sqlalchemy.engine.Engine - [cached since 342.8s ago] ('dsf', 1, 0) (base.py:1846)
2025-07-17 21:03:08,164 - MainProcess - MainThread - WARNING - backend.controllers.qr_scanner - Invalid code (qr_scanner.py:116)
2025-07-17 21:03:08,165 - MainProcess - MainThread - INFO - sqlalchemy.engine.Engine - SELECT codes.code AS codes_code, codes.order_id AS codes_order_id, codes.usage_limit AS codes_usage_limit, codes.current_usage AS codes_current_usage, codes.expiration_date AS codes_expiration_date, codes.created_at AS codes_created_at 
FROM codes 
WHERE codes.code = ?
 LIMIT ? OFFSET ? (base.py:1846)
2025-07-17 21:03:08,166 - MainProcess - MainThread - INFO - sqlalchemy.engine.Engine - [cached since 342.8s ago] ('dsf', 1, 0) (base.py:1846)
2025-07-17 21:03:08,167 - MainProcess - MainThread - INFO - sqlalchemy.engine.Engine - INSERT INTO scan_logs (code, order_id, timestamp, result, details) VALUES (?, ?, ?, ?, ?) (base.py:1846)
2025-07-17 21:03:08,167 - MainProcess - MainThread - INFO - sqlalchemy.engine.Engine - [cached since 342.8s ago] ('dsf', None, '2025-07-17 21:03:08.166928', 'invalid', 'Invalid code') (base.py:1846)
2025-07-17 21:03:08,170 - MainProcess - MainThread - INFO - sqlalchemy.engine.Engine - COMMIT (base.py:2707)
2025-07-17 21:03:08,417 - MainProcess - MainThread - DEBUG - backend.controllers.qr_scanner - Scanned code received (qr_scanner.py:175)
2025-07-17 21:03:08,417 - MainProcess - MainThread - INFO - sqlalchemy.engine.Engine - BEGIN (implicit) (base.py:2701)
2025-07-17 21:03:08,418 - MainProcess - MainThread - INFO - sqlalchemy.engine.Engine - SELECT codes.code AS codes_code, codes.order_id AS codes_order_id, codes.usage_limit AS codes_usage_limit, codes.current_usage AS codes_current_usage, codes.expiration_date AS codes_expiration_date, codes.created_at AS codes_created_at 
FROM codes 
WHERE codes.code = ?
 LIMIT ? OFFSET ? (base.py:1846)
2025-07-17 21:03:08,418 - MainProcess - MainThread - INFO - sqlalchemy.engine.Engine - [cached since 343s ago] ('dsf', 1, 0) (base.py:1846)
2025-07-17 21:03:08,419 - MainProcess - MainThread - WARNING - backend.controllers.qr_scanner - Invalid code (qr_scanner.py:116)
2025-07-17 21:03:08,420 - MainProcess - MainThread - INFO - sqlalchemy.engine.Engine - SELECT codes.code AS codes_code, codes.order_id AS codes_order_id, codes.usage_limit AS codes_usage_limit, codes.current_usage AS codes_current_usage, codes.expiration_date AS codes_expiration_date, codes.created_at AS codes_created_at 
FROM codes 
WHERE codes.code = ?
 LIMIT ? OFFSET ? (base.py:1846)
2025-07-17 21:03:08,420 - MainProcess - MainThread - INFO - sqlalchemy.engine.Engine - [cached since 343s ago] ('dsf', 1, 0) (base.py:1846)
2025-07-17 21:03:08,421 - MainProcess - MainThread - INFO - sqlalchemy.engine.Engine - INSERT INTO scan_logs (code, order_id, timestamp, result, details) VALUES (?, ?, ?, ?, ?) (base.py:1846)
2025-07-17 21:03:08,421 - MainProcess - MainThread - INFO - sqlalchemy.engine.Engine - [cached since 343s ago] ('dsf', None, '2025-07-17 21:03:08.421085', 'invalid', 'Invalid code') (base.py:1846)
2025-07-17 21:03:08,422 - MainProcess - MainThread - INFO - sqlalchemy.engine.Engine - COMMIT (base.py:2707)
2025-07-17 21:03:08,727 - MainProcess - Thread-100 (process_request_thread) - INFO - sqlalchemy.engine.Engine - BEGIN (implicit) (base.py:2701)
2025-07-17 21:03:08,727 - MainProcess - Thread-100 (process_request_thread) - INFO - sqlalchemy.engine.Engine - SELECT settings.id AS settings_id, settings."key" AS settings_key, settings.value AS settings_value 
FROM settings 
WHERE settings."key" = ?
 LIMIT ? OFFSET ? (base.py:1846)
2025-07-17 21:03:08,728 - MainProcess - Thread-100 (process_request_thread) - INFO - sqlalchemy.engine.Engine - [cached since 349.3s ago] ('api_key', 1, 0) (base.py:1846)
2025-07-17 21:03:08,729 - MainProcess - Thread-100 (process_request_thread) - INFO - werkzeug - 127.0.0.1 - - [17/Jul/2025 21:03:08] "GET /api/ui_state HTTP/1.1" 200 - (_internal.py:97)
2025-07-17 21:03:08,805 - MainProcess - MainThread - DEBUG - backend.controllers.qr_scanner - Scanned code received (qr_scanner.py:175)
2025-07-17 21:03:08,807 - MainProcess - MainThread - INFO - sqlalchemy.engine.Engine - SELECT codes.code AS codes_code, codes.order_id AS codes_order_id, codes.usage_limit AS codes_usage_limit, codes.current_usage AS codes_current_usage, codes.expiration_date AS codes_expiration_date, codes.created_at AS codes_created_at 
FROM codes 
WHERE codes.code = ?
 LIMIT ? OFFSET ? (base.py:1846)
2025-07-17 21:03:08,807 - MainProcess - MainThread - INFO - sqlalchemy.engine.Engine - [cached since 343.4s ago] ('dsf', 1, 0) (base.py:1846)
2025-07-17 21:03:08,808 - MainProcess - MainThread - WARNING - backend.controllers.qr_scanner - Invalid code (qr_scanner.py:116)
2025-07-17 21:03:08,809 - MainProcess - MainThread - INFO - sqlalchemy.engine.Engine - SELECT codes.code AS codes_code, codes.order_id AS codes_order_id, codes.usage_limit AS codes_usage_limit, codes.current_usage AS codes_current_usage, codes.expiration_date AS codes_expiration_date, codes.created_at AS codes_created_at 
FROM codes 
WHERE codes.code = ?
 LIMIT ? OFFSET ? (base.py:1846)
2025-07-17 21:03:08,810 - MainProcess - MainThread - INFO - sqlalchemy.engine.Engine - [cached since 343.4s ago] ('dsf', 1, 0) (base.py:1846)
2025-07-17 21:03:08,811 - MainProcess - MainThread - INFO - sqlalchemy.engine.Engine - INSERT INTO scan_logs (code, order_id, timestamp, result, details) VALUES (?, ?, ?, ?, ?) (base.py:1846)
2025-07-17 21:03:08,811 - MainProcess - MainThread - INFO - sqlalchemy.engine.Engine - [cached since 343.4s ago] ('dsf', None, '2025-07-17 21:03:08.810705', 'invalid', 'Invalid code') (base.py:1846)
2025-07-17 21:03:08,813 - MainProcess - MainThread - INFO - sqlalchemy.engine.Engine - COMMIT (base.py:2707)
2025-07-17 21:03:09,000 - MainProcess - MainThread - DEBUG - backend.controllers.qr_scanner - Scanned code received (qr_scanner.py:175)
2025-07-17 21:03:09,000 - MainProcess - MainThread - INFO - sqlalchemy.engine.Engine - BEGIN (implicit) (base.py:2701)
2025-07-17 21:03:09,001 - MainProcess - MainThread - INFO - sqlalchemy.engine.Engine - SELECT codes.code AS codes_code, codes.order_id AS codes_order_id, codes.usage_limit AS codes_usage_limit, codes.current_usage AS codes_current_usage, codes.expiration_date AS codes_expiration_date, codes.created_at AS codes_created_at 
FROM codes 
WHERE codes.code = ?
 LIMIT ? OFFSET ? (base.py:1846)
2025-07-17 21:03:09,002 - MainProcess - MainThread - INFO - sqlalchemy.engine.Engine - [cached since 343.6s ago] ('ds', 1, 0) (base.py:1846)
2025-07-17 21:03:09,003 - MainProcess - MainThread - WARNING - backend.controllers.qr_scanner - Invalid code (qr_scanner.py:116)
2025-07-17 21:03:09,003 - MainProcess - MainThread - INFO - sqlalchemy.engine.Engine - SELECT codes.code AS codes_code, codes.order_id AS codes_order_id, codes.usage_limit AS codes_usage_limit, codes.current_usage AS codes_current_usage, codes.expiration_date AS codes_expiration_date, codes.created_at AS codes_created_at 
FROM codes 
WHERE codes.code = ?
 LIMIT ? OFFSET ? (base.py:1846)
2025-07-17 21:03:09,004 - MainProcess - MainThread - INFO - sqlalchemy.engine.Engine - [cached since 343.6s ago] ('ds', 1, 0) (base.py:1846)
2025-07-17 21:03:09,005 - MainProcess - MainThread - INFO - sqlalchemy.engine.Engine - INSERT INTO scan_logs (code, order_id, timestamp, result, details) VALUES (?, ?, ?, ?, ?) (base.py:1846)
2025-07-17 21:03:09,005 - MainProcess - MainThread - INFO - sqlalchemy.engine.Engine - [cached since 343.6s ago] ('ds', None, '2025-07-17 21:03:09.005124', 'invalid', 'Invalid code') (base.py:1846)
2025-07-17 21:03:09,008 - MainProcess - MainThread - INFO - sqlalchemy.engine.Engine - COMMIT (base.py:2707)
2025-07-17 21:03:09,728 - MainProcess - Thread-101 (process_request_thread) - INFO - sqlalchemy.engine.Engine - BEGIN (implicit) (base.py:2701)
2025-07-17 21:03:09,729 - MainProcess - Thread-101 (process_request_thread) - INFO - sqlalchemy.engine.Engine - SELECT settings.id AS settings_id, settings."key" AS settings_key, settings.value AS settings_value 
FROM settings 
WHERE settings."key" = ?
 LIMIT ? OFFSET ? (base.py:1846)
2025-07-17 21:03:09,730 - MainProcess - Thread-101 (process_request_thread) - INFO - sqlalchemy.engine.Engine - [cached since 350.3s ago] ('api_key', 1, 0) (base.py:1846)
2025-07-17 21:03:09,732 - MainProcess - Thread-101 (process_request_thread) - INFO - werkzeug - 127.0.0.1 - - [17/Jul/2025 21:03:09] "GET /api/ui_state HTTP/1.1" 200 - (_internal.py:97)
2025-07-17 21:03:10,466 - MainProcess - Thread-102 (process_request_thread) - INFO - sqlalchemy.engine.Engine - SELECT settings.id AS settings_id, settings."key" AS settings_key, settings.value AS settings_value 
FROM settings 
WHERE settings."key" = ?
 LIMIT ? OFFSET ? (base.py:1846)
2025-07-17 21:03:10,466 - MainProcess - Thread-102 (process_request_thread) - INFO - sqlalchemy.engine.Engine - [cached since 351s ago] ('api_key', 1, 0) (base.py:1846)
2025-07-17 21:03:10,467 - MainProcess - Thread-102 (process_request_thread) - INFO - werkzeug - 127.0.0.1 - - [17/Jul/2025 21:03:10] "GET /api/ui_state HTTP/1.1" 200 - (_internal.py:97)
2025-07-17 21:03:10,730 - MainProcess - Thread-103 (process_request_thread) - INFO - sqlalchemy.engine.Engine - SELECT settings.id AS settings_id, settings."key" AS settings_key, settings.value AS settings_value 
FROM settings 
WHERE settings."key" = ?
 LIMIT ? OFFSET ? (base.py:1846)
2025-07-17 21:03:10,731 - MainProcess - Thread-103 (process_request_thread) - INFO - sqlalchemy.engine.Engine - [cached since 351.3s ago] ('api_key', 1, 0) (base.py:1846)
2025-07-17 21:03:10,732 - MainProcess - Thread-103 (process_request_thread) - INFO - werkzeug - 127.0.0.1 - - [17/Jul/2025 21:03:10] "GET /api/ui_state HTTP/1.1" 200 - (_internal.py:97)
2025-07-17 21:03:11,731 - MainProcess - Thread-104 (process_request_thread) - INFO - sqlalchemy.engine.Engine - SELECT settings.id AS settings_id, settings."key" AS settings_key, settings.value AS settings_value 
FROM settings 
WHERE settings."key" = ?
 LIMIT ? OFFSET ? (base.py:1846)
2025-07-17 21:03:11,732 - MainProcess - Thread-104 (process_request_thread) - INFO - sqlalchemy.engine.Engine - [cached since 352.3s ago] ('api_key', 1, 0) (base.py:1846)
2025-07-17 21:03:11,733 - MainProcess - Thread-104 (process_request_thread) - INFO - werkzeug - 127.0.0.1 - - [17/Jul/2025 21:03:11] "GET /api/ui_state HTTP/1.1" 200 - (_internal.py:97)
2025-07-17 21:03:12,533 - MainProcess - MainThread - DEBUG - backend.controllers.qr_scanner - Scanned code received (qr_scanner.py:175)
2025-07-17 21:03:12,534 - MainProcess - MainThread - INFO - sqlalchemy.engine.Engine - SELECT codes.code AS codes_code, codes.order_id AS codes_order_id, codes.usage_limit AS codes_usage_limit, codes.current_usage AS codes_current_usage, codes.expiration_date AS codes_expiration_date, codes.created_at AS codes_created_at 
FROM codes 
WHERE codes.code = ?
 LIMIT ? OFFSET ? (base.py:1846)
2025-07-17 21:03:12,535 - MainProcess - MainThread - INFO - sqlalchemy.engine.Engine - [cached since 347.2s ago] ('sd', 1, 0) (base.py:1846)
2025-07-17 21:03:12,536 - MainProcess - MainThread - WARNING - backend.controllers.qr_scanner - Invalid code (qr_scanner.py:116)
2025-07-17 21:03:12,537 - MainProcess - MainThread - INFO - sqlalchemy.engine.Engine - SELECT codes.code AS codes_code, codes.order_id AS codes_order_id, codes.usage_limit AS codes_usage_limit, codes.current_usage AS codes_current_usage, codes.expiration_date AS codes_expiration_date, codes.created_at AS codes_created_at 
FROM codes 
WHERE codes.code = ?
 LIMIT ? OFFSET ? (base.py:1846)
2025-07-17 21:03:12,537 - MainProcess - MainThread - INFO - sqlalchemy.engine.Engine - [cached since 347.2s ago] ('sd', 1, 0) (base.py:1846)
2025-07-17 21:03:12,539 - MainProcess - MainThread - INFO - sqlalchemy.engine.Engine - INSERT INTO scan_logs (code, order_id, timestamp, result, details) VALUES (?, ?, ?, ?, ?) (base.py:1846)
2025-07-17 21:03:12,539 - MainProcess - MainThread - INFO - sqlalchemy.engine.Engine - [cached since 347.2s ago] ('sd', None, '2025-07-17 21:03:12.538918', 'invalid', 'Invalid code') (base.py:1846)
2025-07-17 21:03:12,542 - MainProcess - MainThread - INFO - sqlalchemy.engine.Engine - COMMIT (base.py:2707)
2025-07-17 21:03:12,727 - MainProcess - Thread-105 (process_request_thread) - INFO - sqlalchemy.engine.Engine - BEGIN (implicit) (base.py:2701)
2025-07-17 21:03:12,728 - MainProcess - Thread-105 (process_request_thread) - INFO - sqlalchemy.engine.Engine - SELECT settings.id AS settings_id, settings."key" AS settings_key, settings.value AS settings_value 
FROM settings 
WHERE settings."key" = ?
 LIMIT ? OFFSET ? (base.py:1846)
2025-07-17 21:03:12,728 - MainProcess - Thread-105 (process_request_thread) - INFO - sqlalchemy.engine.Engine - [cached since 353.3s ago] ('api_key', 1, 0) (base.py:1846)
2025-07-17 21:03:12,729 - MainProcess - Thread-105 (process_request_thread) - INFO - werkzeug - 127.0.0.1 - - [17/Jul/2025 21:03:12] "GET /api/ui_state HTTP/1.1" 200 - (_internal.py:97)
2025-07-17 21:03:13,717 - MainProcess - Thread-106 (process_request_thread) - INFO - sqlalchemy.engine.Engine - SELECT settings.id AS settings_id, settings."key" AS settings_key, settings.value AS settings_value 
FROM settings 
WHERE settings."key" = ?
 LIMIT ? OFFSET ? (base.py:1846)
2025-07-17 21:03:13,718 - MainProcess - Thread-106 (process_request_thread) - INFO - sqlalchemy.engine.Engine - [cached since 354.3s ago] ('api_key', 1, 0) (base.py:1846)
2025-07-17 21:03:13,719 - MainProcess - Thread-106 (process_request_thread) - INFO - werkzeug - 127.0.0.1 - - [17/Jul/2025 21:03:13] "GET /api/ui_state HTTP/1.1" 200 - (_internal.py:97)
2025-07-17 21:03:13,781 - MainProcess - MainThread - DEBUG - backend.controllers.qr_scanner - Scanned code received (qr_scanner.py:175)
2025-07-17 21:03:13,782 - MainProcess - MainThread - INFO - sqlalchemy.engine.Engine - SELECT codes.code AS codes_code, codes.order_id AS codes_order_id, codes.usage_limit AS codes_usage_limit, codes.current_usage AS codes_current_usage, codes.expiration_date AS codes_expiration_date, codes.created_at AS codes_created_at 
FROM codes 
WHERE codes.code = ?
 LIMIT ? OFFSET ? (base.py:1846)
2025-07-17 21:03:13,783 - MainProcess - MainThread - INFO - sqlalchemy.engine.Engine - [cached since 348.4s ago] ('sdfs', 1, 0) (base.py:1846)
2025-07-17 21:03:13,783 - MainProcess - MainThread - WARNING - backend.controllers.qr_scanner - Invalid code (qr_scanner.py:116)
2025-07-17 21:03:13,784 - MainProcess - MainThread - INFO - sqlalchemy.engine.Engine - SELECT codes.code AS codes_code, codes.order_id AS codes_order_id, codes.usage_limit AS codes_usage_limit, codes.current_usage AS codes_current_usage, codes.expiration_date AS codes_expiration_date, codes.created_at AS codes_created_at 
FROM codes 
WHERE codes.code = ?
 LIMIT ? OFFSET ? (base.py:1846)
2025-07-17 21:03:13,784 - MainProcess - MainThread - INFO - sqlalchemy.engine.Engine - [cached since 348.4s ago] ('sdfs', 1, 0) (base.py:1846)
2025-07-17 21:03:13,785 - MainProcess - MainThread - INFO - sqlalchemy.engine.Engine - INSERT INTO scan_logs (code, order_id, timestamp, result, details) VALUES (?, ?, ?, ?, ?) (base.py:1846)
2025-07-17 21:03:13,785 - MainProcess - MainThread - INFO - sqlalchemy.engine.Engine - [cached since 348.4s ago] ('sdfs', None, '2025-07-17 21:03:13.785149', 'invalid', 'Invalid code') (base.py:1846)
2025-07-17 21:03:13,787 - MainProcess - MainThread - INFO - sqlalchemy.engine.Engine - COMMIT (base.py:2707)
2025-07-17 21:03:14,731 - MainProcess - Thread-107 (process_request_thread) - INFO - sqlalchemy.engine.Engine - BEGIN (implicit) (base.py:2701)
2025-07-17 21:03:14,732 - MainProcess - Thread-107 (process_request_thread) - INFO - sqlalchemy.engine.Engine - SELECT settings.id AS settings_id, settings."key" AS settings_key, settings.value AS settings_value 
FROM settings 
WHERE settings."key" = ?
 LIMIT ? OFFSET ? (base.py:1846)
2025-07-17 21:03:14,732 - MainProcess - Thread-107 (process_request_thread) - INFO - sqlalchemy.engine.Engine - [cached since 355.3s ago] ('api_key', 1, 0) (base.py:1846)
2025-07-17 21:03:14,733 - MainProcess - Thread-107 (process_request_thread) - INFO - werkzeug - 127.0.0.1 - - [17/Jul/2025 21:03:14] "GET /api/ui_state HTTP/1.1" 200 - (_internal.py:97)
2025-07-17 21:03:15,731 - MainProcess - Thread-108 (process_request_thread) - INFO - sqlalchemy.engine.Engine - SELECT settings.id AS settings_id, settings."key" AS settings_key, settings.value AS settings_value 
FROM settings 
WHERE settings."key" = ?
 LIMIT ? OFFSET ? (base.py:1846)
2025-07-17 21:03:15,732 - MainProcess - Thread-108 (process_request_thread) - INFO - sqlalchemy.engine.Engine - [cached since 356.3s ago] ('api_key', 1, 0) (base.py:1846)
2025-07-17 21:03:15,733 - MainProcess - Thread-108 (process_request_thread) - INFO - werkzeug - 127.0.0.1 - - [17/Jul/2025 21:03:15] "GET /api/ui_state HTTP/1.1" 200 - (_internal.py:97)
2025-07-17 21:03:15,761 - MainProcess - MainThread - DEBUG - backend.controllers.qr_scanner - Scanned code received (qr_scanner.py:175)
2025-07-17 21:03:15,762 - MainProcess - MainThread - INFO - sqlalchemy.engine.Engine - SELECT codes.code AS codes_code, codes.order_id AS codes_order_id, codes.usage_limit AS codes_usage_limit, codes.current_usage AS codes_current_usage, codes.expiration_date AS codes_expiration_date, codes.created_at AS codes_created_at 
FROM codes 
WHERE codes.code = ?
 LIMIT ? OFFSET ? (base.py:1846)
2025-07-17 21:03:15,762 - MainProcess - MainThread - INFO - sqlalchemy.engine.Engine - [cached since 350.4s ago] ('sdfsfds', 1, 0) (base.py:1846)
2025-07-17 21:03:15,763 - MainProcess - MainThread - WARNING - backend.controllers.qr_scanner - Invalid code (qr_scanner.py:116)
2025-07-17 21:03:15,764 - MainProcess - MainThread - INFO - sqlalchemy.engine.Engine - SELECT codes.code AS codes_code, codes.order_id AS codes_order_id, codes.usage_limit AS codes_usage_limit, codes.current_usage AS codes_current_usage, codes.expiration_date AS codes_expiration_date, codes.created_at AS codes_created_at 
FROM codes 
WHERE codes.code = ?
 LIMIT ? OFFSET ? (base.py:1846)
2025-07-17 21:03:15,764 - MainProcess - MainThread - INFO - sqlalchemy.engine.Engine - [cached since 350.4s ago] ('sdfsfds', 1, 0) (base.py:1846)
2025-07-17 21:03:15,765 - MainProcess - MainThread - INFO - sqlalchemy.engine.Engine - INSERT INTO scan_logs (code, order_id, timestamp, result, details) VALUES (?, ?, ?, ?, ?) (base.py:1846)
2025-07-17 21:03:15,766 - MainProcess - MainThread - INFO - sqlalchemy.engine.Engine - [cached since 350.4s ago] ('sdfsfds', None, '2025-07-17 21:03:15.765364', 'invalid', 'Invalid code') (base.py:1846)
2025-07-17 21:03:15,767 - MainProcess - MainThread - INFO - sqlalchemy.engine.Engine - COMMIT (base.py:2707)
2025-07-17 21:03:16,733 - MainProcess - Thread-109 (process_request_thread) - INFO - sqlalchemy.engine.Engine - BEGIN (implicit) (base.py:2701)
2025-07-17 21:03:16,734 - MainProcess - Thread-109 (process_request_thread) - INFO - sqlalchemy.engine.Engine - SELECT settings.id AS settings_id, settings."key" AS settings_key, settings.value AS settings_value 
FROM settings 
WHERE settings."key" = ?
 LIMIT ? OFFSET ? (base.py:1846)
2025-07-17 21:03:16,734 - MainProcess - Thread-109 (process_request_thread) - INFO - sqlalchemy.engine.Engine - [cached since 357.3s ago] ('api_key', 1, 0) (base.py:1846)
2025-07-17 21:03:16,735 - MainProcess - Thread-109 (process_request_thread) - INFO - werkzeug - 127.0.0.1 - - [17/Jul/2025 21:03:16] "GET /api/ui_state HTTP/1.1" 200 - (_internal.py:97)
2025-07-17 21:03:16,998 - MainProcess - MainThread - DEBUG - backend.controllers.qr_scanner - Scanned code received (qr_scanner.py:175)
2025-07-17 21:03:16,999 - MainProcess - MainThread - INFO - sqlalchemy.engine.Engine - SELECT codes.code AS codes_code, codes.order_id AS codes_order_id, codes.usage_limit AS codes_usage_limit, codes.current_usage AS codes_current_usage, codes.expiration_date AS codes_expiration_date, codes.created_at AS codes_created_at 
FROM codes 
WHERE codes.code = ?
 LIMIT ? OFFSET ? (base.py:1846)
2025-07-17 21:03:16,999 - MainProcess - MainThread - INFO - sqlalchemy.engine.Engine - [cached since 351.6s ago] ('sdfsdf', 1, 0) (base.py:1846)
2025-07-17 21:03:17,000 - MainProcess - MainThread - WARNING - backend.controllers.qr_scanner - Invalid code (qr_scanner.py:116)
2025-07-17 21:03:17,000 - MainProcess - MainThread - INFO - sqlalchemy.engine.Engine - SELECT codes.code AS codes_code, codes.order_id AS codes_order_id, codes.usage_limit AS codes_usage_limit, codes.current_usage AS codes_current_usage, codes.expiration_date AS codes_expiration_date, codes.created_at AS codes_created_at 
FROM codes 
WHERE codes.code = ?
 LIMIT ? OFFSET ? (base.py:1846)
2025-07-17 21:03:17,001 - MainProcess - MainThread - INFO - sqlalchemy.engine.Engine - [cached since 351.6s ago] ('sdfsdf', 1, 0) (base.py:1846)
2025-07-17 21:03:17,001 - MainProcess - MainThread - INFO - sqlalchemy.engine.Engine - INSERT INTO scan_logs (code, order_id, timestamp, result, details) VALUES (?, ?, ?, ?, ?) (base.py:1846)
2025-07-17 21:03:17,002 - MainProcess - MainThread - INFO - sqlalchemy.engine.Engine - [cached since 351.6s ago] ('sdfsdf', None, '2025-07-17 21:03:17.001699', 'invalid', 'Invalid code') (base.py:1846)
2025-07-17 21:03:17,003 - MainProcess - MainThread - INFO - sqlalchemy.engine.Engine - COMMIT (base.py:2707)
2025-07-17 21:03:17,722 - MainProcess - Thread-110 (process_request_thread) - INFO - sqlalchemy.engine.Engine - BEGIN (implicit) (base.py:2701)
2025-07-17 21:03:17,722 - MainProcess - Thread-110 (process_request_thread) - INFO - sqlalchemy.engine.Engine - SELECT settings.id AS settings_id, settings."key" AS settings_key, settings.value AS settings_value 
FROM settings 
WHERE settings."key" = ?
 LIMIT ? OFFSET ? (base.py:1846)
2025-07-17 21:03:17,722 - MainProcess - Thread-110 (process_request_thread) - INFO - sqlalchemy.engine.Engine - [cached since 358.3s ago] ('api_key', 1, 0) (base.py:1846)
2025-07-17 21:03:17,723 - MainProcess - Thread-110 (process_request_thread) - INFO - werkzeug - 127.0.0.1 - - [17/Jul/2025 21:03:17] "GET /api/ui_state HTTP/1.1" 200 - (_internal.py:97)
2025-07-17 21:03:17,774 - MainProcess - MainThread - DEBUG - backend.controllers.qr_scanner - Scanned code received (qr_scanner.py:175)
2025-07-17 21:03:17,775 - MainProcess - MainThread - INFO - sqlalchemy.engine.Engine - SELECT codes.code AS codes_code, codes.order_id AS codes_order_id, codes.usage_limit AS codes_usage_limit, codes.current_usage AS codes_current_usage, codes.expiration_date AS codes_expiration_date, codes.created_at AS codes_created_at 
FROM codes 
WHERE codes.code = ?
 LIMIT ? OFFSET ? (base.py:1846)
2025-07-17 21:03:17,776 - MainProcess - MainThread - INFO - sqlalchemy.engine.Engine - [cached since 352.4s ago] ('sdfdsf', 1, 0) (base.py:1846)
2025-07-17 21:03:17,776 - MainProcess - MainThread - WARNING - backend.controllers.qr_scanner - Invalid code (qr_scanner.py:116)
2025-07-17 21:03:17,777 - MainProcess - MainThread - INFO - sqlalchemy.engine.Engine - SELECT codes.code AS codes_code, codes.order_id AS codes_order_id, codes.usage_limit AS codes_usage_limit, codes.current_usage AS codes_current_usage, codes.expiration_date AS codes_expiration_date, codes.created_at AS codes_created_at 
FROM codes 
WHERE codes.code = ?
 LIMIT ? OFFSET ? (base.py:1846)
2025-07-17 21:03:17,778 - MainProcess - MainThread - INFO - sqlalchemy.engine.Engine - [cached since 352.4s ago] ('sdfdsf', 1, 0) (base.py:1846)
2025-07-17 21:03:17,779 - MainProcess - MainThread - INFO - sqlalchemy.engine.Engine - INSERT INTO scan_logs (code, order_id, timestamp, result, details) VALUES (?, ?, ?, ?, ?) (base.py:1846)
2025-07-17 21:03:17,780 - MainProcess - MainThread - INFO - sqlalchemy.engine.Engine - [cached since 352.4s ago] ('sdfdsf', None, '2025-07-17 21:03:17.779503', 'invalid', 'Invalid code') (base.py:1846)
2025-07-17 21:03:17,781 - MainProcess - MainThread - INFO - sqlalchemy.engine.Engine - COMMIT (base.py:2707)
2025-07-17 21:03:18,733 - MainProcess - Thread-111 (process_request_thread) - INFO - sqlalchemy.engine.Engine - BEGIN (implicit) (base.py:2701)
2025-07-17 21:03:18,734 - MainProcess - Thread-111 (process_request_thread) - INFO - sqlalchemy.engine.Engine - SELECT settings.id AS settings_id, settings."key" AS settings_key, settings.value AS settings_value 
FROM settings 
WHERE settings."key" = ?
 LIMIT ? OFFSET ? (base.py:1846)
2025-07-17 21:03:18,734 - MainProcess - Thread-111 (process_request_thread) - INFO - sqlalchemy.engine.Engine - [cached since 359.3s ago] ('api_key', 1, 0) (base.py:1846)
2025-07-17 21:03:18,735 - MainProcess - Thread-111 (process_request_thread) - INFO - werkzeug - 127.0.0.1 - - [17/Jul/2025 21:03:18] "GET /api/ui_state HTTP/1.1" 200 - (_internal.py:97)
2025-07-17 21:03:19,718 - MainProcess - Thread-112 (process_request_thread) - INFO - sqlalchemy.engine.Engine - SELECT settings.id AS settings_id, settings."key" AS settings_key, settings.value AS settings_value 
FROM settings 
WHERE settings."key" = ?
 LIMIT ? OFFSET ? (base.py:1846)
2025-07-17 21:03:19,718 - MainProcess - Thread-112 (process_request_thread) - INFO - sqlalchemy.engine.Engine - [cached since 360.3s ago] ('api_key', 1, 0) (base.py:1846)
2025-07-17 21:03:19,720 - MainProcess - Thread-112 (process_request_thread) - INFO - werkzeug - 127.0.0.1 - - [17/Jul/2025 21:03:19] "GET /api/ui_state HTTP/1.1" 200 - (_internal.py:97)
2025-07-17 21:03:20,734 - MainProcess - Thread-113 (process_request_thread) - INFO - sqlalchemy.engine.Engine - SELECT settings.id AS settings_id, settings."key" AS settings_key, settings.value AS settings_value 
FROM settings 
WHERE settings."key" = ?
 LIMIT ? OFFSET ? (base.py:1846)
2025-07-17 21:03:20,735 - MainProcess - Thread-113 (process_request_thread) - INFO - sqlalchemy.engine.Engine - [cached since 361.3s ago] ('api_key', 1, 0) (base.py:1846)
2025-07-17 21:03:20,736 - MainProcess - Thread-113 (process_request_thread) - INFO - werkzeug - 127.0.0.1 - - [17/Jul/2025 21:03:20] "GET /api/ui_state HTTP/1.1" 200 - (_internal.py:97)
2025-07-17 21:03:21,717 - MainProcess - Thread-114 (process_request_thread) - INFO - sqlalchemy.engine.Engine - SELECT settings.id AS settings_id, settings."key" AS settings_key, settings.value AS settings_value 
FROM settings 
WHERE settings."key" = ?
 LIMIT ? OFFSET ? (base.py:1846)
2025-07-17 21:03:21,718 - MainProcess - Thread-114 (process_request_thread) - INFO - sqlalchemy.engine.Engine - [cached since 362.3s ago] ('api_key', 1, 0) (base.py:1846)
2025-07-17 21:03:21,719 - MainProcess - Thread-114 (process_request_thread) - INFO - werkzeug - 127.0.0.1 - - [17/Jul/2025 21:03:21] "GET /api/ui_state HTTP/1.1" 200 - (_internal.py:97)
2025-07-17 21:03:22,718 - MainProcess - Thread-115 (process_request_thread) - INFO - sqlalchemy.engine.Engine - SELECT settings.id AS settings_id, settings."key" AS settings_key, settings.value AS settings_value 
FROM settings 
WHERE settings."key" = ?
 LIMIT ? OFFSET ? (base.py:1846)
2025-07-17 21:03:22,719 - MainProcess - Thread-115 (process_request_thread) - INFO - sqlalchemy.engine.Engine - [cached since 363.3s ago] ('api_key', 1, 0) (base.py:1846)
2025-07-17 21:03:22,720 - MainProcess - Thread-115 (process_request_thread) - INFO - werkzeug - 127.0.0.1 - - [17/Jul/2025 21:03:22] "GET /api/ui_state HTTP/1.1" 200 - (_internal.py:97)
2025-07-17 21:03:23,717 - MainProcess - Thread-116 (process_request_thread) - INFO - sqlalchemy.engine.Engine - SELECT settings.id AS settings_id, settings."key" AS settings_key, settings.value AS settings_value 
FROM settings 
WHERE settings."key" = ?
 LIMIT ? OFFSET ? (base.py:1846)
2025-07-17 21:03:23,717 - MainProcess - Thread-116 (process_request_thread) - INFO - sqlalchemy.engine.Engine - [cached since 364.3s ago] ('api_key', 1, 0) (base.py:1846)
2025-07-17 21:03:23,719 - MainProcess - Thread-116 (process_request_thread) - INFO - werkzeug - 127.0.0.1 - - [17/Jul/2025 21:03:23] "GET /api/ui_state HTTP/1.1" 200 - (_internal.py:97)
2025-07-17 21:03:24,717 - MainProcess - Thread-117 (process_request_thread) - INFO - sqlalchemy.engine.Engine - SELECT settings.id AS settings_id, settings."key" AS settings_key, settings.value AS settings_value 
FROM settings 
WHERE settings."key" = ?
 LIMIT ? OFFSET ? (base.py:1846)
2025-07-17 21:03:24,717 - MainProcess - Thread-117 (process_request_thread) - INFO - sqlalchemy.engine.Engine - [cached since 365.3s ago] ('api_key', 1, 0) (base.py:1846)
2025-07-17 21:03:24,718 - MainProcess - Thread-117 (process_request_thread) - INFO - werkzeug - 127.0.0.1 - - [17/Jul/2025 21:03:24] "GET /api/ui_state HTTP/1.1" 200 - (_internal.py:97)
2025-07-17 21:03:25,716 - MainProcess - Thread-118 (process_request_thread) - INFO - sqlalchemy.engine.Engine - SELECT settings.id AS settings_id, settings."key" AS settings_key, settings.value AS settings_value 
FROM settings 
WHERE settings."key" = ?
 LIMIT ? OFFSET ? (base.py:1846)
2025-07-17 21:03:25,717 - MainProcess - Thread-118 (process_request_thread) - INFO - sqlalchemy.engine.Engine - [cached since 366.3s ago] ('api_key', 1, 0) (base.py:1846)
2025-07-17 21:03:25,718 - MainProcess - Thread-118 (process_request_thread) - INFO - werkzeug - 127.0.0.1 - - [17/Jul/2025 21:03:25] "GET /api/ui_state HTTP/1.1" 200 - (_internal.py:97)
2025-07-17 21:03:26,720 - MainProcess - Thread-119 (process_request_thread) - INFO - sqlalchemy.engine.Engine - SELECT settings.id AS settings_id, settings."key" AS settings_key, settings.value AS settings_value 
FROM settings 
WHERE settings."key" = ?
 LIMIT ? OFFSET ? (base.py:1846)
2025-07-17 21:03:26,720 - MainProcess - Thread-119 (process_request_thread) - INFO - sqlalchemy.engine.Engine - [cached since 367.3s ago] ('api_key', 1, 0) (base.py:1846)
2025-07-17 21:03:26,722 - MainProcess - Thread-119 (process_request_thread) - INFO - werkzeug - 127.0.0.1 - - [17/Jul/2025 21:03:26] "GET /api/ui_state HTTP/1.1" 200 - (_internal.py:97)
2025-07-17 21:03:27,718 - MainProcess - Thread-120 (process_request_thread) - INFO - sqlalchemy.engine.Engine - SELECT settings.id AS settings_id, settings."key" AS settings_key, settings.value AS settings_value 
FROM settings 
WHERE settings."key" = ?
 LIMIT ? OFFSET ? (base.py:1846)
2025-07-17 21:03:27,719 - MainProcess - Thread-120 (process_request_thread) - INFO - sqlalchemy.engine.Engine - [cached since 368.3s ago] ('api_key', 1, 0) (base.py:1846)
2025-07-17 21:03:27,720 - MainProcess - Thread-120 (process_request_thread) - INFO - werkzeug - 127.0.0.1 - - [17/Jul/2025 21:03:27] "GET /api/ui_state HTTP/1.1" 200 - (_internal.py:97)
2025-07-17 21:03:27,961 - MainProcess - MainThread - INFO - __main__ - Exiting program. Cleaning up GPIO... (app.py:63)
2025-10-01 23:52:41,134 - MainProcess - MainThread - INFO - sqlalchemy.engine.Engine - BEGIN (implicit) (base.py:2701)
2025-10-01 23:52:41,136 - MainProcess - MainThread - INFO - sqlalchemy.engine.Engine - PRAGMA main.table_info("settings") (base.py:1846)
2025-10-01 23:52:41,136 - MainProcess - MainThread - INFO - sqlalchemy.engine.Engine - [raw sql] () (base.py:1846)
2025-10-01 23:52:41,137 - MainProcess - MainThread - INFO - sqlalchemy.engine.Engine - COMMIT (base.py:2707)
2025-10-01 23:52:41,978 - MainProcess - MainThread - INFO - __main__ - ===== APP STARTED ===== (app.py:25)
2025-10-01 23:52:42,593 - MainProcess - MainThread - INFO - sqlalchemy.engine.Engine - SELECT settings.id AS settings_id, settings."key" AS settings_key, settings.value AS settings_value 
FROM settings 
WHERE settings."key" = ?
 LIMIT ? OFFSET ? (base.py:1846)
2025-10-01 23:52:42,595 - MainProcess - MainThread - INFO - sqlalchemy.engine.Engine - [cached since 1.464s ago] ('serial_port', 1, 0) (base.py:1846)
2025-10-01 23:52:42,598 - MainProcess - MainThread - INFO - sqlalchemy.engine.Engine - SELECT settings.id AS settings_id, settings."key" AS settings_key, settings.value AS settings_value 
FROM settings 
WHERE settings."key" = ?
 LIMIT ? OFFSET ? (base.py:1846)
2025-10-01 23:52:42,599 - MainProcess - MainThread - INFO - sqlalchemy.engine.Engine - [cached since 1.468s ago] ('serial_baudrate', 1, 0) (base.py:1846)
2025-10-01 23:52:42,601 - MainProcess - MainThread - INFO - sqlalchemy.engine.Engine - SELECT settings.id AS settings_id, settings."key" AS settings_key, settings.value AS settings_value 
FROM settings 
WHERE settings."key" = ?
 LIMIT ? OFFSET ? (base.py:1846)
2025-10-01 23:52:42,602 - MainProcess - MainThread - INFO - sqlalchemy.engine.Engine - [cached since 1.471s ago] ('scan_timeout', 1, 0) (base.py:1846)
2025-10-01 23:52:42,603 - MainProcess - MainThread - INFO - sqlalchemy.engine.Engine - SELECT settings.id AS settings_id, settings."key" AS settings_key, settings.value AS settings_value 
FROM settings 
WHERE settings."key" = ?
 LIMIT ? OFFSET ? (base.py:1846)
2025-10-01 23:52:42,604 - MainProcess - MainThread - INFO - sqlalchemy.engine.Engine - [cached since 1.473s ago] ('shelly_ip', 1, 0) (base.py:1846)
2025-10-01 23:52:42,605 - MainProcess - MainThread - INFO - sqlalchemy.engine.Engine - SELECT settings.id AS settings_id, settings."key" AS settings_key, settings.value AS settings_value 
FROM settings 
WHERE settings."key" = ?
 LIMIT ? OFFSET ? (base.py:1846)
2025-10-01 23:52:42,606 - MainProcess - MainThread - INFO - sqlalchemy.engine.Engine - [cached since 1.475s ago] ('pulse_duration', 1, 0) (base.py:1846)
2025-10-01 23:52:42,608 - MainProcess - MainThread - INFO - sqlalchemy.engine.Engine - SELECT settings.id AS settings_id, settings."key" AS settings_key, settings.value AS settings_value 
FROM settings 
WHERE settings."key" = ?
 LIMIT ? OFFSET ? (base.py:1846)
2025-10-01 23:52:42,608 - MainProcess - MainThread - INFO - sqlalchemy.engine.Engine - [cached since 1.477s ago] ('relay_mode', 1, 0) (base.py:1846)
2025-10-01 23:52:42,609 - MainProcess - MainThread - WARNING - backend.controllers.qr_scanner - Serial scanner not available: could not open port '/dev/ttyUSB0': FileNotFoundError(2, 'The system cannot find the path specified.', None, 3) (qr_scanner.py:43)
2025-10-01 23:52:42,613 - MainProcess - MainThread - INFO - sqlalchemy.engine.Engine - BEGIN (implicit) (base.py:2701)
2025-10-01 23:52:42,613 - MainProcess - MainThread - INFO - sqlalchemy.engine.Engine - PRAGMA main.table_info("settings") (base.py:1846)
2025-10-01 23:52:42,614 - MainProcess - MainThread - INFO - sqlalchemy.engine.Engine - [raw sql] () (base.py:1846)
2025-10-01 23:52:42,615 - MainProcess - MainThread - INFO - sqlalchemy.engine.Engine - PRAGMA main.table_info("codes") (base.py:1846)
2025-10-01 23:52:42,616 - MainProcess - MainThread - INFO - sqlalchemy.engine.Engine - [raw sql] () (base.py:1846)
2025-10-01 23:52:42,616 - MainProcess - MainThread - INFO - sqlalchemy.engine.Engine - PRAGMA main.table_info("scan_logs") (base.py:1846)
2025-10-01 23:52:42,617 - MainProcess - MainThread - INFO - sqlalchemy.engine.Engine - [raw sql] () (base.py:1846)
2025-10-01 23:52:42,618 - MainProcess - MainThread - INFO - sqlalchemy.engine.Engine - COMMIT (base.py:2707)
2025-10-01 23:52:42,618 - MainProcess - MainThread - INFO - __main__ - Database initialized (app.py:48)
2025-10-01 23:52:42,619 - MainProcess - MainThread - INFO - __main__ - Flask server started (app.py:52)
2025-10-01 23:52:42,619 - MainProcess - MainThread - INFO - __main__ - Cleanup scheduler started (app.py:56)
2025-10-01 23:52:42,857 - MainProcess - Thread-1 (start_flask) - INFO - sqlalchemy.engine.Engine - SELECT settings.id AS settings_id, settings."key" AS settings_key, settings.value AS settings_value 
FROM settings 
WHERE settings."key" = ?
 LIMIT ? OFFSET ? (base.py:1846)
2025-10-01 23:52:42,858 - MainProcess - Thread-1 (start_flask) - INFO - sqlalchemy.engine.Engine - [cached since 1.727s ago] ('cors_allowed_origins', 1, 0) (base.py:1846)
2025-10-01 23:52:42,981 - MainProcess - Thread-1 (start_flask) - INFO - werkzeug - [31m[1mWARNING: This is a development server. Do not use it in a production deployment. Use a production WSGI server instead.[0m
 * Running on all addresses (0.0.0.0)
 * Running on http://127.0.0.1:5000
 * Running on http://172.20.10.3:5000 (_internal.py:97)
2025-10-01 23:52:42,981 - MainProcess - Thread-1 (start_flask) - INFO - werkzeug - [33mPress CTRL+C to quit[0m (_internal.py:97)
2025-10-01 23:52:47,623 - MainProcess - Thread-2 (cleanup_scheduler) - INFO - sqlalchemy.engine.Engine - SELECT codes.code AS codes_code, codes.order_id AS codes_order_id, codes.usage_limit AS codes_usage_limit, codes.current_usage AS codes_current_usage, codes.expiration_date AS codes_expiration_date, codes.created_at AS codes_created_at 
FROM codes 
WHERE codes.expiration_date IS NOT NULL AND codes.expiration_date <= ? (base.py:1846)
2025-10-01 23:52:47,624 - MainProcess - Thread-2 (cleanup_scheduler) - INFO - sqlalchemy.engine.Engine - [generated in 0.00105s] ('2025-10-01 23:52:47.621342',) (base.py:1846)
2025-10-01 23:52:47,625 - MainProcess - Thread-2 (cleanup_scheduler) - INFO - backend.controllers.code_cleanup - No expired codes to clean up. (code_cleanup.py:33)
2025-10-01 23:59:26,384 - MainProcess - MainThread - DEBUG - backend.controllers.qr_scanner - Scanned code received (qr_scanner.py:175)
2025-10-01 23:59:26,385 - MainProcess - MainThread - INFO - sqlalchemy.engine.Engine - SELECT codes.code AS codes_code, codes.order_id AS codes_order_id, codes.usage_limit AS codes_usage_limit, codes.current_usage AS codes_current_usage, codes.expiration_date AS codes_expiration_date, codes.created_at AS codes_created_at 
FROM codes 
WHERE codes.code = ?
 LIMIT ? OFFSET ? (base.py:1846)
2025-10-01 23:59:26,386 - MainProcess - MainThread - INFO - sqlalchemy.engine.Engine - [generated in 0.00059s] ('jhkhkkhk', 1, 0) (base.py:1846)
2025-10-01 23:59:26,387 - MainProcess - MainThread - WARNING - backend.controllers.qr_scanner - Invalid code (qr_scanner.py:116)
2025-10-01 23:59:26,388 - MainProcess - MainThread - INFO - sqlalchemy.engine.Engine - SELECT codes.code AS codes_code, codes.order_id AS codes_order_id, codes.usage_limit AS codes_usage_limit, codes.current_usage AS codes_current_usage, codes.expiration_date AS codes_expiration_date, codes.created_at AS codes_created_at 
FROM codes 
WHERE codes.code = ?
 LIMIT ? OFFSET ? (base.py:1846)
2025-10-01 23:59:26,388 - MainProcess - MainThread - INFO - sqlalchemy.engine.Engine - [cached since 0.002667s ago] ('jhkhkkhk', 1, 0) (base.py:1846)
2025-10-01 23:59:26,391 - MainProcess - MainThread - INFO - sqlalchemy.engine.Engine - INSERT INTO scan_logs (code, order_id, timestamp, result, details) VALUES (?, ?, ?, ?, ?) (base.py:1846)
2025-10-01 23:59:26,392 - MainProcess - MainThread - INFO - sqlalchemy.engine.Engine - [generated in 0.00064s] ('jhkhkkhk', None, '2025-10-01 23:59:26.389227', 'invalid', 'Invalid code') (base.py:1846)
2025-10-01 23:59:26,393 - MainProcess - MainThread - INFO - sqlalchemy.engine.Engine - COMMIT (base.py:2707)
2025-10-01 23:59:50,022 - MainProcess - MainThread - DEBUG - backend.controllers.qr_scanner - Scanned code received (qr_scanner.py:175)
2025-10-01 23:59:50,024 - MainProcess - MainThread - INFO - sqlalchemy.engine.Engine - BEGIN (implicit) (base.py:2701)
2025-10-01 23:59:50,025 - MainProcess - MainThread - INFO - sqlalchemy.engine.Engine - SELECT codes.code AS codes_code, codes.order_id AS codes_order_id, codes.usage_limit AS codes_usage_limit, codes.current_usage AS codes_current_usage, codes.expiration_date AS codes_expiration_date, codes.created_at AS codes_created_at 
FROM codes 
WHERE codes.code = ?
 LIMIT ? OFFSET ? (base.py:1846)
2025-10-01 23:59:50,026 - MainProcess - MainThread - INFO - sqlalchemy.engine.Engine - [cached since 23.64s ago] ('hjhhjg', 1, 0) (base.py:1846)
2025-10-01 23:59:50,027 - MainProcess - MainThread - WARNING - backend.controllers.qr_scanner - Invalid code (qr_scanner.py:116)
2025-10-01 23:59:50,028 - MainProcess - MainThread - INFO - sqlalchemy.engine.Engine - SELECT codes.code AS codes_code, codes.order_id AS codes_order_id, codes.usage_limit AS codes_usage_limit, codes.current_usage AS codes_current_usage, codes.expiration_date AS codes_expiration_date, codes.created_at AS codes_created_at 
FROM codes 
WHERE codes.code = ?
 LIMIT ? OFFSET ? (base.py:1846)
2025-10-01 23:59:50,028 - MainProcess - MainThread - INFO - sqlalchemy.engine.Engine - [cached since 23.64s ago] ('hjhhjg', 1, 0) (base.py:1846)
2025-10-01 23:59:50,030 - MainProcess - MainThread - INFO - sqlalchemy.engine.Engine - INSERT INTO scan_logs (code, order_id, timestamp, result, details) VALUES (?, ?, ?, ?, ?) (base.py:1846)
2025-10-01 23:59:50,030 - MainProcess - MainThread - INFO - sqlalchemy.engine.Engine - [cached since 23.64s ago] ('hjhhjg', None, '2025-10-01 23:59:50.029908', 'invalid', 'Invalid code') (base.py:1846)
2025-10-01 23:59:50,033 - MainProcess - MainThread - INFO - sqlalchemy.engine.Engine - COMMIT (base.py:2707)
2025-10-07 22:19:30,504 - MainProcess - MainThread - DEBUG - backend.controllers.qr_scanner - Scanned code received (qr_scanner.py:175)
2025-10-07 22:19:30,509 - MainProcess - MainThread - INFO - sqlalchemy.engine.Engine - BEGIN (implicit) (base.py:2701)
2025-10-07 22:19:30,511 - MainProcess - MainThread - INFO - sqlalchemy.engine.Engine - SELECT codes.code AS codes_code, codes.order_id AS codes_order_id, codes.usage_limit AS codes_usage_limit, codes.current_usage AS codes_current_usage, codes.expiration_date AS codes_expiration_date, codes.created_at AS codes_created_at 
FROM codes 
WHERE codes.code = ?
 LIMIT ? OFFSET ? (base.py:1846)
2025-10-07 22:19:30,513 - MainProcess - MainThread - INFO - sqlalchemy.engine.Engine - [cached since 5.124e+05s ago] ('einar', 1, 0) (base.py:1846)
2025-10-07 22:19:30,536 - MainProcess - MainThread - WARNING - backend.controllers.qr_scanner - Invalid code (qr_scanner.py:116)
2025-10-07 22:19:30,537 - MainProcess - MainThread - INFO - sqlalchemy.engine.Engine - SELECT codes.code AS codes_code, codes.order_id AS codes_order_id, codes.usage_limit AS codes_usage_limit, codes.current_usage AS codes_current_usage, codes.expiration_date AS codes_expiration_date, codes.created_at AS codes_created_at 
FROM codes 
WHERE codes.code = ?
 LIMIT ? OFFSET ? (base.py:1846)
2025-10-07 22:19:30,539 - MainProcess - MainThread - INFO - sqlalchemy.engine.Engine - [cached since 5.124e+05s ago] ('einar', 1, 0) (base.py:1846)
2025-10-07 22:19:30,542 - MainProcess - MainThread - INFO - sqlalchemy.engine.Engine - INSERT INTO scan_logs (code, order_id, timestamp, result, details) VALUES (?, ?, ?, ?, ?) (base.py:1846)
2025-10-07 22:19:30,543 - MainProcess - MainThread - INFO - sqlalchemy.engine.Engine - [cached since 5.124e+05s ago] ('einar', None, '2025-10-07 22:19:30.540787', 'invalid', 'Invalid code') (base.py:1846)
2025-10-07 22:19:30,547 - MainProcess - MainThread - INFO - sqlalchemy.engine.Engine - COMMIT (base.py:2707)
2025-10-07 22:39:49,445 - MainProcess - Thread-3 (process_request_thread) - INFO - sqlalchemy.engine.Engine - BEGIN (implicit) (base.py:2701)
2025-10-07 22:39:49,449 - MainProcess - Thread-3 (process_request_thread) - INFO - sqlalchemy.engine.Engine - SELECT settings.id AS settings_id, settings."key" AS settings_key, settings.value AS settings_value 
FROM settings 
WHERE settings."key" = ?
 LIMIT ? OFFSET ? (base.py:1846)
2025-10-07 22:39:49,454 - MainProcess - Thread-3 (process_request_thread) - INFO - sqlalchemy.engine.Engine - [cached since 5.14e+05s ago] ('api_key', 1, 0) (base.py:1846)
2025-10-07 22:39:49,462 - MainProcess - Thread-3 (process_request_thread) - INFO - werkzeug - 127.0.0.1 - - [07/Oct/2025 22:39:49] "GET /api/ui_state HTTP/1.1" 200 - (_internal.py:97)
2025-10-07 22:39:50,409 - MainProcess - Thread-4 (process_request_thread) - INFO - sqlalchemy.engine.Engine - SELECT settings.id AS settings_id, settings."key" AS settings_key, settings.value AS settings_value 
FROM settings 
WHERE settings."key" = ?
 LIMIT ? OFFSET ? (base.py:1846)
2025-10-07 22:39:50,411 - MainProcess - Thread-4 (process_request_thread) - INFO - sqlalchemy.engine.Engine - [cached since 5.14e+05s ago] ('api_key', 1, 0) (base.py:1846)
2025-10-07 22:39:50,415 - MainProcess - Thread-4 (process_request_thread) - INFO - werkzeug - 127.0.0.1 - - [07/Oct/2025 22:39:50] "GET /api/ui_state HTTP/1.1" 200 - (_internal.py:97)
2025-10-07 22:39:51,424 - MainProcess - Thread-5 (process_request_thread) - INFO - sqlalchemy.engine.Engine - SELECT settings.id AS settings_id, settings."key" AS settings_key, settings.value AS settings_value 
FROM settings 
WHERE settings."key" = ?
 LIMIT ? OFFSET ? (base.py:1846)
2025-10-07 22:39:51,426 - MainProcess - Thread-5 (process_request_thread) - INFO - sqlalchemy.engine.Engine - [cached since 5.14e+05s ago] ('api_key', 1, 0) (base.py:1846)
2025-10-07 22:39:51,430 - MainProcess - Thread-5 (process_request_thread) - INFO - werkzeug - 127.0.0.1 - - [07/Oct/2025 22:39:51] "GET /api/ui_state HTTP/1.1" 200 - (_internal.py:97)
2025-10-07 22:39:52,423 - MainProcess - Thread-6 (process_request_thread) - INFO - sqlalchemy.engine.Engine - SELECT settings.id AS settings_id, settings."key" AS settings_key, settings.value AS settings_value 
FROM settings 
WHERE settings."key" = ?
 LIMIT ? OFFSET ? (base.py:1846)
2025-10-07 22:39:52,424 - MainProcess - Thread-6 (process_request_thread) - INFO - sqlalchemy.engine.Engine - [cached since 5.14e+05s ago] ('api_key', 1, 0) (base.py:1846)
2025-10-07 22:39:52,427 - MainProcess - Thread-6 (process_request_thread) - INFO - werkzeug - 127.0.0.1 - - [07/Oct/2025 22:39:52] "GET /api/ui_state HTTP/1.1" 200 - (_internal.py:97)
2025-10-07 22:39:53,424 - MainProcess - Thread-7 (process_request_thread) - INFO - sqlalchemy.engine.Engine - SELECT settings.id AS settings_id, settings."key" AS settings_key, settings.value AS settings_value 
FROM settings 
WHERE settings."key" = ?
 LIMIT ? OFFSET ? (base.py:1846)
2025-10-07 22:39:53,427 - MainProcess - Thread-7 (process_request_thread) - INFO - sqlalchemy.engine.Engine - [cached since 5.14e+05s ago] ('api_key', 1, 0) (base.py:1846)
2025-10-07 22:39:53,431 - MainProcess - Thread-7 (process_request_thread) - INFO - werkzeug - 127.0.0.1 - - [07/Oct/2025 22:39:53] "GET /api/ui_state HTTP/1.1" 200 - (_internal.py:97)
2025-10-07 22:39:54,426 - MainProcess - Thread-8 (process_request_thread) - INFO - sqlalchemy.engine.Engine - SELECT settings.id AS settings_id, settings."key" AS settings_key, settings.value AS settings_value 
FROM settings 
WHERE settings."key" = ?
 LIMIT ? OFFSET ? (base.py:1846)
2025-10-07 22:39:54,428 - MainProcess - Thread-8 (process_request_thread) - INFO - sqlalchemy.engine.Engine - [cached since 5.14e+05s ago] ('api_key', 1, 0) (base.py:1846)
2025-10-07 22:39:54,432 - MainProcess - Thread-8 (process_request_thread) - INFO - werkzeug - 127.0.0.1 - - [07/Oct/2025 22:39:54] "GET /api/ui_state HTTP/1.1" 200 - (_internal.py:97)
2025-10-07 22:39:55,427 - MainProcess - Thread-9 (process_request_thread) - INFO - sqlalchemy.engine.Engine - SELECT settings.id AS settings_id, settings."key" AS settings_key, settings.value AS settings_value 
FROM settings 
WHERE settings."key" = ?
 LIMIT ? OFFSET ? (base.py:1846)
2025-10-07 22:39:55,432 - MainProcess - Thread-9 (process_request_thread) - INFO - sqlalchemy.engine.Engine - [cached since 5.14e+05s ago] ('api_key', 1, 0) (base.py:1846)
2025-10-07 22:39:55,437 - MainProcess - Thread-9 (process_request_thread) - INFO - werkzeug - 127.0.0.1 - - [07/Oct/2025 22:39:55] "GET /api/ui_state HTTP/1.1" 200 - (_internal.py:97)
2025-10-07 22:39:56,423 - MainProcess - Thread-10 (process_request_thread) - INFO - sqlalchemy.engine.Engine - SELECT settings.id AS settings_id, settings."key" AS settings_key, settings.value AS settings_value 
FROM settings 
WHERE settings."key" = ?
 LIMIT ? OFFSET ? (base.py:1846)
2025-10-07 22:39:56,425 - MainProcess - Thread-10 (process_request_thread) - INFO - sqlalchemy.engine.Engine - [cached since 5.14e+05s ago] ('api_key', 1, 0) (base.py:1846)
2025-10-07 22:39:56,428 - MainProcess - Thread-10 (process_request_thread) - INFO - werkzeug - 127.0.0.1 - - [07/Oct/2025 22:39:56] "GET /api/ui_state HTTP/1.1" 200 - (_internal.py:97)
2025-10-07 22:39:57,419 - MainProcess - Thread-11 (process_request_thread) - INFO - sqlalchemy.engine.Engine - SELECT settings.id AS settings_id, settings."key" AS settings_key, settings.value AS settings_value 
FROM settings 
WHERE settings."key" = ?
 LIMIT ? OFFSET ? (base.py:1846)
2025-10-07 22:39:57,421 - MainProcess - Thread-11 (process_request_thread) - INFO - sqlalchemy.engine.Engine - [cached since 5.14e+05s ago] ('api_key', 1, 0) (base.py:1846)
2025-10-07 22:39:57,425 - MainProcess - Thread-11 (process_request_thread) - INFO - werkzeug - 127.0.0.1 - - [07/Oct/2025 22:39:57] "GET /api/ui_state HTTP/1.1" 200 - (_internal.py:97)
2025-10-07 22:39:58,412 - MainProcess - Thread-12 (process_request_thread) - INFO - sqlalchemy.engine.Engine - SELECT settings.id AS settings_id, settings."key" AS settings_key, settings.value AS settings_value 
FROM settings 
WHERE settings."key" = ?
 LIMIT ? OFFSET ? (base.py:1846)
2025-10-07 22:39:58,414 - MainProcess - Thread-12 (process_request_thread) - INFO - sqlalchemy.engine.Engine - [cached since 5.14e+05s ago] ('api_key', 1, 0) (base.py:1846)
2025-10-07 22:39:58,417 - MainProcess - Thread-12 (process_request_thread) - INFO - werkzeug - 127.0.0.1 - - [07/Oct/2025 22:39:58] "GET /api/ui_state HTTP/1.1" 200 - (_internal.py:97)
2025-10-07 22:39:59,419 - MainProcess - Thread-13 (process_request_thread) - INFO - sqlalchemy.engine.Engine - SELECT settings.id AS settings_id, settings."key" AS settings_key, settings.value AS settings_value 
FROM settings 
WHERE settings."key" = ?
 LIMIT ? OFFSET ? (base.py:1846)
2025-10-07 22:39:59,420 - MainProcess - Thread-13 (process_request_thread) - INFO - sqlalchemy.engine.Engine - [cached since 5.14e+05s ago] ('api_key', 1, 0) (base.py:1846)
2025-10-07 22:39:59,423 - MainProcess - Thread-13 (process_request_thread) - INFO - werkzeug - 127.0.0.1 - - [07/Oct/2025 22:39:59] "GET /api/ui_state HTTP/1.1" 200 - (_internal.py:97)
2025-10-07 22:40:00,414 - MainProcess - Thread-14 (process_request_thread) - INFO - sqlalchemy.engine.Engine - SELECT settings.id AS settings_id, settings."key" AS settings_key, settings.value AS settings_value 
FROM settings 
WHERE settings."key" = ?
 LIMIT ? OFFSET ? (base.py:1846)
2025-10-07 22:40:00,417 - MainProcess - Thread-14 (process_request_thread) - INFO - sqlalchemy.engine.Engine - [cached since 5.14e+05s ago] ('api_key', 1, 0) (base.py:1846)
2025-10-07 22:40:00,420 - MainProcess - Thread-14 (process_request_thread) - INFO - werkzeug - 127.0.0.1 - - [07/Oct/2025 22:40:00] "GET /api/ui_state HTTP/1.1" 200 - (_internal.py:97)
2025-10-07 22:40:01,837 - MainProcess - Thread-15 (process_request_thread) - INFO - sqlalchemy.engine.Engine - SELECT settings.id AS settings_id, settings."key" AS settings_key, settings.value AS settings_value 
FROM settings 
WHERE settings."key" = ?
 LIMIT ? OFFSET ? (base.py:1846)
2025-10-07 22:40:01,839 - MainProcess - Thread-15 (process_request_thread) - INFO - sqlalchemy.engine.Engine - [cached since 5.14e+05s ago] ('api_key', 1, 0) (base.py:1846)
2025-10-07 22:40:01,842 - MainProcess - Thread-15 (process_request_thread) - INFO - werkzeug - 127.0.0.1 - - [07/Oct/2025 22:40:01] "GET /api/ui_state HTTP/1.1" 200 - (_internal.py:97)
2025-10-07 22:40:02,843 - MainProcess - Thread-16 (process_request_thread) - INFO - sqlalchemy.engine.Engine - SELECT settings.id AS settings_id, settings."key" AS settings_key, settings.value AS settings_value 
FROM settings 
WHERE settings."key" = ?
 LIMIT ? OFFSET ? (base.py:1846)
2025-10-07 22:40:02,856 - MainProcess - Thread-16 (process_request_thread) - INFO - sqlalchemy.engine.Engine - [cached since 5.14e+05s ago] ('api_key', 1, 0) (base.py:1846)
2025-10-07 22:40:02,865 - MainProcess - Thread-16 (process_request_thread) - INFO - werkzeug - 127.0.0.1 - - [07/Oct/2025 22:40:02] "GET /api/ui_state HTTP/1.1" 200 - (_internal.py:97)
2025-10-07 22:40:03,841 - MainProcess - Thread-17 (process_request_thread) - INFO - sqlalchemy.engine.Engine - SELECT settings.id AS settings_id, settings."key" AS settings_key, settings.value AS settings_value 
FROM settings 
WHERE settings."key" = ?
 LIMIT ? OFFSET ? (base.py:1846)
2025-10-07 22:40:03,841 - MainProcess - Thread-17 (process_request_thread) - INFO - sqlalchemy.engine.Engine - [cached since 5.14e+05s ago] ('api_key', 1, 0) (base.py:1846)
2025-10-07 22:40:03,843 - MainProcess - Thread-17 (process_request_thread) - INFO - werkzeug - 127.0.0.1 - - [07/Oct/2025 22:40:03] "GET /api/ui_state HTTP/1.1" 200 - (_internal.py:97)
2025-10-07 22:40:04,838 - MainProcess - Thread-18 (process_request_thread) - INFO - sqlalchemy.engine.Engine - SELECT settings.id AS settings_id, settings."key" AS settings_key, settings.value AS settings_value 
FROM settings 
WHERE settings."key" = ?
 LIMIT ? OFFSET ? (base.py:1846)
2025-10-07 22:40:04,839 - MainProcess - Thread-18 (process_request_thread) - INFO - sqlalchemy.engine.Engine - [cached since 5.14e+05s ago] ('api_key', 1, 0) (base.py:1846)
2025-10-07 22:40:04,843 - MainProcess - Thread-18 (process_request_thread) - INFO - werkzeug - 127.0.0.1 - - [07/Oct/2025 22:40:04] "GET /api/ui_state HTTP/1.1" 200 - (_internal.py:97)
2025-10-07 22:40:05,838 - MainProcess - Thread-19 (process_request_thread) - INFO - sqlalchemy.engine.Engine - SELECT settings.id AS settings_id, settings."key" AS settings_key, settings.value AS settings_value 
FROM settings 
WHERE settings."key" = ?
 LIMIT ? OFFSET ? (base.py:1846)
2025-10-07 22:40:05,838 - MainProcess - Thread-19 (process_request_thread) - INFO - sqlalchemy.engine.Engine - [cached since 5.14e+05s ago] ('api_key', 1, 0) (base.py:1846)
2025-10-07 22:40:05,840 - MainProcess - Thread-19 (process_request_thread) - INFO - werkzeug - 127.0.0.1 - - [07/Oct/2025 22:40:05] "GET /api/ui_state HTTP/1.1" 200 - (_internal.py:97)
2025-10-07 22:40:06,844 - MainProcess - Thread-20 (process_request_thread) - INFO - sqlalchemy.engine.Engine - SELECT settings.id AS settings_id, settings."key" AS settings_key, settings.value AS settings_value 
FROM settings 
WHERE settings."key" = ?
 LIMIT ? OFFSET ? (base.py:1846)
2025-10-07 22:40:06,845 - MainProcess - Thread-20 (process_request_thread) - INFO - sqlalchemy.engine.Engine - [cached since 5.14e+05s ago] ('api_key', 1, 0) (base.py:1846)
2025-10-07 22:40:06,848 - MainProcess - Thread-20 (process_request_thread) - INFO - werkzeug - 127.0.0.1 - - [07/Oct/2025 22:40:06] "GET /api/ui_state HTTP/1.1" 200 - (_internal.py:97)
2025-10-07 22:40:07,839 - MainProcess - Thread-21 (process_request_thread) - INFO - sqlalchemy.engine.Engine - SELECT settings.id AS settings_id, settings."key" AS settings_key, settings.value AS settings_value 
FROM settings 
WHERE settings."key" = ?
 LIMIT ? OFFSET ? (base.py:1846)
2025-10-07 22:40:07,840 - MainProcess - Thread-21 (process_request_thread) - INFO - sqlalchemy.engine.Engine - [cached since 5.14e+05s ago] ('api_key', 1, 0) (base.py:1846)
2025-10-07 22:40:07,841 - MainProcess - Thread-21 (process_request_thread) - INFO - werkzeug - 127.0.0.1 - - [07/Oct/2025 22:40:07] "GET /api/ui_state HTTP/1.1" 200 - (_internal.py:97)
2025-10-07 22:40:08,836 - MainProcess - Thread-22 (process_request_thread) - INFO - sqlalchemy.engine.Engine - SELECT settings.id AS settings_id, settings."key" AS settings_key, settings.value AS settings_value 
FROM settings 
WHERE settings."key" = ?
 LIMIT ? OFFSET ? (base.py:1846)
2025-10-07 22:40:08,836 - MainProcess - Thread-22 (process_request_thread) - INFO - sqlalchemy.engine.Engine - [cached since 5.14e+05s ago] ('api_key', 1, 0) (base.py:1846)
2025-10-07 22:40:08,838 - MainProcess - Thread-22 (process_request_thread) - INFO - werkzeug - 127.0.0.1 - - [07/Oct/2025 22:40:08] "GET /api/ui_state HTTP/1.1" 200 - (_internal.py:97)
2025-10-07 22:40:09,833 - MainProcess - Thread-23 (process_request_thread) - INFO - sqlalchemy.engine.Engine - SELECT settings.id AS settings_id, settings."key" AS settings_key, settings.value AS settings_value 
FROM settings 
WHERE settings."key" = ?
 LIMIT ? OFFSET ? (base.py:1846)
2025-10-07 22:40:09,834 - MainProcess - Thread-23 (process_request_thread) - INFO - sqlalchemy.engine.Engine - [cached since 5.14e+05s ago] ('api_key', 1, 0) (base.py:1846)
2025-10-07 22:40:09,836 - MainProcess - Thread-23 (process_request_thread) - INFO - werkzeug - 127.0.0.1 - - [07/Oct/2025 22:40:09] "GET /api/ui_state HTTP/1.1" 200 - (_internal.py:97)
2025-10-07 22:40:10,848 - MainProcess - Thread-24 (process_request_thread) - INFO - sqlalchemy.engine.Engine - SELECT settings.id AS settings_id, settings."key" AS settings_key, settings.value AS settings_value 
FROM settings 
WHERE settings."key" = ?
 LIMIT ? OFFSET ? (base.py:1846)
2025-10-07 22:40:10,849 - MainProcess - Thread-24 (process_request_thread) - INFO - sqlalchemy.engine.Engine - [cached since 5.141e+05s ago] ('api_key', 1, 0) (base.py:1846)
2025-10-07 22:40:10,850 - MainProcess - Thread-24 (process_request_thread) - INFO - werkzeug - 127.0.0.1 - - [07/Oct/2025 22:40:10] "GET /api/ui_state HTTP/1.1" 200 - (_internal.py:97)
2025-10-07 22:40:11,835 - MainProcess - Thread-25 (process_request_thread) - INFO - sqlalchemy.engine.Engine - SELECT settings.id AS settings_id, settings."key" AS settings_key, settings.value AS settings_value 
FROM settings 
WHERE settings."key" = ?
 LIMIT ? OFFSET ? (base.py:1846)
2025-10-07 22:40:11,835 - MainProcess - Thread-25 (process_request_thread) - INFO - sqlalchemy.engine.Engine - [cached since 5.141e+05s ago] ('api_key', 1, 0) (base.py:1846)
2025-10-07 22:40:11,837 - MainProcess - Thread-25 (process_request_thread) - INFO - werkzeug - 127.0.0.1 - - [07/Oct/2025 22:40:11] "GET /api/ui_state HTTP/1.1" 200 - (_internal.py:97)
2025-10-07 22:40:12,830 - MainProcess - Thread-26 (process_request_thread) - INFO - sqlalchemy.engine.Engine - SELECT settings.id AS settings_id, settings."key" AS settings_key, settings.value AS settings_value 
FROM settings 
WHERE settings."key" = ?
 LIMIT ? OFFSET ? (base.py:1846)
2025-10-07 22:40:12,832 - MainProcess - Thread-26 (process_request_thread) - INFO - sqlalchemy.engine.Engine - [cached since 5.141e+05s ago] ('api_key', 1, 0) (base.py:1846)
2025-10-07 22:40:12,833 - MainProcess - Thread-26 (process_request_thread) - INFO - werkzeug - 127.0.0.1 - - [07/Oct/2025 22:40:12] "GET /api/ui_state HTTP/1.1" 200 - (_internal.py:97)
2025-10-07 22:40:13,842 - MainProcess - Thread-27 (process_request_thread) - INFO - sqlalchemy.engine.Engine - SELECT settings.id AS settings_id, settings."key" AS settings_key, settings.value AS settings_value 
FROM settings 
WHERE settings."key" = ?
 LIMIT ? OFFSET ? (base.py:1846)
2025-10-07 22:40:13,843 - MainProcess - Thread-27 (process_request_thread) - INFO - sqlalchemy.engine.Engine - [cached since 5.141e+05s ago] ('api_key', 1, 0) (base.py:1846)
2025-10-07 22:40:13,845 - MainProcess - Thread-27 (process_request_thread) - INFO - werkzeug - 127.0.0.1 - - [07/Oct/2025 22:40:13] "GET /api/ui_state HTTP/1.1" 200 - (_internal.py:97)
2025-10-07 22:40:14,843 - MainProcess - Thread-28 (process_request_thread) - INFO - sqlalchemy.engine.Engine - SELECT settings.id AS settings_id, settings."key" AS settings_key, settings.value AS settings_value 
FROM settings 
WHERE settings."key" = ?
 LIMIT ? OFFSET ? (base.py:1846)
2025-10-07 22:40:14,844 - MainProcess - Thread-28 (process_request_thread) - INFO - sqlalchemy.engine.Engine - [cached since 5.141e+05s ago] ('api_key', 1, 0) (base.py:1846)
2025-10-07 22:40:14,846 - MainProcess - Thread-28 (process_request_thread) - INFO - werkzeug - 127.0.0.1 - - [07/Oct/2025 22:40:14] "GET /api/ui_state HTTP/1.1" 200 - (_internal.py:97)
2025-10-07 22:40:15,832 - MainProcess - Thread-29 (process_request_thread) - INFO - sqlalchemy.engine.Engine - SELECT settings.id AS settings_id, settings."key" AS settings_key, settings.value AS settings_value 
FROM settings 
WHERE settings."key" = ?
 LIMIT ? OFFSET ? (base.py:1846)
2025-10-07 22:40:15,833 - MainProcess - Thread-29 (process_request_thread) - INFO - sqlalchemy.engine.Engine - [cached since 5.141e+05s ago] ('api_key', 1, 0) (base.py:1846)
2025-10-07 22:40:15,835 - MainProcess - Thread-29 (process_request_thread) - INFO - werkzeug - 127.0.0.1 - - [07/Oct/2025 22:40:15] "GET /api/ui_state HTTP/1.1" 200 - (_internal.py:97)
2025-10-07 22:40:16,849 - MainProcess - Thread-30 (process_request_thread) - INFO - sqlalchemy.engine.Engine - SELECT settings.id AS settings_id, settings."key" AS settings_key, settings.value AS settings_value 
FROM settings 
WHERE settings."key" = ?
 LIMIT ? OFFSET ? (base.py:1846)
2025-10-07 22:40:16,850 - MainProcess - Thread-30 (process_request_thread) - INFO - sqlalchemy.engine.Engine - [cached since 5.141e+05s ago] ('api_key', 1, 0) (base.py:1846)
2025-10-07 22:40:16,853 - MainProcess - Thread-30 (process_request_thread) - INFO - werkzeug - 127.0.0.1 - - [07/Oct/2025 22:40:16] "GET /api/ui_state HTTP/1.1" 200 - (_internal.py:97)
2025-10-07 22:40:17,835 - MainProcess - Thread-31 (process_request_thread) - INFO - sqlalchemy.engine.Engine - SELECT settings.id AS settings_id, settings."key" AS settings_key, settings.value AS settings_value 
FROM settings 
WHERE settings."key" = ?
 LIMIT ? OFFSET ? (base.py:1846)
2025-10-07 22:40:17,836 - MainProcess - Thread-31 (process_request_thread) - INFO - sqlalchemy.engine.Engine - [cached since 5.141e+05s ago] ('api_key', 1, 0) (base.py:1846)
2025-10-07 22:40:17,838 - MainProcess - Thread-31 (process_request_thread) - INFO - werkzeug - 127.0.0.1 - - [07/Oct/2025 22:40:17] "GET /api/ui_state HTTP/1.1" 200 - (_internal.py:97)
2025-10-07 22:40:18,833 - MainProcess - Thread-32 (process_request_thread) - INFO - sqlalchemy.engine.Engine - SELECT settings.id AS settings_id, settings."key" AS settings_key, settings.value AS settings_value 
FROM settings 
WHERE settings."key" = ?
 LIMIT ? OFFSET ? (base.py:1846)
2025-10-07 22:40:18,834 - MainProcess - Thread-32 (process_request_thread) - INFO - sqlalchemy.engine.Engine - [cached since 5.141e+05s ago] ('api_key', 1, 0) (base.py:1846)
2025-10-07 22:40:18,836 - MainProcess - Thread-32 (process_request_thread) - INFO - werkzeug - 127.0.0.1 - - [07/Oct/2025 22:40:18] "GET /api/ui_state HTTP/1.1" 200 - (_internal.py:97)
2025-10-07 22:40:19,848 - MainProcess - Thread-33 (process_request_thread) - INFO - sqlalchemy.engine.Engine - SELECT settings.id AS settings_id, settings."key" AS settings_key, settings.value AS settings_value 
FROM settings 
WHERE settings."key" = ?
 LIMIT ? OFFSET ? (base.py:1846)
2025-10-07 22:40:19,849 - MainProcess - Thread-33 (process_request_thread) - INFO - sqlalchemy.engine.Engine - [cached since 5.141e+05s ago] ('api_key', 1, 0) (base.py:1846)
2025-10-07 22:40:19,851 - MainProcess - Thread-33 (process_request_thread) - INFO - werkzeug - 127.0.0.1 - - [07/Oct/2025 22:40:19] "GET /api/ui_state HTTP/1.1" 200 - (_internal.py:97)
2025-10-07 22:40:20,843 - MainProcess - Thread-34 (process_request_thread) - INFO - sqlalchemy.engine.Engine - SELECT settings.id AS settings_id, settings."key" AS settings_key, settings.value AS settings_value 
FROM settings 
WHERE settings."key" = ?
 LIMIT ? OFFSET ? (base.py:1846)
2025-10-07 22:40:20,844 - MainProcess - Thread-34 (process_request_thread) - INFO - sqlalchemy.engine.Engine - [cached since 5.141e+05s ago] ('api_key', 1, 0) (base.py:1846)
2025-10-07 22:40:20,846 - MainProcess - Thread-34 (process_request_thread) - INFO - werkzeug - 127.0.0.1 - - [07/Oct/2025 22:40:20] "GET /api/ui_state HTTP/1.1" 200 - (_internal.py:97)
2025-10-07 22:40:21,842 - MainProcess - Thread-35 (process_request_thread) - INFO - sqlalchemy.engine.Engine - SELECT settings.id AS settings_id, settings."key" AS settings_key, settings.value AS settings_value 
FROM settings 
WHERE settings."key" = ?
 LIMIT ? OFFSET ? (base.py:1846)
2025-10-07 22:40:21,843 - MainProcess - Thread-35 (process_request_thread) - INFO - sqlalchemy.engine.Engine - [cached since 5.141e+05s ago] ('api_key', 1, 0) (base.py:1846)
2025-10-07 22:40:21,846 - MainProcess - Thread-35 (process_request_thread) - INFO - werkzeug - 127.0.0.1 - - [07/Oct/2025 22:40:21] "GET /api/ui_state HTTP/1.1" 200 - (_internal.py:97)
2025-10-07 22:40:22,840 - MainProcess - Thread-36 (process_request_thread) - INFO - sqlalchemy.engine.Engine - SELECT settings.id AS settings_id, settings."key" AS settings_key, settings.value AS settings_value 
FROM settings 
WHERE settings."key" = ?
 LIMIT ? OFFSET ? (base.py:1846)
2025-10-07 22:40:22,841 - MainProcess - Thread-36 (process_request_thread) - INFO - sqlalchemy.engine.Engine - [cached since 5.141e+05s ago] ('api_key', 1, 0) (base.py:1846)
2025-10-07 22:40:22,842 - MainProcess - Thread-36 (process_request_thread) - INFO - werkzeug - 127.0.0.1 - - [07/Oct/2025 22:40:22] "GET /api/ui_state HTTP/1.1" 200 - (_internal.py:97)
2025-10-07 22:40:23,841 - MainProcess - Thread-37 (process_request_thread) - INFO - sqlalchemy.engine.Engine - SELECT settings.id AS settings_id, settings."key" AS settings_key, settings.value AS settings_value 
FROM settings 
WHERE settings."key" = ?
 LIMIT ? OFFSET ? (base.py:1846)
2025-10-07 22:40:23,842 - MainProcess - Thread-37 (process_request_thread) - INFO - sqlalchemy.engine.Engine - [cached since 5.141e+05s ago] ('api_key', 1, 0) (base.py:1846)
2025-10-07 22:40:23,845 - MainProcess - Thread-37 (process_request_thread) - INFO - werkzeug - 127.0.0.1 - - [07/Oct/2025 22:40:23] "GET /api/ui_state HTTP/1.1" 200 - (_internal.py:97)
2025-10-07 22:40:24,838 - MainProcess - Thread-38 (process_request_thread) - INFO - sqlalchemy.engine.Engine - SELECT settings.id AS settings_id, settings."key" AS settings_key, settings.value AS settings_value 
FROM settings 
WHERE settings."key" = ?
 LIMIT ? OFFSET ? (base.py:1846)
2025-10-07 22:40:24,839 - MainProcess - Thread-38 (process_request_thread) - INFO - sqlalchemy.engine.Engine - [cached since 5.141e+05s ago] ('api_key', 1, 0) (base.py:1846)
2025-10-07 22:40:24,841 - MainProcess - Thread-38 (process_request_thread) - INFO - werkzeug - 127.0.0.1 - - [07/Oct/2025 22:40:24] "GET /api/ui_state HTTP/1.1" 200 - (_internal.py:97)
2025-10-07 22:40:25,834 - MainProcess - Thread-39 (process_request_thread) - INFO - sqlalchemy.engine.Engine - SELECT settings.id AS settings_id, settings."key" AS settings_key, settings.value AS settings_value 
FROM settings 
WHERE settings."key" = ?
 LIMIT ? OFFSET ? (base.py:1846)
2025-10-07 22:40:25,835 - MainProcess - Thread-39 (process_request_thread) - INFO - sqlalchemy.engine.Engine - [cached since 5.141e+05s ago] ('api_key', 1, 0) (base.py:1846)
2025-10-07 22:40:25,837 - MainProcess - Thread-39 (process_request_thread) - INFO - werkzeug - 127.0.0.1 - - [07/Oct/2025 22:40:25] "GET /api/ui_state HTTP/1.1" 200 - (_internal.py:97)
2025-10-07 22:40:26,827 - MainProcess - Thread-40 (process_request_thread) - INFO - sqlalchemy.engine.Engine - SELECT settings.id AS settings_id, settings."key" AS settings_key, settings.value AS settings_value 
FROM settings 
WHERE settings."key" = ?
 LIMIT ? OFFSET ? (base.py:1846)
2025-10-07 22:40:26,828 - MainProcess - Thread-40 (process_request_thread) - INFO - sqlalchemy.engine.Engine - [cached since 5.141e+05s ago] ('api_key', 1, 0) (base.py:1846)
2025-10-07 22:40:26,834 - MainProcess - Thread-40 (process_request_thread) - INFO - werkzeug - 127.0.0.1 - - [07/Oct/2025 22:40:26] "GET /api/ui_state HTTP/1.1" 200 - (_internal.py:97)
2025-10-07 22:40:27,830 - MainProcess - Thread-41 (process_request_thread) - INFO - sqlalchemy.engine.Engine - SELECT settings.id AS settings_id, settings."key" AS settings_key, settings.value AS settings_value 
FROM settings 
WHERE settings."key" = ?
 LIMIT ? OFFSET ? (base.py:1846)
2025-10-07 22:40:27,832 - MainProcess - Thread-41 (process_request_thread) - INFO - sqlalchemy.engine.Engine - [cached since 5.141e+05s ago] ('api_key', 1, 0) (base.py:1846)
2025-10-07 22:40:27,833 - MainProcess - Thread-41 (process_request_thread) - INFO - werkzeug - 127.0.0.1 - - [07/Oct/2025 22:40:27] "GET /api/ui_state HTTP/1.1" 200 - (_internal.py:97)
2025-10-07 22:40:28,854 - MainProcess - Thread-42 (process_request_thread) - INFO - sqlalchemy.engine.Engine - SELECT settings.id AS settings_id, settings."key" AS settings_key, settings.value AS settings_value 
FROM settings 
WHERE settings."key" = ?
 LIMIT ? OFFSET ? (base.py:1846)
2025-10-07 22:40:28,855 - MainProcess - Thread-42 (process_request_thread) - INFO - sqlalchemy.engine.Engine - [cached since 5.141e+05s ago] ('api_key', 1, 0) (base.py:1846)
2025-10-07 22:40:28,856 - MainProcess - Thread-42 (process_request_thread) - INFO - werkzeug - 127.0.0.1 - - [07/Oct/2025 22:40:28] "GET /api/ui_state HTTP/1.1" 200 - (_internal.py:97)
2025-10-07 22:40:29,839 - MainProcess - Thread-43 (process_request_thread) - INFO - sqlalchemy.engine.Engine - SELECT settings.id AS settings_id, settings."key" AS settings_key, settings.value AS settings_value 
FROM settings 
WHERE settings."key" = ?
 LIMIT ? OFFSET ? (base.py:1846)
2025-10-07 22:40:29,841 - MainProcess - Thread-43 (process_request_thread) - INFO - sqlalchemy.engine.Engine - [cached since 5.141e+05s ago] ('api_key', 1, 0) (base.py:1846)
2025-10-07 22:40:29,843 - MainProcess - Thread-43 (process_request_thread) - INFO - werkzeug - 127.0.0.1 - - [07/Oct/2025 22:40:29] "GET /api/ui_state HTTP/1.1" 200 - (_internal.py:97)
2025-10-07 22:40:30,831 - MainProcess - Thread-44 (process_request_thread) - INFO - sqlalchemy.engine.Engine - SELECT settings.id AS settings_id, settings."key" AS settings_key, settings.value AS settings_value 
FROM settings 
WHERE settings."key" = ?
 LIMIT ? OFFSET ? (base.py:1846)
2025-10-07 22:40:30,832 - MainProcess - Thread-44 (process_request_thread) - INFO - sqlalchemy.engine.Engine - [cached since 5.141e+05s ago] ('api_key', 1, 0) (base.py:1846)
2025-10-07 22:40:30,833 - MainProcess - Thread-44 (process_request_thread) - INFO - werkzeug - 127.0.0.1 - - [07/Oct/2025 22:40:30] "GET /api/ui_state HTTP/1.1" 200 - (_internal.py:97)
2025-10-07 22:40:31,834 - MainProcess - Thread-45 (process_request_thread) - INFO - sqlalchemy.engine.Engine - SELECT settings.id AS settings_id, settings."key" AS settings_key, settings.value AS settings_value 
FROM settings 
WHERE settings."key" = ?
 LIMIT ? OFFSET ? (base.py:1846)
2025-10-07 22:40:31,837 - MainProcess - Thread-45 (process_request_thread) - INFO - sqlalchemy.engine.Engine - [cached since 5.141e+05s ago] ('api_key', 1, 0) (base.py:1846)
2025-10-07 22:40:31,839 - MainProcess - Thread-45 (process_request_thread) - INFO - werkzeug - 127.0.0.1 - - [07/Oct/2025 22:40:31] "GET /api/ui_state HTTP/1.1" 200 - (_internal.py:97)
2025-10-07 22:40:32,832 - MainProcess - Thread-46 (process_request_thread) - INFO - sqlalchemy.engine.Engine - SELECT settings.id AS settings_id, settings."key" AS settings_key, settings.value AS settings_value 
FROM settings 
WHERE settings."key" = ?
 LIMIT ? OFFSET ? (base.py:1846)
2025-10-07 22:40:32,833 - MainProcess - Thread-46 (process_request_thread) - INFO - sqlalchemy.engine.Engine - [cached since 5.141e+05s ago] ('api_key', 1, 0) (base.py:1846)
2025-10-07 22:40:32,835 - MainProcess - Thread-46 (process_request_thread) - INFO - werkzeug - 127.0.0.1 - - [07/Oct/2025 22:40:32] "GET /api/ui_state HTTP/1.1" 200 - (_internal.py:97)
2025-10-07 22:40:33,843 - MainProcess - Thread-47 (process_request_thread) - INFO - sqlalchemy.engine.Engine - SELECT settings.id AS settings_id, settings."key" AS settings_key, settings.value AS settings_value 
FROM settings 
WHERE settings."key" = ?
 LIMIT ? OFFSET ? (base.py:1846)
2025-10-07 22:40:33,845 - MainProcess - Thread-47 (process_request_thread) - INFO - sqlalchemy.engine.Engine - [cached since 5.141e+05s ago] ('api_key', 1, 0) (base.py:1846)
2025-10-07 22:40:33,847 - MainProcess - Thread-47 (process_request_thread) - INFO - werkzeug - 127.0.0.1 - - [07/Oct/2025 22:40:33] "GET /api/ui_state HTTP/1.1" 200 - (_internal.py:97)
2025-10-07 22:40:34,842 - MainProcess - Thread-48 (process_request_thread) - INFO - sqlalchemy.engine.Engine - SELECT settings.id AS settings_id, settings."key" AS settings_key, settings.value AS settings_value 
FROM settings 
WHERE settings."key" = ?
 LIMIT ? OFFSET ? (base.py:1846)
2025-10-07 22:40:34,843 - MainProcess - Thread-48 (process_request_thread) - INFO - sqlalchemy.engine.Engine - [cached since 5.141e+05s ago] ('api_key', 1, 0) (base.py:1846)
2025-10-07 22:40:34,845 - MainProcess - Thread-48 (process_request_thread) - INFO - werkzeug - 127.0.0.1 - - [07/Oct/2025 22:40:34] "GET /api/ui_state HTTP/1.1" 200 - (_internal.py:97)
2025-10-07 22:40:35,840 - MainProcess - Thread-49 (process_request_thread) - INFO - sqlalchemy.engine.Engine - SELECT settings.id AS settings_id, settings."key" AS settings_key, settings.value AS settings_value 
FROM settings 
WHERE settings."key" = ?
 LIMIT ? OFFSET ? (base.py:1846)
2025-10-07 22:40:35,841 - MainProcess - Thread-49 (process_request_thread) - INFO - sqlalchemy.engine.Engine - [cached since 5.141e+05s ago] ('api_key', 1, 0) (base.py:1846)
2025-10-07 22:40:35,843 - MainProcess - Thread-49 (process_request_thread) - INFO - werkzeug - 127.0.0.1 - - [07/Oct/2025 22:40:35] "GET /api/ui_state HTTP/1.1" 200 - (_internal.py:97)
2025-10-07 22:40:36,838 - MainProcess - Thread-50 (process_request_thread) - INFO - sqlalchemy.engine.Engine - SELECT settings.id AS settings_id, settings."key" AS settings_key, settings.value AS settings_value 
FROM settings 
WHERE settings."key" = ?
 LIMIT ? OFFSET ? (base.py:1846)
2025-10-07 22:40:36,839 - MainProcess - Thread-50 (process_request_thread) - INFO - sqlalchemy.engine.Engine - [cached since 5.141e+05s ago] ('api_key', 1, 0) (base.py:1846)
2025-10-07 22:40:36,841 - MainProcess - Thread-50 (process_request_thread) - INFO - werkzeug - 127.0.0.1 - - [07/Oct/2025 22:40:36] "GET /api/ui_state HTTP/1.1" 200 - (_internal.py:97)
2025-10-07 22:40:37,410 - MainProcess - Thread-51 (process_request_thread) - INFO - sqlalchemy.engine.Engine - SELECT settings.id AS settings_id, settings."key" AS settings_key, settings.value AS settings_value 
FROM settings 
WHERE settings."key" = ?
 LIMIT ? OFFSET ? (base.py:1846)
2025-10-07 22:40:37,411 - MainProcess - Thread-51 (process_request_thread) - INFO - sqlalchemy.engine.Engine - [cached since 5.141e+05s ago] ('api_key', 1, 0) (base.py:1846)
2025-10-07 22:40:37,413 - MainProcess - Thread-51 (process_request_thread) - INFO - werkzeug - 127.0.0.1 - - [07/Oct/2025 22:40:37] "GET /api/ui_state HTTP/1.1" 200 - (_internal.py:97)
2025-10-07 22:40:38,406 - MainProcess - Thread-52 (process_request_thread) - INFO - sqlalchemy.engine.Engine - SELECT settings.id AS settings_id, settings."key" AS settings_key, settings.value AS settings_value 
FROM settings 
WHERE settings."key" = ?
 LIMIT ? OFFSET ? (base.py:1846)
2025-10-07 22:40:38,407 - MainProcess - Thread-52 (process_request_thread) - INFO - sqlalchemy.engine.Engine - [cached since 5.141e+05s ago] ('api_key', 1, 0) (base.py:1846)
2025-10-07 22:40:38,408 - MainProcess - Thread-52 (process_request_thread) - INFO - werkzeug - 127.0.0.1 - - [07/Oct/2025 22:40:38] "GET /api/ui_state HTTP/1.1" 200 - (_internal.py:97)
2025-10-07 22:40:39,420 - MainProcess - Thread-53 (process_request_thread) - INFO - sqlalchemy.engine.Engine - SELECT settings.id AS settings_id, settings."key" AS settings_key, settings.value AS settings_value 
FROM settings 
WHERE settings."key" = ?
 LIMIT ? OFFSET ? (base.py:1846)
2025-10-07 22:40:39,421 - MainProcess - Thread-53 (process_request_thread) - INFO - sqlalchemy.engine.Engine - [cached since 5.141e+05s ago] ('api_key', 1, 0) (base.py:1846)
2025-10-07 22:40:39,423 - MainProcess - Thread-53 (process_request_thread) - INFO - werkzeug - 127.0.0.1 - - [07/Oct/2025 22:40:39] "GET /api/ui_state HTTP/1.1" 200 - (_internal.py:97)
2025-10-07 22:40:40,420 - MainProcess - Thread-54 (process_request_thread) - INFO - sqlalchemy.engine.Engine - SELECT settings.id AS settings_id, settings."key" AS settings_key, settings.value AS settings_value 
FROM settings 
WHERE settings."key" = ?
 LIMIT ? OFFSET ? (base.py:1846)
2025-10-07 22:40:40,421 - MainProcess - Thread-54 (process_request_thread) - INFO - sqlalchemy.engine.Engine - [cached since 5.141e+05s ago] ('api_key', 1, 0) (base.py:1846)
2025-10-07 22:40:40,423 - MainProcess - Thread-54 (process_request_thread) - INFO - werkzeug - 127.0.0.1 - - [07/Oct/2025 22:40:40] "GET /api/ui_state HTTP/1.1" 200 - (_internal.py:97)
2025-10-07 22:40:41,408 - MainProcess - Thread-55 (process_request_thread) - INFO - sqlalchemy.engine.Engine - SELECT settings.id AS settings_id, settings."key" AS settings_key, settings.value AS settings_value 
FROM settings 
WHERE settings."key" = ?
 LIMIT ? OFFSET ? (base.py:1846)
2025-10-07 22:40:41,408 - MainProcess - Thread-55 (process_request_thread) - INFO - sqlalchemy.engine.Engine - [cached since 5.141e+05s ago] ('api_key', 1, 0) (base.py:1846)
2025-10-07 22:40:41,411 - MainProcess - Thread-55 (process_request_thread) - INFO - werkzeug - 127.0.0.1 - - [07/Oct/2025 22:40:41] "GET /api/ui_state HTTP/1.1" 200 - (_internal.py:97)
2025-10-07 22:40:42,422 - MainProcess - Thread-56 (process_request_thread) - INFO - sqlalchemy.engine.Engine - SELECT settings.id AS settings_id, settings."key" AS settings_key, settings.value AS settings_value 
FROM settings 
WHERE settings."key" = ?
 LIMIT ? OFFSET ? (base.py:1846)
2025-10-07 22:40:42,425 - MainProcess - Thread-56 (process_request_thread) - INFO - sqlalchemy.engine.Engine - [cached since 5.141e+05s ago] ('api_key', 1, 0) (base.py:1846)
2025-10-07 22:40:42,431 - MainProcess - Thread-56 (process_request_thread) - INFO - werkzeug - 127.0.0.1 - - [07/Oct/2025 22:40:42] "GET /api/ui_state HTTP/1.1" 200 - (_internal.py:97)
2025-10-07 22:40:43,413 - MainProcess - Thread-57 (process_request_thread) - INFO - sqlalchemy.engine.Engine - SELECT settings.id AS settings_id, settings."key" AS settings_key, settings.value AS settings_value 
FROM settings 
WHERE settings."key" = ?
 LIMIT ? OFFSET ? (base.py:1846)
2025-10-07 22:40:43,414 - MainProcess - Thread-57 (process_request_thread) - INFO - sqlalchemy.engine.Engine - [cached since 5.141e+05s ago] ('api_key', 1, 0) (base.py:1846)
2025-10-07 22:40:43,416 - MainProcess - Thread-57 (process_request_thread) - INFO - werkzeug - 127.0.0.1 - - [07/Oct/2025 22:40:43] "GET /api/ui_state HTTP/1.1" 200 - (_internal.py:97)
2025-10-07 22:40:44,423 - MainProcess - Thread-58 (process_request_thread) - INFO - sqlalchemy.engine.Engine - SELECT settings.id AS settings_id, settings."key" AS settings_key, settings.value AS settings_value 
FROM settings 
WHERE settings."key" = ?
 LIMIT ? OFFSET ? (base.py:1846)
2025-10-07 22:40:44,424 - MainProcess - Thread-58 (process_request_thread) - INFO - sqlalchemy.engine.Engine - [cached since 5.141e+05s ago] ('api_key', 1, 0) (base.py:1846)
2025-10-07 22:40:44,427 - MainProcess - Thread-58 (process_request_thread) - INFO - werkzeug - 127.0.0.1 - - [07/Oct/2025 22:40:44] "GET /api/ui_state HTTP/1.1" 200 - (_internal.py:97)
2025-10-07 22:40:45,851 - MainProcess - Thread-59 (process_request_thread) - INFO - sqlalchemy.engine.Engine - SELECT settings.id AS settings_id, settings."key" AS settings_key, settings.value AS settings_value 
FROM settings 
WHERE settings."key" = ?
 LIMIT ? OFFSET ? (base.py:1846)
2025-10-07 22:40:45,854 - MainProcess - Thread-59 (process_request_thread) - INFO - sqlalchemy.engine.Engine - [cached since 5.141e+05s ago] ('api_key', 1, 0) (base.py:1846)
2025-10-07 22:40:45,857 - MainProcess - Thread-59 (process_request_thread) - INFO - werkzeug - 127.0.0.1 - - [07/Oct/2025 22:40:45] "GET /api/ui_state HTTP/1.1" 200 - (_internal.py:97)
2025-10-07 22:40:46,834 - MainProcess - Thread-60 (process_request_thread) - INFO - sqlalchemy.engine.Engine - SELECT settings.id AS settings_id, settings."key" AS settings_key, settings.value AS settings_value 
FROM settings 
WHERE settings."key" = ?
 LIMIT ? OFFSET ? (base.py:1846)
2025-10-07 22:40:46,836 - MainProcess - Thread-60 (process_request_thread) - INFO - sqlalchemy.engine.Engine - [cached since 5.141e+05s ago] ('api_key', 1, 0) (base.py:1846)
2025-10-07 22:40:46,839 - MainProcess - Thread-60 (process_request_thread) - INFO - werkzeug - 127.0.0.1 - - [07/Oct/2025 22:40:46] "GET /api/ui_state HTTP/1.1" 200 - (_internal.py:97)
2025-10-07 22:40:47,842 - MainProcess - Thread-61 (process_request_thread) - INFO - sqlalchemy.engine.Engine - SELECT settings.id AS settings_id, settings."key" AS settings_key, settings.value AS settings_value 
FROM settings 
WHERE settings."key" = ?
 LIMIT ? OFFSET ? (base.py:1846)
2025-10-07 22:40:47,844 - MainProcess - Thread-61 (process_request_thread) - INFO - sqlalchemy.engine.Engine - [cached since 5.141e+05s ago] ('api_key', 1, 0) (base.py:1846)
2025-10-07 22:40:47,847 - MainProcess - Thread-61 (process_request_thread) - INFO - werkzeug - 127.0.0.1 - - [07/Oct/2025 22:40:47] "GET /api/ui_state HTTP/1.1" 200 - (_internal.py:97)
2025-10-07 22:40:48,702 - MainProcess - MainThread - DEBUG - backend.controllers.qr_scanner - Scanned code received (qr_scanner.py:175)
2025-10-07 22:40:48,704 - MainProcess - MainThread - INFO - sqlalchemy.engine.Engine - SELECT codes.code AS codes_code, codes.order_id AS codes_order_id, codes.usage_limit AS codes_usage_limit, codes.current_usage AS codes_current_usage, codes.expiration_date AS codes_expiration_date, codes.created_at AS codes_created_at 
FROM codes 
WHERE codes.code = ?
 LIMIT ? OFFSET ? (base.py:1846)
2025-10-07 22:40:48,706 - MainProcess - MainThread - INFO - sqlalchemy.engine.Engine - [cached since 5.137e+05s ago] ('fhahf', 1, 0) (base.py:1846)
2025-10-07 22:40:48,708 - MainProcess - MainThread - WARNING - backend.controllers.qr_scanner - Invalid code (qr_scanner.py:116)
2025-10-07 22:40:48,710 - MainProcess - MainThread - INFO - sqlalchemy.engine.Engine - SELECT codes.code AS codes_code, codes.order_id AS codes_order_id, codes.usage_limit AS codes_usage_limit, codes.current_usage AS codes_current_usage, codes.expiration_date AS codes_expiration_date, codes.created_at AS codes_created_at 
FROM codes 
WHERE codes.code = ?
 LIMIT ? OFFSET ? (base.py:1846)
2025-10-07 22:40:48,712 - MainProcess - MainThread - INFO - sqlalchemy.engine.Engine - [cached since 5.137e+05s ago] ('fhahf', 1, 0) (base.py:1846)
2025-10-07 22:40:48,714 - MainProcess - MainThread - INFO - sqlalchemy.engine.Engine - INSERT INTO scan_logs (code, order_id, timestamp, result, details) VALUES (?, ?, ?, ?, ?) (base.py:1846)
2025-10-07 22:40:48,716 - MainProcess - MainThread - INFO - sqlalchemy.engine.Engine - [cached since 5.137e+05s ago] ('fhahf', None, '2025-10-07 22:40:48.714093', 'invalid', 'Invalid code') (base.py:1846)
2025-10-07 22:40:48,722 - MainProcess - MainThread - INFO - sqlalchemy.engine.Engine - COMMIT (base.py:2707)
2025-10-07 22:40:48,834 - MainProcess - Thread-62 (process_request_thread) - INFO - sqlalchemy.engine.Engine - BEGIN (implicit) (base.py:2701)
2025-10-07 22:40:48,836 - MainProcess - Thread-62 (process_request_thread) - INFO - sqlalchemy.engine.Engine - SELECT settings.id AS settings_id, settings."key" AS settings_key, settings.value AS settings_value 
FROM settings 
WHERE settings."key" = ?
 LIMIT ? OFFSET ? (base.py:1846)
2025-10-07 22:40:48,838 - MainProcess - Thread-62 (process_request_thread) - INFO - sqlalchemy.engine.Engine - [cached since 5.141e+05s ago] ('api_key', 1, 0) (base.py:1846)
2025-10-07 22:40:48,841 - MainProcess - Thread-62 (process_request_thread) - INFO - werkzeug - 127.0.0.1 - - [07/Oct/2025 22:40:48] "GET /api/ui_state HTTP/1.1" 200 - (_internal.py:97)
2025-10-07 22:40:49,841 - MainProcess - Thread-63 (process_request_thread) - INFO - sqlalchemy.engine.Engine - SELECT settings.id AS settings_id, settings."key" AS settings_key, settings.value AS settings_value 
FROM settings 
WHERE settings."key" = ?
 LIMIT ? OFFSET ? (base.py:1846)
2025-10-07 22:40:49,842 - MainProcess - Thread-63 (process_request_thread) - INFO - sqlalchemy.engine.Engine - [cached since 5.141e+05s ago] ('api_key', 1, 0) (base.py:1846)
2025-10-07 22:40:49,843 - MainProcess - Thread-63 (process_request_thread) - INFO - werkzeug - 127.0.0.1 - - [07/Oct/2025 22:40:49] "GET /api/ui_state HTTP/1.1" 200 - (_internal.py:97)
2025-10-07 22:40:50,948 - MainProcess - Thread-64 (process_request_thread) - INFO - sqlalchemy.engine.Engine - SELECT settings.id AS settings_id, settings."key" AS settings_key, settings.value AS settings_value 
FROM settings 
WHERE settings."key" = ?
 LIMIT ? OFFSET ? (base.py:1846)
2025-10-07 22:40:50,949 - MainProcess - Thread-64 (process_request_thread) - INFO - sqlalchemy.engine.Engine - [cached since 5.141e+05s ago] ('api_key', 1, 0) (base.py:1846)
2025-10-07 22:40:50,951 - MainProcess - Thread-64 (process_request_thread) - INFO - werkzeug - 127.0.0.1 - - [07/Oct/2025 22:40:50] "GET /api/ui_state HTTP/1.1" 200 - (_internal.py:97)
2025-10-07 22:40:51,411 - MainProcess - Thread-65 (process_request_thread) - INFO - sqlalchemy.engine.Engine - SELECT settings.id AS settings_id, settings."key" AS settings_key, settings.value AS settings_value 
FROM settings 
WHERE settings."key" = ?
 LIMIT ? OFFSET ? (base.py:1846)
2025-10-07 22:40:51,412 - MainProcess - Thread-65 (process_request_thread) - INFO - sqlalchemy.engine.Engine - [cached since 5.141e+05s ago] ('api_key', 1, 0) (base.py:1846)
2025-10-07 22:40:51,414 - MainProcess - Thread-65 (process_request_thread) - INFO - werkzeug - 127.0.0.1 - - [07/Oct/2025 22:40:51] "GET /api/ui_state HTTP/1.1" 200 - (_internal.py:97)
2025-10-07 22:40:52,420 - MainProcess - Thread-66 (process_request_thread) - INFO - sqlalchemy.engine.Engine - SELECT settings.id AS settings_id, settings."key" AS settings_key, settings.value AS settings_value 
FROM settings 
WHERE settings."key" = ?
 LIMIT ? OFFSET ? (base.py:1846)
2025-10-07 22:40:52,421 - MainProcess - Thread-66 (process_request_thread) - INFO - sqlalchemy.engine.Engine - [cached since 5.141e+05s ago] ('api_key', 1, 0) (base.py:1846)
2025-10-07 22:40:52,422 - MainProcess - Thread-66 (process_request_thread) - INFO - werkzeug - 127.0.0.1 - - [07/Oct/2025 22:40:52] "GET /api/ui_state HTTP/1.1" 200 - (_internal.py:97)
2025-10-07 22:40:53,415 - MainProcess - Thread-67 (process_request_thread) - INFO - sqlalchemy.engine.Engine - SELECT settings.id AS settings_id, settings."key" AS settings_key, settings.value AS settings_value 
FROM settings 
WHERE settings."key" = ?
 LIMIT ? OFFSET ? (base.py:1846)
2025-10-07 22:40:53,415 - MainProcess - Thread-67 (process_request_thread) - INFO - sqlalchemy.engine.Engine - [cached since 5.141e+05s ago] ('api_key', 1, 0) (base.py:1846)
2025-10-07 22:40:53,416 - MainProcess - Thread-67 (process_request_thread) - INFO - werkzeug - 127.0.0.1 - - [07/Oct/2025 22:40:53] "GET /api/ui_state HTTP/1.1" 200 - (_internal.py:97)
2025-10-07 22:40:54,542 - MainProcess - Thread-68 (process_request_thread) - INFO - sqlalchemy.engine.Engine - SELECT settings.id AS settings_id, settings."key" AS settings_key, settings.value AS settings_value 
FROM settings 
WHERE settings."key" = ?
 LIMIT ? OFFSET ? (base.py:1846)
2025-10-07 22:40:54,543 - MainProcess - Thread-68 (process_request_thread) - INFO - sqlalchemy.engine.Engine - [cached since 5.141e+05s ago] ('api_key', 1, 0) (base.py:1846)
2025-10-07 22:40:54,545 - MainProcess - Thread-68 (process_request_thread) - INFO - werkzeug - 127.0.0.1 - - [07/Oct/2025 22:40:54] "GET /api/ui_state HTTP/1.1" 200 - (_internal.py:97)
2025-10-07 22:40:55,545 - MainProcess - Thread-69 (process_request_thread) - INFO - sqlalchemy.engine.Engine - SELECT settings.id AS settings_id, settings."key" AS settings_key, settings.value AS settings_value 
FROM settings 
WHERE settings."key" = ?
 LIMIT ? OFFSET ? (base.py:1846)
2025-10-07 22:40:55,545 - MainProcess - Thread-69 (process_request_thread) - INFO - sqlalchemy.engine.Engine - [cached since 5.141e+05s ago] ('api_key', 1, 0) (base.py:1846)
2025-10-07 22:40:55,548 - MainProcess - Thread-69 (process_request_thread) - INFO - werkzeug - 127.0.0.1 - - [07/Oct/2025 22:40:55] "GET /api/ui_state HTTP/1.1" 200 - (_internal.py:97)
2025-10-07 22:40:56,553 - MainProcess - Thread-70 (process_request_thread) - INFO - sqlalchemy.engine.Engine - SELECT settings.id AS settings_id, settings."key" AS settings_key, settings.value AS settings_value 
FROM settings 
WHERE settings."key" = ?
 LIMIT ? OFFSET ? (base.py:1846)
2025-10-07 22:40:56,554 - MainProcess - Thread-70 (process_request_thread) - INFO - sqlalchemy.engine.Engine - [cached since 5.141e+05s ago] ('api_key', 1, 0) (base.py:1846)
2025-10-07 22:40:56,557 - MainProcess - Thread-70 (process_request_thread) - INFO - werkzeug - 127.0.0.1 - - [07/Oct/2025 22:40:56] "GET /api/ui_state HTTP/1.1" 200 - (_internal.py:97)
2025-10-07 22:40:57,831 - MainProcess - Thread-71 (process_request_thread) - INFO - sqlalchemy.engine.Engine - SELECT settings.id AS settings_id, settings."key" AS settings_key, settings.value AS settings_value 
FROM settings 
WHERE settings."key" = ?
 LIMIT ? OFFSET ? (base.py:1846)
2025-10-07 22:40:57,832 - MainProcess - Thread-71 (process_request_thread) - INFO - sqlalchemy.engine.Engine - [cached since 5.141e+05s ago] ('api_key', 1, 0) (base.py:1846)
2025-10-07 22:40:57,834 - MainProcess - Thread-71 (process_request_thread) - INFO - werkzeug - 127.0.0.1 - - [07/Oct/2025 22:40:57] "GET /api/ui_state HTTP/1.1" 200 - (_internal.py:97)
2025-10-07 22:40:58,827 - MainProcess - Thread-72 (process_request_thread) - INFO - sqlalchemy.engine.Engine - SELECT settings.id AS settings_id, settings."key" AS settings_key, settings.value AS settings_value 
FROM settings 
WHERE settings."key" = ?
 LIMIT ? OFFSET ? (base.py:1846)
2025-10-07 22:40:58,830 - MainProcess - Thread-72 (process_request_thread) - INFO - sqlalchemy.engine.Engine - [cached since 5.141e+05s ago] ('api_key', 1, 0) (base.py:1846)
2025-10-07 22:40:58,833 - MainProcess - Thread-72 (process_request_thread) - INFO - werkzeug - 127.0.0.1 - - [07/Oct/2025 22:40:58] "GET /api/ui_state HTTP/1.1" 200 - (_internal.py:97)
2025-10-07 22:40:59,836 - MainProcess - Thread-73 (process_request_thread) - INFO - sqlalchemy.engine.Engine - SELECT settings.id AS settings_id, settings."key" AS settings_key, settings.value AS settings_value 
FROM settings 
WHERE settings."key" = ?
 LIMIT ? OFFSET ? (base.py:1846)
2025-10-07 22:40:59,837 - MainProcess - Thread-73 (process_request_thread) - INFO - sqlalchemy.engine.Engine - [cached since 5.141e+05s ago] ('api_key', 1, 0) (base.py:1846)
2025-10-07 22:40:59,841 - MainProcess - Thread-73 (process_request_thread) - INFO - werkzeug - 127.0.0.1 - - [07/Oct/2025 22:40:59] "GET /api/ui_state HTTP/1.1" 200 - (_internal.py:97)
2025-10-07 22:41:00,908 - MainProcess - Thread-74 (process_request_thread) - INFO - sqlalchemy.engine.Engine - SELECT settings.id AS settings_id, settings."key" AS settings_key, settings.value AS settings_value 
FROM settings 
WHERE settings."key" = ?
 LIMIT ? OFFSET ? (base.py:1846)
2025-10-07 22:41:00,909 - MainProcess - Thread-74 (process_request_thread) - INFO - sqlalchemy.engine.Engine - [cached since 5.141e+05s ago] ('api_key', 1, 0) (base.py:1846)
2025-10-07 22:41:00,912 - MainProcess - Thread-74 (process_request_thread) - INFO - werkzeug - 127.0.0.1 - - [07/Oct/2025 22:41:00] "GET /api/ui_state HTTP/1.1" 200 - (_internal.py:97)
2025-10-07 22:41:01,837 - MainProcess - Thread-75 (process_request_thread) - INFO - sqlalchemy.engine.Engine - SELECT settings.id AS settings_id, settings."key" AS settings_key, settings.value AS settings_value 
FROM settings 
WHERE settings."key" = ?
 LIMIT ? OFFSET ? (base.py:1846)
2025-10-07 22:41:01,838 - MainProcess - Thread-75 (process_request_thread) - INFO - sqlalchemy.engine.Engine - [cached since 5.141e+05s ago] ('api_key', 1, 0) (base.py:1846)
2025-10-07 22:41:01,840 - MainProcess - Thread-75 (process_request_thread) - INFO - werkzeug - 127.0.0.1 - - [07/Oct/2025 22:41:01] "GET /api/ui_state HTTP/1.1" 200 - (_internal.py:97)
2025-10-07 22:41:02,831 - MainProcess - Thread-76 (process_request_thread) - INFO - sqlalchemy.engine.Engine - SELECT settings.id AS settings_id, settings."key" AS settings_key, settings.value AS settings_value 
FROM settings 
WHERE settings."key" = ?
 LIMIT ? OFFSET ? (base.py:1846)
2025-10-07 22:41:02,832 - MainProcess - Thread-76 (process_request_thread) - INFO - sqlalchemy.engine.Engine - [cached since 5.141e+05s ago] ('api_key', 1, 0) (base.py:1846)
2025-10-07 22:41:02,833 - MainProcess - Thread-76 (process_request_thread) - INFO - werkzeug - 127.0.0.1 - - [07/Oct/2025 22:41:02] "GET /api/ui_state HTTP/1.1" 200 - (_internal.py:97)
2025-10-07 22:41:03,842 - MainProcess - Thread-77 (process_request_thread) - INFO - sqlalchemy.engine.Engine - SELECT settings.id AS settings_id, settings."key" AS settings_key, settings.value AS settings_value 
FROM settings 
WHERE settings."key" = ?
 LIMIT ? OFFSET ? (base.py:1846)
2025-10-07 22:41:03,844 - MainProcess - Thread-77 (process_request_thread) - INFO - sqlalchemy.engine.Engine - [cached since 5.141e+05s ago] ('api_key', 1, 0) (base.py:1846)
2025-10-07 22:41:03,846 - MainProcess - Thread-77 (process_request_thread) - INFO - werkzeug - 127.0.0.1 - - [07/Oct/2025 22:41:03] "GET /api/ui_state HTTP/1.1" 200 - (_internal.py:97)
2025-10-07 22:41:04,831 - MainProcess - Thread-78 (process_request_thread) - INFO - sqlalchemy.engine.Engine - SELECT settings.id AS settings_id, settings."key" AS settings_key, settings.value AS settings_value 
FROM settings 
WHERE settings."key" = ?
 LIMIT ? OFFSET ? (base.py:1846)
2025-10-07 22:41:04,833 - MainProcess - Thread-78 (process_request_thread) - INFO - sqlalchemy.engine.Engine - [cached since 5.141e+05s ago] ('api_key', 1, 0) (base.py:1846)
2025-10-07 22:41:04,834 - MainProcess - Thread-78 (process_request_thread) - INFO - werkzeug - 127.0.0.1 - - [07/Oct/2025 22:41:04] "GET /api/ui_state HTTP/1.1" 200 - (_internal.py:97)
2025-10-07 22:41:05,833 - MainProcess - Thread-79 (process_request_thread) - INFO - sqlalchemy.engine.Engine - SELECT settings.id AS settings_id, settings."key" AS settings_key, settings.value AS settings_value 
FROM settings 
WHERE settings."key" = ?
 LIMIT ? OFFSET ? (base.py:1846)
2025-10-07 22:41:05,834 - MainProcess - Thread-79 (process_request_thread) - INFO - sqlalchemy.engine.Engine - [cached since 5.141e+05s ago] ('api_key', 1, 0) (base.py:1846)
2025-10-07 22:41:05,835 - MainProcess - Thread-79 (process_request_thread) - INFO - werkzeug - 127.0.0.1 - - [07/Oct/2025 22:41:05] "GET /api/ui_state HTTP/1.1" 200 - (_internal.py:97)
2025-10-07 22:41:06,826 - MainProcess - Thread-80 (process_request_thread) - INFO - sqlalchemy.engine.Engine - SELECT settings.id AS settings_id, settings."key" AS settings_key, settings.value AS settings_value 
FROM settings 
WHERE settings."key" = ?
 LIMIT ? OFFSET ? (base.py:1846)
2025-10-07 22:41:06,826 - MainProcess - Thread-80 (process_request_thread) - INFO - sqlalchemy.engine.Engine - [cached since 5.141e+05s ago] ('api_key', 1, 0) (base.py:1846)
2025-10-07 22:41:06,828 - MainProcess - Thread-80 (process_request_thread) - INFO - werkzeug - 127.0.0.1 - - [07/Oct/2025 22:41:06] "GET /api/ui_state HTTP/1.1" 200 - (_internal.py:97)
2025-10-07 22:41:07,830 - MainProcess - Thread-81 (process_request_thread) - INFO - sqlalchemy.engine.Engine - SELECT settings.id AS settings_id, settings."key" AS settings_key, settings.value AS settings_value 
FROM settings 
WHERE settings."key" = ?
 LIMIT ? OFFSET ? (base.py:1846)
2025-10-07 22:41:07,831 - MainProcess - Thread-81 (process_request_thread) - INFO - sqlalchemy.engine.Engine - [cached since 5.141e+05s ago] ('api_key', 1, 0) (base.py:1846)
2025-10-07 22:41:07,833 - MainProcess - Thread-81 (process_request_thread) - INFO - werkzeug - 127.0.0.1 - - [07/Oct/2025 22:41:07] "GET /api/ui_state HTTP/1.1" 200 - (_internal.py:97)
2025-10-07 22:41:08,831 - MainProcess - Thread-82 (process_request_thread) - INFO - sqlalchemy.engine.Engine - SELECT settings.id AS settings_id, settings."key" AS settings_key, settings.value AS settings_value 
FROM settings 
WHERE settings."key" = ?
 LIMIT ? OFFSET ? (base.py:1846)
2025-10-07 22:41:08,832 - MainProcess - Thread-82 (process_request_thread) - INFO - sqlalchemy.engine.Engine - [cached since 5.141e+05s ago] ('api_key', 1, 0) (base.py:1846)
2025-10-07 22:41:08,834 - MainProcess - Thread-82 (process_request_thread) - INFO - werkzeug - 127.0.0.1 - - [07/Oct/2025 22:41:08] "GET /api/ui_state HTTP/1.1" 200 - (_internal.py:97)
2025-10-07 22:41:09,825 - MainProcess - Thread-83 (process_request_thread) - INFO - sqlalchemy.engine.Engine - SELECT settings.id AS settings_id, settings."key" AS settings_key, settings.value AS settings_value 
FROM settings 
WHERE settings."key" = ?
 LIMIT ? OFFSET ? (base.py:1846)
2025-10-07 22:41:09,826 - MainProcess - Thread-83 (process_request_thread) - INFO - sqlalchemy.engine.Engine - [cached since 5.141e+05s ago] ('api_key', 1, 0) (base.py:1846)
2025-10-07 22:41:09,828 - MainProcess - Thread-83 (process_request_thread) - INFO - werkzeug - 127.0.0.1 - - [07/Oct/2025 22:41:09] "GET /api/ui_state HTTP/1.1" 200 - (_internal.py:97)
2025-10-07 22:41:10,828 - MainProcess - Thread-84 (process_request_thread) - INFO - sqlalchemy.engine.Engine - SELECT settings.id AS settings_id, settings."key" AS settings_key, settings.value AS settings_value 
FROM settings 
WHERE settings."key" = ?
 LIMIT ? OFFSET ? (base.py:1846)
2025-10-07 22:41:10,830 - MainProcess - Thread-84 (process_request_thread) - INFO - sqlalchemy.engine.Engine - [cached since 5.141e+05s ago] ('api_key', 1, 0) (base.py:1846)
2025-10-07 22:41:10,831 - MainProcess - Thread-84 (process_request_thread) - INFO - werkzeug - 127.0.0.1 - - [07/Oct/2025 22:41:10] "GET /api/ui_state HTTP/1.1" 200 - (_internal.py:97)
2025-10-07 22:41:11,830 - MainProcess - Thread-85 (process_request_thread) - INFO - sqlalchemy.engine.Engine - SELECT settings.id AS settings_id, settings."key" AS settings_key, settings.value AS settings_value 
FROM settings 
WHERE settings."key" = ?
 LIMIT ? OFFSET ? (base.py:1846)
2025-10-07 22:41:11,832 - MainProcess - Thread-85 (process_request_thread) - INFO - sqlalchemy.engine.Engine - [cached since 5.141e+05s ago] ('api_key', 1, 0) (base.py:1846)
2025-10-07 22:41:11,834 - MainProcess - Thread-85 (process_request_thread) - INFO - werkzeug - 127.0.0.1 - - [07/Oct/2025 22:41:11] "GET /api/ui_state HTTP/1.1" 200 - (_internal.py:97)
2025-10-07 22:41:12,829 - MainProcess - Thread-86 (process_request_thread) - INFO - sqlalchemy.engine.Engine - SELECT settings.id AS settings_id, settings."key" AS settings_key, settings.value AS settings_value 
FROM settings 
WHERE settings."key" = ?
 LIMIT ? OFFSET ? (base.py:1846)
2025-10-07 22:41:12,830 - MainProcess - Thread-86 (process_request_thread) - INFO - sqlalchemy.engine.Engine - [cached since 5.141e+05s ago] ('api_key', 1, 0) (base.py:1846)
2025-10-07 22:41:12,831 - MainProcess - Thread-86 (process_request_thread) - INFO - werkzeug - 127.0.0.1 - - [07/Oct/2025 22:41:12] "GET /api/ui_state HTTP/1.1" 200 - (_internal.py:97)
2025-10-07 22:41:13,827 - MainProcess - Thread-87 (process_request_thread) - INFO - sqlalchemy.engine.Engine - SELECT settings.id AS settings_id, settings."key" AS settings_key, settings.value AS settings_value 
FROM settings 
WHERE settings."key" = ?
 LIMIT ? OFFSET ? (base.py:1846)
2025-10-07 22:41:13,828 - MainProcess - Thread-87 (process_request_thread) - INFO - sqlalchemy.engine.Engine - [cached since 5.141e+05s ago] ('api_key', 1, 0) (base.py:1846)
2025-10-07 22:41:13,830 - MainProcess - Thread-87 (process_request_thread) - INFO - werkzeug - 127.0.0.1 - - [07/Oct/2025 22:41:13] "GET /api/ui_state HTTP/1.1" 200 - (_internal.py:97)
2025-10-07 22:41:14,842 - MainProcess - Thread-88 (process_request_thread) - INFO - sqlalchemy.engine.Engine - SELECT settings.id AS settings_id, settings."key" AS settings_key, settings.value AS settings_value 
FROM settings 
WHERE settings."key" = ?
 LIMIT ? OFFSET ? (base.py:1846)
2025-10-07 22:41:14,842 - MainProcess - Thread-88 (process_request_thread) - INFO - sqlalchemy.engine.Engine - [cached since 5.141e+05s ago] ('api_key', 1, 0) (base.py:1846)
2025-10-07 22:41:14,844 - MainProcess - Thread-88 (process_request_thread) - INFO - werkzeug - 127.0.0.1 - - [07/Oct/2025 22:41:14] "GET /api/ui_state HTTP/1.1" 200 - (_internal.py:97)
2025-10-07 22:41:15,837 - MainProcess - Thread-89 (process_request_thread) - INFO - sqlalchemy.engine.Engine - SELECT settings.id AS settings_id, settings."key" AS settings_key, settings.value AS settings_value 
FROM settings 
WHERE settings."key" = ?
 LIMIT ? OFFSET ? (base.py:1846)
2025-10-07 22:41:15,838 - MainProcess - Thread-89 (process_request_thread) - INFO - sqlalchemy.engine.Engine - [cached since 5.141e+05s ago] ('api_key', 1, 0) (base.py:1846)
2025-10-07 22:41:15,840 - MainProcess - Thread-89 (process_request_thread) - INFO - werkzeug - 127.0.0.1 - - [07/Oct/2025 22:41:15] "GET /api/ui_state HTTP/1.1" 200 - (_internal.py:97)
2025-10-07 22:41:16,834 - MainProcess - Thread-90 (process_request_thread) - INFO - sqlalchemy.engine.Engine - SELECT settings.id AS settings_id, settings."key" AS settings_key, settings.value AS settings_value 
FROM settings 
WHERE settings."key" = ?
 LIMIT ? OFFSET ? (base.py:1846)
2025-10-07 22:41:16,836 - MainProcess - Thread-90 (process_request_thread) - INFO - sqlalchemy.engine.Engine - [cached since 5.141e+05s ago] ('api_key', 1, 0) (base.py:1846)
2025-10-07 22:41:16,837 - MainProcess - Thread-90 (process_request_thread) - INFO - werkzeug - 127.0.0.1 - - [07/Oct/2025 22:41:16] "GET /api/ui_state HTTP/1.1" 200 - (_internal.py:97)
2025-10-07 22:41:17,833 - MainProcess - Thread-91 (process_request_thread) - INFO - sqlalchemy.engine.Engine - SELECT settings.id AS settings_id, settings."key" AS settings_key, settings.value AS settings_value 
FROM settings 
WHERE settings."key" = ?
 LIMIT ? OFFSET ? (base.py:1846)
2025-10-07 22:41:17,834 - MainProcess - Thread-91 (process_request_thread) - INFO - sqlalchemy.engine.Engine - [cached since 5.141e+05s ago] ('api_key', 1, 0) (base.py:1846)
2025-10-07 22:41:17,836 - MainProcess - Thread-91 (process_request_thread) - INFO - werkzeug - 127.0.0.1 - - [07/Oct/2025 22:41:17] "GET /api/ui_state HTTP/1.1" 200 - (_internal.py:97)
2025-10-07 22:41:18,833 - MainProcess - Thread-92 (process_request_thread) - INFO - sqlalchemy.engine.Engine - SELECT settings.id AS settings_id, settings."key" AS settings_key, settings.value AS settings_value 
FROM settings 
WHERE settings."key" = ?
 LIMIT ? OFFSET ? (base.py:1846)
2025-10-07 22:41:18,835 - MainProcess - Thread-92 (process_request_thread) - INFO - sqlalchemy.engine.Engine - [cached since 5.141e+05s ago] ('api_key', 1, 0) (base.py:1846)
2025-10-07 22:41:18,836 - MainProcess - Thread-92 (process_request_thread) - INFO - werkzeug - 127.0.0.1 - - [07/Oct/2025 22:41:18] "GET /api/ui_state HTTP/1.1" 200 - (_internal.py:97)
2025-10-07 22:41:19,923 - MainProcess - Thread-93 (process_request_thread) - INFO - sqlalchemy.engine.Engine - SELECT settings.id AS settings_id, settings."key" AS settings_key, settings.value AS settings_value 
FROM settings 
WHERE settings."key" = ?
 LIMIT ? OFFSET ? (base.py:1846)
2025-10-07 22:41:19,924 - MainProcess - Thread-93 (process_request_thread) - INFO - sqlalchemy.engine.Engine - [cached since 5.141e+05s ago] ('api_key', 1, 0) (base.py:1846)
2025-10-07 22:41:19,925 - MainProcess - Thread-93 (process_request_thread) - INFO - werkzeug - 127.0.0.1 - - [07/Oct/2025 22:41:19] "GET /api/ui_state HTTP/1.1" 200 - (_internal.py:97)
2025-10-07 22:41:20,841 - MainProcess - Thread-94 (process_request_thread) - INFO - sqlalchemy.engine.Engine - SELECT settings.id AS settings_id, settings."key" AS settings_key, settings.value AS settings_value 
FROM settings 
WHERE settings."key" = ?
 LIMIT ? OFFSET ? (base.py:1846)
2025-10-07 22:41:20,841 - MainProcess - Thread-94 (process_request_thread) - INFO - sqlalchemy.engine.Engine - [cached since 5.141e+05s ago] ('api_key', 1, 0) (base.py:1846)
2025-10-07 22:41:20,843 - MainProcess - Thread-94 (process_request_thread) - INFO - werkzeug - 127.0.0.1 - - [07/Oct/2025 22:41:20] "GET /api/ui_state HTTP/1.1" 200 - (_internal.py:97)
2025-10-07 22:41:21,841 - MainProcess - Thread-95 (process_request_thread) - INFO - sqlalchemy.engine.Engine - SELECT settings.id AS settings_id, settings."key" AS settings_key, settings.value AS settings_value 
FROM settings 
WHERE settings."key" = ?
 LIMIT ? OFFSET ? (base.py:1846)
2025-10-07 22:41:21,843 - MainProcess - Thread-95 (process_request_thread) - INFO - sqlalchemy.engine.Engine - [cached since 5.141e+05s ago] ('api_key', 1, 0) (base.py:1846)
2025-10-07 22:41:21,844 - MainProcess - Thread-95 (process_request_thread) - INFO - werkzeug - 127.0.0.1 - - [07/Oct/2025 22:41:21] "GET /api/ui_state HTTP/1.1" 200 - (_internal.py:97)
2025-10-07 22:41:22,840 - MainProcess - Thread-96 (process_request_thread) - INFO - sqlalchemy.engine.Engine - SELECT settings.id AS settings_id, settings."key" AS settings_key, settings.value AS settings_value 
FROM settings 
WHERE settings."key" = ?
 LIMIT ? OFFSET ? (base.py:1846)
2025-10-07 22:41:22,841 - MainProcess - Thread-96 (process_request_thread) - INFO - sqlalchemy.engine.Engine - [cached since 5.141e+05s ago] ('api_key', 1, 0) (base.py:1846)
2025-10-07 22:41:22,843 - MainProcess - Thread-96 (process_request_thread) - INFO - werkzeug - 127.0.0.1 - - [07/Oct/2025 22:41:22] "GET /api/ui_state HTTP/1.1" 200 - (_internal.py:97)
2025-10-07 22:41:23,838 - MainProcess - Thread-97 (process_request_thread) - INFO - sqlalchemy.engine.Engine - SELECT settings.id AS settings_id, settings."key" AS settings_key, settings.value AS settings_value 
FROM settings 
WHERE settings."key" = ?
 LIMIT ? OFFSET ? (base.py:1846)
2025-10-07 22:41:23,839 - MainProcess - Thread-97 (process_request_thread) - INFO - sqlalchemy.engine.Engine - [cached since 5.141e+05s ago] ('api_key', 1, 0) (base.py:1846)
2025-10-07 22:41:23,840 - MainProcess - Thread-97 (process_request_thread) - INFO - werkzeug - 127.0.0.1 - - [07/Oct/2025 22:41:23] "GET /api/ui_state HTTP/1.1" 200 - (_internal.py:97)
2025-10-07 22:41:24,840 - MainProcess - Thread-98 (process_request_thread) - INFO - sqlalchemy.engine.Engine - SELECT settings.id AS settings_id, settings."key" AS settings_key, settings.value AS settings_value 
FROM settings 
WHERE settings."key" = ?
 LIMIT ? OFFSET ? (base.py:1846)
2025-10-07 22:41:24,842 - MainProcess - Thread-98 (process_request_thread) - INFO - sqlalchemy.engine.Engine - [cached since 5.141e+05s ago] ('api_key', 1, 0) (base.py:1846)
2025-10-07 22:41:24,846 - MainProcess - Thread-98 (process_request_thread) - INFO - werkzeug - 127.0.0.1 - - [07/Oct/2025 22:41:24] "GET /api/ui_state HTTP/1.1" 200 - (_internal.py:97)
2025-10-07 22:41:25,838 - MainProcess - Thread-99 (process_request_thread) - INFO - sqlalchemy.engine.Engine - SELECT settings.id AS settings_id, settings."key" AS settings_key, settings.value AS settings_value 
FROM settings 
WHERE settings."key" = ?
 LIMIT ? OFFSET ? (base.py:1846)
2025-10-07 22:41:25,839 - MainProcess - Thread-99 (process_request_thread) - INFO - sqlalchemy.engine.Engine - [cached since 5.141e+05s ago] ('api_key', 1, 0) (base.py:1846)
2025-10-07 22:41:25,841 - MainProcess - Thread-99 (process_request_thread) - INFO - werkzeug - 127.0.0.1 - - [07/Oct/2025 22:41:25] "GET /api/ui_state HTTP/1.1" 200 - (_internal.py:97)
2025-10-07 22:41:26,837 - MainProcess - Thread-100 (process_request_thread) - INFO - sqlalchemy.engine.Engine - SELECT settings.id AS settings_id, settings."key" AS settings_key, settings.value AS settings_value 
FROM settings 
WHERE settings."key" = ?
 LIMIT ? OFFSET ? (base.py:1846)
2025-10-07 22:41:26,839 - MainProcess - Thread-100 (process_request_thread) - INFO - sqlalchemy.engine.Engine - [cached since 5.141e+05s ago] ('api_key', 1, 0) (base.py:1846)
2025-10-07 22:41:26,843 - MainProcess - Thread-100 (process_request_thread) - INFO - werkzeug - 127.0.0.1 - - [07/Oct/2025 22:41:26] "GET /api/ui_state HTTP/1.1" 200 - (_internal.py:97)
2025-10-07 22:41:27,843 - MainProcess - Thread-101 (process_request_thread) - INFO - sqlalchemy.engine.Engine - SELECT settings.id AS settings_id, settings."key" AS settings_key, settings.value AS settings_value 
FROM settings 
WHERE settings."key" = ?
 LIMIT ? OFFSET ? (base.py:1846)
2025-10-07 22:41:27,844 - MainProcess - Thread-101 (process_request_thread) - INFO - sqlalchemy.engine.Engine - [cached since 5.141e+05s ago] ('api_key', 1, 0) (base.py:1846)
2025-10-07 22:41:27,846 - MainProcess - Thread-101 (process_request_thread) - INFO - werkzeug - 127.0.0.1 - - [07/Oct/2025 22:41:27] "GET /api/ui_state HTTP/1.1" 200 - (_internal.py:97)
2025-10-07 22:41:28,864 - MainProcess - Thread-102 (process_request_thread) - INFO - sqlalchemy.engine.Engine - SELECT settings.id AS settings_id, settings."key" AS settings_key, settings.value AS settings_value 
FROM settings 
WHERE settings."key" = ?
 LIMIT ? OFFSET ? (base.py:1846)
2025-10-07 22:41:28,864 - MainProcess - Thread-102 (process_request_thread) - INFO - sqlalchemy.engine.Engine - [cached since 5.141e+05s ago] ('api_key', 1, 0) (base.py:1846)
2025-10-07 22:41:28,866 - MainProcess - Thread-102 (process_request_thread) - INFO - werkzeug - 127.0.0.1 - - [07/Oct/2025 22:41:28] "GET /api/ui_state HTTP/1.1" 200 - (_internal.py:97)
2025-10-07 22:41:29,837 - MainProcess - Thread-103 (process_request_thread) - INFO - sqlalchemy.engine.Engine - SELECT settings.id AS settings_id, settings."key" AS settings_key, settings.value AS settings_value 
FROM settings 
WHERE settings."key" = ?
 LIMIT ? OFFSET ? (base.py:1846)
2025-10-07 22:41:29,838 - MainProcess - Thread-103 (process_request_thread) - INFO - sqlalchemy.engine.Engine - [cached since 5.141e+05s ago] ('api_key', 1, 0) (base.py:1846)
2025-10-07 22:41:29,840 - MainProcess - Thread-103 (process_request_thread) - INFO - werkzeug - 127.0.0.1 - - [07/Oct/2025 22:41:29] "GET /api/ui_state HTTP/1.1" 200 - (_internal.py:97)
2025-10-07 22:41:30,838 - MainProcess - Thread-104 (process_request_thread) - INFO - sqlalchemy.engine.Engine - SELECT settings.id AS settings_id, settings."key" AS settings_key, settings.value AS settings_value 
FROM settings 
WHERE settings."key" = ?
 LIMIT ? OFFSET ? (base.py:1846)
2025-10-07 22:41:30,839 - MainProcess - Thread-104 (process_request_thread) - INFO - sqlalchemy.engine.Engine - [cached since 5.141e+05s ago] ('api_key', 1, 0) (base.py:1846)
2025-10-07 22:41:30,841 - MainProcess - Thread-104 (process_request_thread) - INFO - werkzeug - 127.0.0.1 - - [07/Oct/2025 22:41:30] "GET /api/ui_state HTTP/1.1" 200 - (_internal.py:97)
2025-10-07 22:41:31,838 - MainProcess - Thread-105 (process_request_thread) - INFO - sqlalchemy.engine.Engine - SELECT settings.id AS settings_id, settings."key" AS settings_key, settings.value AS settings_value 
FROM settings 
WHERE settings."key" = ?
 LIMIT ? OFFSET ? (base.py:1846)
2025-10-07 22:41:31,840 - MainProcess - Thread-105 (process_request_thread) - INFO - sqlalchemy.engine.Engine - [cached since 5.141e+05s ago] ('api_key', 1, 0) (base.py:1846)
2025-10-07 22:41:31,842 - MainProcess - Thread-105 (process_request_thread) - INFO - werkzeug - 127.0.0.1 - - [07/Oct/2025 22:41:31] "GET /api/ui_state HTTP/1.1" 200 - (_internal.py:97)
2025-10-07 22:41:32,835 - MainProcess - Thread-106 (process_request_thread) - INFO - sqlalchemy.engine.Engine - SELECT settings.id AS settings_id, settings."key" AS settings_key, settings.value AS settings_value 
FROM settings 
WHERE settings."key" = ?
 LIMIT ? OFFSET ? (base.py:1846)
2025-10-07 22:41:32,836 - MainProcess - Thread-106 (process_request_thread) - INFO - sqlalchemy.engine.Engine - [cached since 5.141e+05s ago] ('api_key', 1, 0) (base.py:1846)
2025-10-07 22:41:32,837 - MainProcess - Thread-106 (process_request_thread) - INFO - werkzeug - 127.0.0.1 - - [07/Oct/2025 22:41:32] "GET /api/ui_state HTTP/1.1" 200 - (_internal.py:97)
2025-10-07 22:41:33,840 - MainProcess - Thread-107 (process_request_thread) - INFO - sqlalchemy.engine.Engine - SELECT settings.id AS settings_id, settings."key" AS settings_key, settings.value AS settings_value 
FROM settings 
WHERE settings."key" = ?
 LIMIT ? OFFSET ? (base.py:1846)
2025-10-07 22:41:33,842 - MainProcess - Thread-107 (process_request_thread) - INFO - sqlalchemy.engine.Engine - [cached since 5.141e+05s ago] ('api_key', 1, 0) (base.py:1846)
2025-10-07 22:41:33,844 - MainProcess - Thread-107 (process_request_thread) - INFO - werkzeug - 127.0.0.1 - - [07/Oct/2025 22:41:33] "GET /api/ui_state HTTP/1.1" 200 - (_internal.py:97)
2025-10-07 22:41:34,833 - MainProcess - Thread-108 (process_request_thread) - INFO - sqlalchemy.engine.Engine - SELECT settings.id AS settings_id, settings."key" AS settings_key, settings.value AS settings_value 
FROM settings 
WHERE settings."key" = ?
 LIMIT ? OFFSET ? (base.py:1846)
2025-10-07 22:41:34,835 - MainProcess - Thread-108 (process_request_thread) - INFO - sqlalchemy.engine.Engine - [cached since 5.141e+05s ago] ('api_key', 1, 0) (base.py:1846)
2025-10-07 22:41:34,836 - MainProcess - Thread-108 (process_request_thread) - INFO - werkzeug - 127.0.0.1 - - [07/Oct/2025 22:41:34] "GET /api/ui_state HTTP/1.1" 200 - (_internal.py:97)
2025-10-07 22:41:35,831 - MainProcess - Thread-109 (process_request_thread) - INFO - sqlalchemy.engine.Engine - SELECT settings.id AS settings_id, settings."key" AS settings_key, settings.value AS settings_value 
FROM settings 
WHERE settings."key" = ?
 LIMIT ? OFFSET ? (base.py:1846)
2025-10-07 22:41:35,832 - MainProcess - Thread-109 (process_request_thread) - INFO - sqlalchemy.engine.Engine - [cached since 5.141e+05s ago] ('api_key', 1, 0) (base.py:1846)
2025-10-07 22:41:35,833 - MainProcess - Thread-109 (process_request_thread) - INFO - werkzeug - 127.0.0.1 - - [07/Oct/2025 22:41:35] "GET /api/ui_state HTTP/1.1" 200 - (_internal.py:97)
2025-10-07 22:41:36,839 - MainProcess - Thread-110 (process_request_thread) - INFO - sqlalchemy.engine.Engine - SELECT settings.id AS settings_id, settings."key" AS settings_key, settings.value AS settings_value 
FROM settings 
WHERE settings."key" = ?
 LIMIT ? OFFSET ? (base.py:1846)
2025-10-07 22:41:36,840 - MainProcess - Thread-110 (process_request_thread) - INFO - sqlalchemy.engine.Engine - [cached since 5.141e+05s ago] ('api_key', 1, 0) (base.py:1846)
2025-10-07 22:41:36,842 - MainProcess - Thread-110 (process_request_thread) - INFO - werkzeug - 127.0.0.1 - - [07/Oct/2025 22:41:36] "GET /api/ui_state HTTP/1.1" 200 - (_internal.py:97)
2025-10-07 22:41:37,836 - MainProcess - Thread-111 (process_request_thread) - INFO - sqlalchemy.engine.Engine - SELECT settings.id AS settings_id, settings."key" AS settings_key, settings.value AS settings_value 
FROM settings 
WHERE settings."key" = ?
 LIMIT ? OFFSET ? (base.py:1846)
2025-10-07 22:41:37,837 - MainProcess - Thread-111 (process_request_thread) - INFO - sqlalchemy.engine.Engine - [cached since 5.141e+05s ago] ('api_key', 1, 0) (base.py:1846)
2025-10-07 22:41:37,838 - MainProcess - Thread-111 (process_request_thread) - INFO - werkzeug - 127.0.0.1 - - [07/Oct/2025 22:41:37] "GET /api/ui_state HTTP/1.1" 200 - (_internal.py:97)
2025-10-07 22:41:38,838 - MainProcess - Thread-112 (process_request_thread) - INFO - sqlalchemy.engine.Engine - SELECT settings.id AS settings_id, settings."key" AS settings_key, settings.value AS settings_value 
FROM settings 
WHERE settings."key" = ?
 LIMIT ? OFFSET ? (base.py:1846)
2025-10-07 22:41:38,840 - MainProcess - Thread-112 (process_request_thread) - INFO - sqlalchemy.engine.Engine - [cached since 5.141e+05s ago] ('api_key', 1, 0) (base.py:1846)
2025-10-07 22:41:38,842 - MainProcess - Thread-112 (process_request_thread) - INFO - werkzeug - 127.0.0.1 - - [07/Oct/2025 22:41:38] "GET /api/ui_state HTTP/1.1" 200 - (_internal.py:97)
2025-10-07 22:41:39,828 - MainProcess - Thread-113 (process_request_thread) - INFO - sqlalchemy.engine.Engine - SELECT settings.id AS settings_id, settings."key" AS settings_key, settings.value AS settings_value 
FROM settings 
WHERE settings."key" = ?
 LIMIT ? OFFSET ? (base.py:1846)
2025-10-07 22:41:39,829 - MainProcess - Thread-113 (process_request_thread) - INFO - sqlalchemy.engine.Engine - [cached since 5.141e+05s ago] ('api_key', 1, 0) (base.py:1846)
2025-10-07 22:41:39,830 - MainProcess - Thread-113 (process_request_thread) - INFO - werkzeug - 127.0.0.1 - - [07/Oct/2025 22:41:39] "GET /api/ui_state HTTP/1.1" 200 - (_internal.py:97)
2025-10-07 22:41:40,841 - MainProcess - Thread-114 (process_request_thread) - INFO - sqlalchemy.engine.Engine - SELECT settings.id AS settings_id, settings."key" AS settings_key, settings.value AS settings_value 
FROM settings 
WHERE settings."key" = ?
 LIMIT ? OFFSET ? (base.py:1846)
2025-10-07 22:41:40,842 - MainProcess - Thread-114 (process_request_thread) - INFO - sqlalchemy.engine.Engine - [cached since 5.141e+05s ago] ('api_key', 1, 0) (base.py:1846)
2025-10-07 22:41:40,846 - MainProcess - Thread-114 (process_request_thread) - INFO - werkzeug - 127.0.0.1 - - [07/Oct/2025 22:41:40] "GET /api/ui_state HTTP/1.1" 200 - (_internal.py:97)
2025-10-07 22:41:41,841 - MainProcess - Thread-115 (process_request_thread) - INFO - sqlalchemy.engine.Engine - SELECT settings.id AS settings_id, settings."key" AS settings_key, settings.value AS settings_value 
FROM settings 
WHERE settings."key" = ?
 LIMIT ? OFFSET ? (base.py:1846)
2025-10-07 22:41:41,842 - MainProcess - Thread-115 (process_request_thread) - INFO - sqlalchemy.engine.Engine - [cached since 5.141e+05s ago] ('api_key', 1, 0) (base.py:1846)
2025-10-07 22:41:41,843 - MainProcess - Thread-115 (process_request_thread) - INFO - werkzeug - 127.0.0.1 - - [07/Oct/2025 22:41:41] "GET /api/ui_state HTTP/1.1" 200 - (_internal.py:97)
2025-10-07 22:41:42,829 - MainProcess - Thread-116 (process_request_thread) - INFO - sqlalchemy.engine.Engine - SELECT settings.id AS settings_id, settings."key" AS settings_key, settings.value AS settings_value 
FROM settings 
WHERE settings."key" = ?
 LIMIT ? OFFSET ? (base.py:1846)
2025-10-07 22:41:42,830 - MainProcess - Thread-116 (process_request_thread) - INFO - sqlalchemy.engine.Engine - [cached since 5.141e+05s ago] ('api_key', 1, 0) (base.py:1846)
2025-10-07 22:41:42,832 - MainProcess - Thread-116 (process_request_thread) - INFO - werkzeug - 127.0.0.1 - - [07/Oct/2025 22:41:42] "GET /api/ui_state HTTP/1.1" 200 - (_internal.py:97)
2025-10-07 22:41:43,843 - MainProcess - Thread-117 (process_request_thread) - INFO - sqlalchemy.engine.Engine - SELECT settings.id AS settings_id, settings."key" AS settings_key, settings.value AS settings_value 
FROM settings 
WHERE settings."key" = ?
 LIMIT ? OFFSET ? (base.py:1846)
2025-10-07 22:41:43,846 - MainProcess - Thread-117 (process_request_thread) - INFO - sqlalchemy.engine.Engine - [cached since 5.141e+05s ago] ('api_key', 1, 0) (base.py:1846)
2025-10-07 22:41:43,850 - MainProcess - Thread-117 (process_request_thread) - INFO - werkzeug - 127.0.0.1 - - [07/Oct/2025 22:41:43] "GET /api/ui_state HTTP/1.1" 200 - (_internal.py:97)
2025-10-07 22:41:44,835 - MainProcess - Thread-118 (process_request_thread) - INFO - sqlalchemy.engine.Engine - SELECT settings.id AS settings_id, settings."key" AS settings_key, settings.value AS settings_value 
FROM settings 
WHERE settings."key" = ?
 LIMIT ? OFFSET ? (base.py:1846)
2025-10-07 22:41:44,836 - MainProcess - Thread-118 (process_request_thread) - INFO - sqlalchemy.engine.Engine - [cached since 5.141e+05s ago] ('api_key', 1, 0) (base.py:1846)
2025-10-07 22:41:44,839 - MainProcess - Thread-118 (process_request_thread) - INFO - werkzeug - 127.0.0.1 - - [07/Oct/2025 22:41:44] "GET /api/ui_state HTTP/1.1" 200 - (_internal.py:97)
2025-10-07 22:41:45,835 - MainProcess - Thread-119 (process_request_thread) - INFO - sqlalchemy.engine.Engine - SELECT settings.id AS settings_id, settings."key" AS settings_key, settings.value AS settings_value 
FROM settings 
WHERE settings."key" = ?
 LIMIT ? OFFSET ? (base.py:1846)
2025-10-07 22:41:45,837 - MainProcess - Thread-119 (process_request_thread) - INFO - sqlalchemy.engine.Engine - [cached since 5.141e+05s ago] ('api_key', 1, 0) (base.py:1846)
2025-10-07 22:41:45,839 - MainProcess - Thread-119 (process_request_thread) - INFO - werkzeug - 127.0.0.1 - - [07/Oct/2025 22:41:45] "GET /api/ui_state HTTP/1.1" 200 - (_internal.py:97)
2025-10-07 22:41:46,846 - MainProcess - Thread-120 (process_request_thread) - INFO - sqlalchemy.engine.Engine - SELECT settings.id AS settings_id, settings."key" AS settings_key, settings.value AS settings_value 
FROM settings 
WHERE settings."key" = ?
 LIMIT ? OFFSET ? (base.py:1846)
2025-10-07 22:41:46,847 - MainProcess - Thread-120 (process_request_thread) - INFO - sqlalchemy.engine.Engine - [cached since 5.141e+05s ago] ('api_key', 1, 0) (base.py:1846)
2025-10-07 22:41:46,850 - MainProcess - Thread-120 (process_request_thread) - INFO - werkzeug - 127.0.0.1 - - [07/Oct/2025 22:41:46] "GET /api/ui_state HTTP/1.1" 200 - (_internal.py:97)
2025-10-07 22:41:47,843 - MainProcess - Thread-121 (process_request_thread) - INFO - sqlalchemy.engine.Engine - SELECT settings.id AS settings_id, settings."key" AS settings_key, settings.value AS settings_value 
FROM settings 
WHERE settings."key" = ?
 LIMIT ? OFFSET ? (base.py:1846)
2025-10-07 22:41:47,844 - MainProcess - Thread-121 (process_request_thread) - INFO - sqlalchemy.engine.Engine - [cached since 5.141e+05s ago] ('api_key', 1, 0) (base.py:1846)
2025-10-07 22:41:47,847 - MainProcess - Thread-121 (process_request_thread) - INFO - werkzeug - 127.0.0.1 - - [07/Oct/2025 22:41:47] "GET /api/ui_state HTTP/1.1" 200 - (_internal.py:97)
2025-10-07 22:41:48,837 - MainProcess - Thread-122 (process_request_thread) - INFO - sqlalchemy.engine.Engine - SELECT settings.id AS settings_id, settings."key" AS settings_key, settings.value AS settings_value 
FROM settings 
WHERE settings."key" = ?
 LIMIT ? OFFSET ? (base.py:1846)
2025-10-07 22:41:48,838 - MainProcess - Thread-122 (process_request_thread) - INFO - sqlalchemy.engine.Engine - [cached since 5.141e+05s ago] ('api_key', 1, 0) (base.py:1846)
2025-10-07 22:41:48,840 - MainProcess - Thread-122 (process_request_thread) - INFO - werkzeug - 127.0.0.1 - - [07/Oct/2025 22:41:48] "GET /api/ui_state HTTP/1.1" 200 - (_internal.py:97)
2025-10-07 22:41:49,833 - MainProcess - Thread-123 (process_request_thread) - INFO - sqlalchemy.engine.Engine - SELECT settings.id AS settings_id, settings."key" AS settings_key, settings.value AS settings_value 
FROM settings 
WHERE settings."key" = ?
 LIMIT ? OFFSET ? (base.py:1846)
2025-10-07 22:41:49,835 - MainProcess - Thread-123 (process_request_thread) - INFO - sqlalchemy.engine.Engine - [cached since 5.141e+05s ago] ('api_key', 1, 0) (base.py:1846)
2025-10-07 22:41:49,837 - MainProcess - Thread-123 (process_request_thread) - INFO - werkzeug - 127.0.0.1 - - [07/Oct/2025 22:41:49] "GET /api/ui_state HTTP/1.1" 200 - (_internal.py:97)
2025-10-07 22:41:50,830 - MainProcess - Thread-124 (process_request_thread) - INFO - sqlalchemy.engine.Engine - SELECT settings.id AS settings_id, settings."key" AS settings_key, settings.value AS settings_value 
FROM settings 
WHERE settings."key" = ?
 LIMIT ? OFFSET ? (base.py:1846)
2025-10-07 22:41:50,833 - MainProcess - Thread-124 (process_request_thread) - INFO - sqlalchemy.engine.Engine - [cached since 5.142e+05s ago] ('api_key', 1, 0) (base.py:1846)
2025-10-07 22:41:50,834 - MainProcess - Thread-124 (process_request_thread) - INFO - werkzeug - 127.0.0.1 - - [07/Oct/2025 22:41:50] "GET /api/ui_state HTTP/1.1" 200 - (_internal.py:97)
2025-10-07 22:41:51,842 - MainProcess - Thread-125 (process_request_thread) - INFO - sqlalchemy.engine.Engine - SELECT settings.id AS settings_id, settings."key" AS settings_key, settings.value AS settings_value 
FROM settings 
WHERE settings."key" = ?
 LIMIT ? OFFSET ? (base.py:1846)
2025-10-07 22:41:51,843 - MainProcess - Thread-125 (process_request_thread) - INFO - sqlalchemy.engine.Engine - [cached since 5.142e+05s ago] ('api_key', 1, 0) (base.py:1846)
2025-10-07 22:41:51,845 - MainProcess - Thread-125 (process_request_thread) - INFO - werkzeug - 127.0.0.1 - - [07/Oct/2025 22:41:51] "GET /api/ui_state HTTP/1.1" 200 - (_internal.py:97)
2025-10-07 22:41:52,836 - MainProcess - Thread-126 (process_request_thread) - INFO - sqlalchemy.engine.Engine - SELECT settings.id AS settings_id, settings."key" AS settings_key, settings.value AS settings_value 
FROM settings 
WHERE settings."key" = ?
 LIMIT ? OFFSET ? (base.py:1846)
2025-10-07 22:41:52,837 - MainProcess - Thread-126 (process_request_thread) - INFO - sqlalchemy.engine.Engine - [cached since 5.142e+05s ago] ('api_key', 1, 0) (base.py:1846)
2025-10-07 22:41:52,839 - MainProcess - Thread-126 (process_request_thread) - INFO - werkzeug - 127.0.0.1 - - [07/Oct/2025 22:41:52] "GET /api/ui_state HTTP/1.1" 200 - (_internal.py:97)
2025-10-07 22:41:53,842 - MainProcess - Thread-127 (process_request_thread) - INFO - sqlalchemy.engine.Engine - SELECT settings.id AS settings_id, settings."key" AS settings_key, settings.value AS settings_value 
FROM settings 
WHERE settings."key" = ?
 LIMIT ? OFFSET ? (base.py:1846)
2025-10-07 22:41:53,843 - MainProcess - Thread-127 (process_request_thread) - INFO - sqlalchemy.engine.Engine - [cached since 5.142e+05s ago] ('api_key', 1, 0) (base.py:1846)
2025-10-07 22:41:53,846 - MainProcess - Thread-127 (process_request_thread) - INFO - werkzeug - 127.0.0.1 - - [07/Oct/2025 22:41:53] "GET /api/ui_state HTTP/1.1" 200 - (_internal.py:97)
2025-10-07 22:41:54,832 - MainProcess - Thread-128 (process_request_thread) - INFO - sqlalchemy.engine.Engine - SELECT settings.id AS settings_id, settings."key" AS settings_key, settings.value AS settings_value 
FROM settings 
WHERE settings."key" = ?
 LIMIT ? OFFSET ? (base.py:1846)
2025-10-07 22:41:54,832 - MainProcess - Thread-128 (process_request_thread) - INFO - sqlalchemy.engine.Engine - [cached since 5.142e+05s ago] ('api_key', 1, 0) (base.py:1846)
2025-10-07 22:41:54,834 - MainProcess - Thread-128 (process_request_thread) - INFO - werkzeug - 127.0.0.1 - - [07/Oct/2025 22:41:54] "GET /api/ui_state HTTP/1.1" 200 - (_internal.py:97)
2025-10-07 22:41:55,830 - MainProcess - Thread-129 (process_request_thread) - INFO - sqlalchemy.engine.Engine - SELECT settings.id AS settings_id, settings."key" AS settings_key, settings.value AS settings_value 
FROM settings 
WHERE settings."key" = ?
 LIMIT ? OFFSET ? (base.py:1846)
2025-10-07 22:41:55,831 - MainProcess - Thread-129 (process_request_thread) - INFO - sqlalchemy.engine.Engine - [cached since 5.142e+05s ago] ('api_key', 1, 0) (base.py:1846)
2025-10-07 22:41:55,833 - MainProcess - Thread-129 (process_request_thread) - INFO - werkzeug - 127.0.0.1 - - [07/Oct/2025 22:41:55] "GET /api/ui_state HTTP/1.1" 200 - (_internal.py:97)
2025-10-07 22:41:56,841 - MainProcess - Thread-130 (process_request_thread) - INFO - sqlalchemy.engine.Engine - SELECT settings.id AS settings_id, settings."key" AS settings_key, settings.value AS settings_value 
FROM settings 
WHERE settings."key" = ?
 LIMIT ? OFFSET ? (base.py:1846)
2025-10-07 22:41:56,842 - MainProcess - Thread-130 (process_request_thread) - INFO - sqlalchemy.engine.Engine - [cached since 5.142e+05s ago] ('api_key', 1, 0) (base.py:1846)
2025-10-07 22:41:56,844 - MainProcess - Thread-130 (process_request_thread) - INFO - werkzeug - 127.0.0.1 - - [07/Oct/2025 22:41:56] "GET /api/ui_state HTTP/1.1" 200 - (_internal.py:97)
2025-10-07 22:42:07,005 - MainProcess - Thread-131 (process_request_thread) - INFO - sqlalchemy.engine.Engine - SELECT settings.id AS settings_id, settings."key" AS settings_key, settings.value AS settings_value 
FROM settings 
WHERE settings."key" = ?
 LIMIT ? OFFSET ? (base.py:1846)
2025-10-07 22:42:07,006 - MainProcess - Thread-131 (process_request_thread) - INFO - sqlalchemy.engine.Engine - [cached since 5.142e+05s ago] ('api_key', 1, 0) (base.py:1846)
2025-10-07 22:42:07,007 - MainProcess - Thread-131 (process_request_thread) - INFO - werkzeug - 127.0.0.1 - - [07/Oct/2025 22:42:07] "GET /api/ui_state HTTP/1.1" 200 - (_internal.py:97)
2025-10-07 22:42:07,543 - MainProcess - Thread-132 (process_request_thread) - INFO - sqlalchemy.engine.Engine - SELECT settings.id AS settings_id, settings."key" AS settings_key, settings.value AS settings_value 
FROM settings 
WHERE settings."key" = ?
 LIMIT ? OFFSET ? (base.py:1846)
2025-10-07 22:42:07,544 - MainProcess - Thread-132 (process_request_thread) - INFO - sqlalchemy.engine.Engine - [cached since 5.142e+05s ago] ('api_key', 1, 0) (base.py:1846)
2025-10-07 22:42:07,546 - MainProcess - Thread-132 (process_request_thread) - INFO - werkzeug - 127.0.0.1 - - [07/Oct/2025 22:42:07] "GET /api/ui_state HTTP/1.1" 200 - (_internal.py:97)
2025-10-07 22:42:08,546 - MainProcess - Thread-133 (process_request_thread) - INFO - sqlalchemy.engine.Engine - SELECT settings.id AS settings_id, settings."key" AS settings_key, settings.value AS settings_value 
FROM settings 
WHERE settings."key" = ?
 LIMIT ? OFFSET ? (base.py:1846)
2025-10-07 22:42:08,547 - MainProcess - Thread-133 (process_request_thread) - INFO - sqlalchemy.engine.Engine - [cached since 5.142e+05s ago] ('api_key', 1, 0) (base.py:1846)
2025-10-07 22:42:08,549 - MainProcess - Thread-133 (process_request_thread) - INFO - werkzeug - 127.0.0.1 - - [07/Oct/2025 22:42:08] "GET /api/ui_state HTTP/1.1" 200 - (_internal.py:97)
2025-10-07 22:42:09,942 - MainProcess - Thread-134 (process_request_thread) - INFO - sqlalchemy.engine.Engine - SELECT settings.id AS settings_id, settings."key" AS settings_key, settings.value AS settings_value 
FROM settings 
WHERE settings."key" = ?
 LIMIT ? OFFSET ? (base.py:1846)
2025-10-07 22:42:09,943 - MainProcess - Thread-134 (process_request_thread) - INFO - sqlalchemy.engine.Engine - [cached since 5.142e+05s ago] ('api_key', 1, 0) (base.py:1846)
2025-10-07 22:42:09,944 - MainProcess - Thread-134 (process_request_thread) - INFO - werkzeug - 127.0.0.1 - - [07/Oct/2025 22:42:09] "GET /api/ui_state HTTP/1.1" 200 - (_internal.py:97)
2025-10-07 22:42:10,543 - MainProcess - Thread-135 (process_request_thread) - INFO - sqlalchemy.engine.Engine - SELECT settings.id AS settings_id, settings."key" AS settings_key, settings.value AS settings_value 
FROM settings 
WHERE settings."key" = ?
 LIMIT ? OFFSET ? (base.py:1846)
2025-10-07 22:42:10,545 - MainProcess - Thread-135 (process_request_thread) - INFO - sqlalchemy.engine.Engine - [cached since 5.142e+05s ago] ('api_key', 1, 0) (base.py:1846)
2025-10-07 22:42:10,547 - MainProcess - Thread-135 (process_request_thread) - INFO - werkzeug - 127.0.0.1 - - [07/Oct/2025 22:42:10] "GET /api/ui_state HTTP/1.1" 200 - (_internal.py:97)
2025-10-07 22:42:11,552 - MainProcess - Thread-136 (process_request_thread) - INFO - sqlalchemy.engine.Engine - SELECT settings.id AS settings_id, settings."key" AS settings_key, settings.value AS settings_value 
FROM settings 
WHERE settings."key" = ?
 LIMIT ? OFFSET ? (base.py:1846)
2025-10-07 22:42:11,553 - MainProcess - Thread-136 (process_request_thread) - INFO - sqlalchemy.engine.Engine - [cached since 5.142e+05s ago] ('api_key', 1, 0) (base.py:1846)
2025-10-07 22:42:11,554 - MainProcess - Thread-136 (process_request_thread) - INFO - werkzeug - 127.0.0.1 - - [07/Oct/2025 22:42:11] "GET /api/ui_state HTTP/1.1" 200 - (_internal.py:97)
2025-10-07 22:42:12,556 - MainProcess - Thread-137 (process_request_thread) - INFO - sqlalchemy.engine.Engine - SELECT settings.id AS settings_id, settings."key" AS settings_key, settings.value AS settings_value 
FROM settings 
WHERE settings."key" = ?
 LIMIT ? OFFSET ? (base.py:1846)
2025-10-07 22:42:12,557 - MainProcess - Thread-137 (process_request_thread) - INFO - sqlalchemy.engine.Engine - [cached since 5.142e+05s ago] ('api_key', 1, 0) (base.py:1846)
2025-10-07 22:42:12,560 - MainProcess - Thread-137 (process_request_thread) - INFO - werkzeug - 127.0.0.1 - - [07/Oct/2025 22:42:12] "GET /api/ui_state HTTP/1.1" 200 - (_internal.py:97)
2025-10-07 22:42:13,553 - MainProcess - Thread-138 (process_request_thread) - INFO - sqlalchemy.engine.Engine - SELECT settings.id AS settings_id, settings."key" AS settings_key, settings.value AS settings_value 
FROM settings 
WHERE settings."key" = ?
 LIMIT ? OFFSET ? (base.py:1846)
2025-10-07 22:42:13,554 - MainProcess - Thread-138 (process_request_thread) - INFO - sqlalchemy.engine.Engine - [cached since 5.142e+05s ago] ('api_key', 1, 0) (base.py:1846)
2025-10-07 22:42:13,557 - MainProcess - Thread-138 (process_request_thread) - INFO - werkzeug - 127.0.0.1 - - [07/Oct/2025 22:42:13] "GET /api/ui_state HTTP/1.1" 200 - (_internal.py:97)
2025-10-07 22:42:14,541 - MainProcess - Thread-139 (process_request_thread) - INFO - sqlalchemy.engine.Engine - SELECT settings.id AS settings_id, settings."key" AS settings_key, settings.value AS settings_value 
FROM settings 
WHERE settings."key" = ?
 LIMIT ? OFFSET ? (base.py:1846)
2025-10-07 22:42:14,542 - MainProcess - Thread-139 (process_request_thread) - INFO - sqlalchemy.engine.Engine - [cached since 5.142e+05s ago] ('api_key', 1, 0) (base.py:1846)
2025-10-07 22:42:14,546 - MainProcess - Thread-139 (process_request_thread) - INFO - werkzeug - 127.0.0.1 - - [07/Oct/2025 22:42:14] "GET /api/ui_state HTTP/1.1" 200 - (_internal.py:97)
2025-10-07 22:42:15,558 - MainProcess - Thread-140 (process_request_thread) - INFO - sqlalchemy.engine.Engine - SELECT settings.id AS settings_id, settings."key" AS settings_key, settings.value AS settings_value 
FROM settings 
WHERE settings."key" = ?
 LIMIT ? OFFSET ? (base.py:1846)
2025-10-07 22:42:15,561 - MainProcess - Thread-140 (process_request_thread) - INFO - sqlalchemy.engine.Engine - [cached since 5.142e+05s ago] ('api_key', 1, 0) (base.py:1846)
2025-10-07 22:42:15,565 - MainProcess - Thread-140 (process_request_thread) - INFO - werkzeug - 127.0.0.1 - - [07/Oct/2025 22:42:15] "GET /api/ui_state HTTP/1.1" 200 - (_internal.py:97)
2025-10-07 22:42:16,552 - MainProcess - Thread-141 (process_request_thread) - INFO - sqlalchemy.engine.Engine - SELECT settings.id AS settings_id, settings."key" AS settings_key, settings.value AS settings_value 
FROM settings 
WHERE settings."key" = ?
 LIMIT ? OFFSET ? (base.py:1846)
2025-10-07 22:42:16,554 - MainProcess - Thread-141 (process_request_thread) - INFO - sqlalchemy.engine.Engine - [cached since 5.142e+05s ago] ('api_key', 1, 0) (base.py:1846)
2025-10-07 22:42:16,557 - MainProcess - Thread-141 (process_request_thread) - INFO - werkzeug - 127.0.0.1 - - [07/Oct/2025 22:42:16] "GET /api/ui_state HTTP/1.1" 200 - (_internal.py:97)
2025-10-07 22:42:17,546 - MainProcess - Thread-142 (process_request_thread) - INFO - sqlalchemy.engine.Engine - SELECT settings.id AS settings_id, settings."key" AS settings_key, settings.value AS settings_value 
FROM settings 
WHERE settings."key" = ?
 LIMIT ? OFFSET ? (base.py:1846)
2025-10-07 22:42:17,550 - MainProcess - Thread-142 (process_request_thread) - INFO - sqlalchemy.engine.Engine - [cached since 5.142e+05s ago] ('api_key', 1, 0) (base.py:1846)
2025-10-07 22:42:17,553 - MainProcess - Thread-142 (process_request_thread) - INFO - werkzeug - 127.0.0.1 - - [07/Oct/2025 22:42:17] "GET /api/ui_state HTTP/1.1" 200 - (_internal.py:97)
2025-10-07 22:42:18,543 - MainProcess - Thread-143 (process_request_thread) - INFO - sqlalchemy.engine.Engine - SELECT settings.id AS settings_id, settings."key" AS settings_key, settings.value AS settings_value 
FROM settings 
WHERE settings."key" = ?
 LIMIT ? OFFSET ? (base.py:1846)
2025-10-07 22:42:18,545 - MainProcess - Thread-143 (process_request_thread) - INFO - sqlalchemy.engine.Engine - [cached since 5.142e+05s ago] ('api_key', 1, 0) (base.py:1846)
2025-10-07 22:42:18,548 - MainProcess - Thread-143 (process_request_thread) - INFO - werkzeug - 127.0.0.1 - - [07/Oct/2025 22:42:18] "GET /api/ui_state HTTP/1.1" 200 - (_internal.py:97)
2025-10-07 22:42:19,549 - MainProcess - Thread-144 (process_request_thread) - INFO - sqlalchemy.engine.Engine - SELECT settings.id AS settings_id, settings."key" AS settings_key, settings.value AS settings_value 
FROM settings 
WHERE settings."key" = ?
 LIMIT ? OFFSET ? (base.py:1846)
2025-10-07 22:42:19,550 - MainProcess - Thread-144 (process_request_thread) - INFO - sqlalchemy.engine.Engine - [cached since 5.142e+05s ago] ('api_key', 1, 0) (base.py:1846)
2025-10-07 22:42:19,554 - MainProcess - Thread-144 (process_request_thread) - INFO - werkzeug - 127.0.0.1 - - [07/Oct/2025 22:42:19] "GET /api/ui_state HTTP/1.1" 200 - (_internal.py:97)
2025-10-07 22:42:20,556 - MainProcess - Thread-145 (process_request_thread) - INFO - sqlalchemy.engine.Engine - SELECT settings.id AS settings_id, settings."key" AS settings_key, settings.value AS settings_value 
FROM settings 
WHERE settings."key" = ?
 LIMIT ? OFFSET ? (base.py:1846)
2025-10-07 22:42:20,563 - MainProcess - Thread-145 (process_request_thread) - INFO - sqlalchemy.engine.Engine - [cached since 5.142e+05s ago] ('api_key', 1, 0) (base.py:1846)
2025-10-07 22:42:20,570 - MainProcess - Thread-145 (process_request_thread) - INFO - werkzeug - 127.0.0.1 - - [07/Oct/2025 22:42:20] "GET /api/ui_state HTTP/1.1" 200 - (_internal.py:97)
2025-10-07 22:42:21,545 - MainProcess - Thread-146 (process_request_thread) - INFO - sqlalchemy.engine.Engine - SELECT settings.id AS settings_id, settings."key" AS settings_key, settings.value AS settings_value 
FROM settings 
WHERE settings."key" = ?
 LIMIT ? OFFSET ? (base.py:1846)
2025-10-07 22:42:21,546 - MainProcess - Thread-146 (process_request_thread) - INFO - sqlalchemy.engine.Engine - [cached since 5.142e+05s ago] ('api_key', 1, 0) (base.py:1846)
2025-10-07 22:42:21,548 - MainProcess - Thread-146 (process_request_thread) - INFO - werkzeug - 127.0.0.1 - - [07/Oct/2025 22:42:21] "GET /api/ui_state HTTP/1.1" 200 - (_internal.py:97)
2025-10-07 22:42:22,545 - MainProcess - Thread-147 (process_request_thread) - INFO - sqlalchemy.engine.Engine - SELECT settings.id AS settings_id, settings."key" AS settings_key, settings.value AS settings_value 
FROM settings 
WHERE settings."key" = ?
 LIMIT ? OFFSET ? (base.py:1846)
2025-10-07 22:42:22,548 - MainProcess - Thread-147 (process_request_thread) - INFO - sqlalchemy.engine.Engine - [cached since 5.142e+05s ago] ('api_key', 1, 0) (base.py:1846)
2025-10-07 22:42:22,555 - MainProcess - Thread-147 (process_request_thread) - INFO - werkzeug - 127.0.0.1 - - [07/Oct/2025 22:42:22] "GET /api/ui_state HTTP/1.1" 200 - (_internal.py:97)
2025-10-07 22:42:23,545 - MainProcess - Thread-148 (process_request_thread) - INFO - sqlalchemy.engine.Engine - SELECT settings.id AS settings_id, settings."key" AS settings_key, settings.value AS settings_value 
FROM settings 
WHERE settings."key" = ?
 LIMIT ? OFFSET ? (base.py:1846)
2025-10-07 22:42:23,546 - MainProcess - Thread-148 (process_request_thread) - INFO - sqlalchemy.engine.Engine - [cached since 5.142e+05s ago] ('api_key', 1, 0) (base.py:1846)
2025-10-07 22:42:23,549 - MainProcess - Thread-148 (process_request_thread) - INFO - werkzeug - 127.0.0.1 - - [07/Oct/2025 22:42:23] "GET /api/ui_state HTTP/1.1" 200 - (_internal.py:97)
2025-10-07 22:42:24,547 - MainProcess - Thread-149 (process_request_thread) - INFO - sqlalchemy.engine.Engine - SELECT settings.id AS settings_id, settings."key" AS settings_key, settings.value AS settings_value 
FROM settings 
WHERE settings."key" = ?
 LIMIT ? OFFSET ? (base.py:1846)
2025-10-07 22:42:24,549 - MainProcess - Thread-149 (process_request_thread) - INFO - sqlalchemy.engine.Engine - [cached since 5.142e+05s ago] ('api_key', 1, 0) (base.py:1846)
2025-10-07 22:42:24,553 - MainProcess - Thread-149 (process_request_thread) - INFO - werkzeug - 127.0.0.1 - - [07/Oct/2025 22:42:24] "GET /api/ui_state HTTP/1.1" 200 - (_internal.py:97)
2025-10-07 22:42:25,557 - MainProcess - Thread-150 (process_request_thread) - INFO - sqlalchemy.engine.Engine - SELECT settings.id AS settings_id, settings."key" AS settings_key, settings.value AS settings_value 
FROM settings 
WHERE settings."key" = ?
 LIMIT ? OFFSET ? (base.py:1846)
2025-10-07 22:42:25,561 - MainProcess - Thread-150 (process_request_thread) - INFO - sqlalchemy.engine.Engine - [cached since 5.142e+05s ago] ('api_key', 1, 0) (base.py:1846)
2025-10-07 22:42:25,565 - MainProcess - Thread-150 (process_request_thread) - INFO - werkzeug - 127.0.0.1 - - [07/Oct/2025 22:42:25] "GET /api/ui_state HTTP/1.1" 200 - (_internal.py:97)
2025-10-07 22:42:26,546 - MainProcess - Thread-151 (process_request_thread) - INFO - sqlalchemy.engine.Engine - SELECT settings.id AS settings_id, settings."key" AS settings_key, settings.value AS settings_value 
FROM settings 
WHERE settings."key" = ?
 LIMIT ? OFFSET ? (base.py:1846)
2025-10-07 22:42:26,548 - MainProcess - Thread-151 (process_request_thread) - INFO - sqlalchemy.engine.Engine - [cached since 5.142e+05s ago] ('api_key', 1, 0) (base.py:1846)
2025-10-07 22:42:26,551 - MainProcess - Thread-151 (process_request_thread) - INFO - werkzeug - 127.0.0.1 - - [07/Oct/2025 22:42:26] "GET /api/ui_state HTTP/1.1" 200 - (_internal.py:97)
2025-10-07 22:42:27,541 - MainProcess - Thread-152 (process_request_thread) - INFO - sqlalchemy.engine.Engine - SELECT settings.id AS settings_id, settings."key" AS settings_key, settings.value AS settings_value 
FROM settings 
WHERE settings."key" = ?
 LIMIT ? OFFSET ? (base.py:1846)
2025-10-07 22:42:27,542 - MainProcess - Thread-152 (process_request_thread) - INFO - sqlalchemy.engine.Engine - [cached since 5.142e+05s ago] ('api_key', 1, 0) (base.py:1846)
2025-10-07 22:42:27,544 - MainProcess - Thread-152 (process_request_thread) - INFO - werkzeug - 127.0.0.1 - - [07/Oct/2025 22:42:27] "GET /api/ui_state HTTP/1.1" 200 - (_internal.py:97)
2025-10-07 22:42:28,548 - MainProcess - Thread-153 (process_request_thread) - INFO - sqlalchemy.engine.Engine - SELECT settings.id AS settings_id, settings."key" AS settings_key, settings.value AS settings_value 
FROM settings 
WHERE settings."key" = ?
 LIMIT ? OFFSET ? (base.py:1846)
2025-10-07 22:42:28,550 - MainProcess - Thread-153 (process_request_thread) - INFO - sqlalchemy.engine.Engine - [cached since 5.142e+05s ago] ('api_key', 1, 0) (base.py:1846)
2025-10-07 22:42:28,553 - MainProcess - Thread-153 (process_request_thread) - INFO - werkzeug - 127.0.0.1 - - [07/Oct/2025 22:42:28] "GET /api/ui_state HTTP/1.1" 200 - (_internal.py:97)
2025-10-07 22:42:29,557 - MainProcess - Thread-154 (process_request_thread) - INFO - sqlalchemy.engine.Engine - SELECT settings.id AS settings_id, settings."key" AS settings_key, settings.value AS settings_value 
FROM settings 
WHERE settings."key" = ?
 LIMIT ? OFFSET ? (base.py:1846)
2025-10-07 22:42:29,558 - MainProcess - Thread-154 (process_request_thread) - INFO - sqlalchemy.engine.Engine - [cached since 5.142e+05s ago] ('api_key', 1, 0) (base.py:1846)
2025-10-07 22:42:29,563 - MainProcess - Thread-154 (process_request_thread) - INFO - werkzeug - 127.0.0.1 - - [07/Oct/2025 22:42:29] "GET /api/ui_state HTTP/1.1" 200 - (_internal.py:97)
2025-10-07 22:42:30,550 - MainProcess - Thread-155 (process_request_thread) - INFO - sqlalchemy.engine.Engine - SELECT settings.id AS settings_id, settings."key" AS settings_key, settings.value AS settings_value 
FROM settings 
WHERE settings."key" = ?
 LIMIT ? OFFSET ? (base.py:1846)
2025-10-07 22:42:30,554 - MainProcess - Thread-155 (process_request_thread) - INFO - sqlalchemy.engine.Engine - [cached since 5.142e+05s ago] ('api_key', 1, 0) (base.py:1846)
2025-10-07 22:42:30,556 - MainProcess - Thread-155 (process_request_thread) - INFO - werkzeug - 127.0.0.1 - - [07/Oct/2025 22:42:30] "GET /api/ui_state HTTP/1.1" 200 - (_internal.py:97)
2025-10-07 22:42:31,546 - MainProcess - Thread-156 (process_request_thread) - INFO - sqlalchemy.engine.Engine - SELECT settings.id AS settings_id, settings."key" AS settings_key, settings.value AS settings_value 
FROM settings 
WHERE settings."key" = ?
 LIMIT ? OFFSET ? (base.py:1846)
2025-10-07 22:42:31,548 - MainProcess - Thread-156 (process_request_thread) - INFO - sqlalchemy.engine.Engine - [cached since 5.142e+05s ago] ('api_key', 1, 0) (base.py:1846)
2025-10-07 22:42:31,550 - MainProcess - Thread-156 (process_request_thread) - INFO - werkzeug - 127.0.0.1 - - [07/Oct/2025 22:42:31] "GET /api/ui_state HTTP/1.1" 200 - (_internal.py:97)
2025-10-07 22:42:32,555 - MainProcess - Thread-157 (process_request_thread) - INFO - sqlalchemy.engine.Engine - SELECT settings.id AS settings_id, settings."key" AS settings_key, settings.value AS settings_value 
FROM settings 
WHERE settings."key" = ?
 LIMIT ? OFFSET ? (base.py:1846)
2025-10-07 22:42:32,556 - MainProcess - Thread-157 (process_request_thread) - INFO - sqlalchemy.engine.Engine - [cached since 5.142e+05s ago] ('api_key', 1, 0) (base.py:1846)
2025-10-07 22:42:32,558 - MainProcess - Thread-157 (process_request_thread) - INFO - werkzeug - 127.0.0.1 - - [07/Oct/2025 22:42:32] "GET /api/ui_state HTTP/1.1" 200 - (_internal.py:97)
2025-10-07 22:42:33,552 - MainProcess - Thread-158 (process_request_thread) - INFO - sqlalchemy.engine.Engine - SELECT settings.id AS settings_id, settings."key" AS settings_key, settings.value AS settings_value 
FROM settings 
WHERE settings."key" = ?
 LIMIT ? OFFSET ? (base.py:1846)
2025-10-07 22:42:33,554 - MainProcess - Thread-158 (process_request_thread) - INFO - sqlalchemy.engine.Engine - [cached since 5.142e+05s ago] ('api_key', 1, 0) (base.py:1846)
2025-10-07 22:42:33,557 - MainProcess - Thread-158 (process_request_thread) - INFO - werkzeug - 127.0.0.1 - - [07/Oct/2025 22:42:33] "GET /api/ui_state HTTP/1.1" 200 - (_internal.py:97)
2025-10-07 22:42:34,552 - MainProcess - Thread-159 (process_request_thread) - INFO - sqlalchemy.engine.Engine - SELECT settings.id AS settings_id, settings."key" AS settings_key, settings.value AS settings_value 
FROM settings 
WHERE settings."key" = ?
 LIMIT ? OFFSET ? (base.py:1846)
2025-10-07 22:42:34,554 - MainProcess - Thread-159 (process_request_thread) - INFO - sqlalchemy.engine.Engine - [cached since 5.142e+05s ago] ('api_key', 1, 0) (base.py:1846)
2025-10-07 22:42:34,557 - MainProcess - Thread-159 (process_request_thread) - INFO - werkzeug - 127.0.0.1 - - [07/Oct/2025 22:42:34] "GET /api/ui_state HTTP/1.1" 200 - (_internal.py:97)
2025-10-07 22:42:35,549 - MainProcess - Thread-160 (process_request_thread) - INFO - sqlalchemy.engine.Engine - SELECT settings.id AS settings_id, settings."key" AS settings_key, settings.value AS settings_value 
FROM settings 
WHERE settings."key" = ?
 LIMIT ? OFFSET ? (base.py:1846)
2025-10-07 22:42:35,551 - MainProcess - Thread-160 (process_request_thread) - INFO - sqlalchemy.engine.Engine - [cached since 5.142e+05s ago] ('api_key', 1, 0) (base.py:1846)
2025-10-07 22:42:35,553 - MainProcess - Thread-160 (process_request_thread) - INFO - werkzeug - 127.0.0.1 - - [07/Oct/2025 22:42:35] "GET /api/ui_state HTTP/1.1" 200 - (_internal.py:97)
2025-10-07 22:42:36,542 - MainProcess - Thread-161 (process_request_thread) - INFO - sqlalchemy.engine.Engine - SELECT settings.id AS settings_id, settings."key" AS settings_key, settings.value AS settings_value 
FROM settings 
WHERE settings."key" = ?
 LIMIT ? OFFSET ? (base.py:1846)
2025-10-07 22:42:36,543 - MainProcess - Thread-161 (process_request_thread) - INFO - sqlalchemy.engine.Engine - [cached since 5.142e+05s ago] ('api_key', 1, 0) (base.py:1846)
2025-10-07 22:42:36,546 - MainProcess - Thread-161 (process_request_thread) - INFO - werkzeug - 127.0.0.1 - - [07/Oct/2025 22:42:36] "GET /api/ui_state HTTP/1.1" 200 - (_internal.py:97)
2025-10-07 22:42:37,559 - MainProcess - Thread-162 (process_request_thread) - INFO - sqlalchemy.engine.Engine - SELECT settings.id AS settings_id, settings."key" AS settings_key, settings.value AS settings_value 
FROM settings 
WHERE settings."key" = ?
 LIMIT ? OFFSET ? (base.py:1846)
2025-10-07 22:42:37,561 - MainProcess - Thread-162 (process_request_thread) - INFO - sqlalchemy.engine.Engine - [cached since 5.142e+05s ago] ('api_key', 1, 0) (base.py:1846)
2025-10-07 22:42:37,564 - MainProcess - Thread-162 (process_request_thread) - INFO - werkzeug - 127.0.0.1 - - [07/Oct/2025 22:42:37] "GET /api/ui_state HTTP/1.1" 200 - (_internal.py:97)
2025-10-07 22:42:38,547 - MainProcess - Thread-163 (process_request_thread) - INFO - sqlalchemy.engine.Engine - SELECT settings.id AS settings_id, settings."key" AS settings_key, settings.value AS settings_value 
FROM settings 
WHERE settings."key" = ?
 LIMIT ? OFFSET ? (base.py:1846)
2025-10-07 22:42:38,549 - MainProcess - Thread-163 (process_request_thread) - INFO - sqlalchemy.engine.Engine - [cached since 5.142e+05s ago] ('api_key', 1, 0) (base.py:1846)
2025-10-07 22:42:38,551 - MainProcess - Thread-163 (process_request_thread) - INFO - werkzeug - 127.0.0.1 - - [07/Oct/2025 22:42:38] "GET /api/ui_state HTTP/1.1" 200 - (_internal.py:97)
2025-10-07 22:42:39,540 - MainProcess - Thread-164 (process_request_thread) - INFO - sqlalchemy.engine.Engine - SELECT settings.id AS settings_id, settings."key" AS settings_key, settings.value AS settings_value 
FROM settings 
WHERE settings."key" = ?
 LIMIT ? OFFSET ? (base.py:1846)
2025-10-07 22:42:39,541 - MainProcess - Thread-164 (process_request_thread) - INFO - sqlalchemy.engine.Engine - [cached since 5.142e+05s ago] ('api_key', 1, 0) (base.py:1846)
2025-10-07 22:42:39,543 - MainProcess - Thread-164 (process_request_thread) - INFO - werkzeug - 127.0.0.1 - - [07/Oct/2025 22:42:39] "GET /api/ui_state HTTP/1.1" 200 - (_internal.py:97)
2025-10-07 22:42:40,548 - MainProcess - Thread-165 (process_request_thread) - INFO - sqlalchemy.engine.Engine - SELECT settings.id AS settings_id, settings."key" AS settings_key, settings.value AS settings_value 
FROM settings 
WHERE settings."key" = ?
 LIMIT ? OFFSET ? (base.py:1846)
2025-10-07 22:42:40,550 - MainProcess - Thread-165 (process_request_thread) - INFO - sqlalchemy.engine.Engine - [cached since 5.142e+05s ago] ('api_key', 1, 0) (base.py:1846)
2025-10-07 22:42:40,553 - MainProcess - Thread-165 (process_request_thread) - INFO - werkzeug - 127.0.0.1 - - [07/Oct/2025 22:42:40] "GET /api/ui_state HTTP/1.1" 200 - (_internal.py:97)
2025-10-07 22:42:41,552 - MainProcess - Thread-166 (process_request_thread) - INFO - sqlalchemy.engine.Engine - SELECT settings.id AS settings_id, settings."key" AS settings_key, settings.value AS settings_value 
FROM settings 
WHERE settings."key" = ?
 LIMIT ? OFFSET ? (base.py:1846)
2025-10-07 22:42:41,553 - MainProcess - Thread-166 (process_request_thread) - INFO - sqlalchemy.engine.Engine - [cached since 5.142e+05s ago] ('api_key', 1, 0) (base.py:1846)
2025-10-07 22:42:41,555 - MainProcess - Thread-166 (process_request_thread) - INFO - werkzeug - 127.0.0.1 - - [07/Oct/2025 22:42:41] "GET /api/ui_state HTTP/1.1" 200 - (_internal.py:97)
2025-10-07 22:42:42,546 - MainProcess - Thread-167 (process_request_thread) - INFO - sqlalchemy.engine.Engine - SELECT settings.id AS settings_id, settings."key" AS settings_key, settings.value AS settings_value 
FROM settings 
WHERE settings."key" = ?
 LIMIT ? OFFSET ? (base.py:1846)
2025-10-07 22:42:42,547 - MainProcess - Thread-167 (process_request_thread) - INFO - sqlalchemy.engine.Engine - [cached since 5.142e+05s ago] ('api_key', 1, 0) (base.py:1846)
2025-10-07 22:42:42,549 - MainProcess - Thread-167 (process_request_thread) - INFO - werkzeug - 127.0.0.1 - - [07/Oct/2025 22:42:42] "GET /api/ui_state HTTP/1.1" 200 - (_internal.py:97)
2025-10-07 22:42:43,547 - MainProcess - Thread-168 (process_request_thread) - INFO - sqlalchemy.engine.Engine - SELECT settings.id AS settings_id, settings."key" AS settings_key, settings.value AS settings_value 
FROM settings 
WHERE settings."key" = ?
 LIMIT ? OFFSET ? (base.py:1846)
2025-10-07 22:42:43,548 - MainProcess - Thread-168 (process_request_thread) - INFO - sqlalchemy.engine.Engine - [cached since 5.142e+05s ago] ('api_key', 1, 0) (base.py:1846)
2025-10-07 22:42:43,550 - MainProcess - Thread-168 (process_request_thread) - INFO - werkzeug - 127.0.0.1 - - [07/Oct/2025 22:42:43] "GET /api/ui_state HTTP/1.1" 200 - (_internal.py:97)
2025-10-07 22:42:44,545 - MainProcess - Thread-169 (process_request_thread) - INFO - sqlalchemy.engine.Engine - SELECT settings.id AS settings_id, settings."key" AS settings_key, settings.value AS settings_value 
FROM settings 
WHERE settings."key" = ?
 LIMIT ? OFFSET ? (base.py:1846)
2025-10-07 22:42:44,546 - MainProcess - Thread-169 (process_request_thread) - INFO - sqlalchemy.engine.Engine - [cached since 5.142e+05s ago] ('api_key', 1, 0) (base.py:1846)
2025-10-07 22:42:44,549 - MainProcess - Thread-169 (process_request_thread) - INFO - werkzeug - 127.0.0.1 - - [07/Oct/2025 22:42:44] "GET /api/ui_state HTTP/1.1" 200 - (_internal.py:97)
2025-10-07 22:42:45,551 - MainProcess - Thread-170 (process_request_thread) - INFO - sqlalchemy.engine.Engine - SELECT settings.id AS settings_id, settings."key" AS settings_key, settings.value AS settings_value 
FROM settings 
WHERE settings."key" = ?
 LIMIT ? OFFSET ? (base.py:1846)
2025-10-07 22:42:45,552 - MainProcess - Thread-170 (process_request_thread) - INFO - sqlalchemy.engine.Engine - [cached since 5.142e+05s ago] ('api_key', 1, 0) (base.py:1846)
2025-10-07 22:42:45,554 - MainProcess - Thread-170 (process_request_thread) - INFO - werkzeug - 127.0.0.1 - - [07/Oct/2025 22:42:45] "GET /api/ui_state HTTP/1.1" 200 - (_internal.py:97)
2025-10-07 22:42:46,553 - MainProcess - Thread-171 (process_request_thread) - INFO - sqlalchemy.engine.Engine - SELECT settings.id AS settings_id, settings."key" AS settings_key, settings.value AS settings_value 
FROM settings 
WHERE settings."key" = ?
 LIMIT ? OFFSET ? (base.py:1846)
2025-10-07 22:42:46,555 - MainProcess - Thread-171 (process_request_thread) - INFO - sqlalchemy.engine.Engine - [cached since 5.142e+05s ago] ('api_key', 1, 0) (base.py:1846)
2025-10-07 22:42:46,558 - MainProcess - Thread-171 (process_request_thread) - INFO - werkzeug - 127.0.0.1 - - [07/Oct/2025 22:42:46] "GET /api/ui_state HTTP/1.1" 200 - (_internal.py:97)
2025-10-07 22:42:47,550 - MainProcess - Thread-172 (process_request_thread) - INFO - sqlalchemy.engine.Engine - SELECT settings.id AS settings_id, settings."key" AS settings_key, settings.value AS settings_value 
FROM settings 
WHERE settings."key" = ?
 LIMIT ? OFFSET ? (base.py:1846)
2025-10-07 22:42:47,551 - MainProcess - Thread-172 (process_request_thread) - INFO - sqlalchemy.engine.Engine - [cached since 5.142e+05s ago] ('api_key', 1, 0) (base.py:1846)
2025-10-07 22:42:47,553 - MainProcess - Thread-172 (process_request_thread) - INFO - werkzeug - 127.0.0.1 - - [07/Oct/2025 22:42:47] "GET /api/ui_state HTTP/1.1" 200 - (_internal.py:97)
2025-10-07 22:42:48,550 - MainProcess - Thread-173 (process_request_thread) - INFO - sqlalchemy.engine.Engine - SELECT settings.id AS settings_id, settings."key" AS settings_key, settings.value AS settings_value 
FROM settings 
WHERE settings."key" = ?
 LIMIT ? OFFSET ? (base.py:1846)
2025-10-07 22:42:48,552 - MainProcess - Thread-173 (process_request_thread) - INFO - sqlalchemy.engine.Engine - [cached since 5.142e+05s ago] ('api_key', 1, 0) (base.py:1846)
2025-10-07 22:42:48,554 - MainProcess - Thread-173 (process_request_thread) - INFO - werkzeug - 127.0.0.1 - - [07/Oct/2025 22:42:48] "GET /api/ui_state HTTP/1.1" 200 - (_internal.py:97)
2025-10-07 22:42:49,550 - MainProcess - Thread-174 (process_request_thread) - INFO - sqlalchemy.engine.Engine - SELECT settings.id AS settings_id, settings."key" AS settings_key, settings.value AS settings_value 
FROM settings 
WHERE settings."key" = ?
 LIMIT ? OFFSET ? (base.py:1846)
2025-10-07 22:42:49,552 - MainProcess - Thread-174 (process_request_thread) - INFO - sqlalchemy.engine.Engine - [cached since 5.142e+05s ago] ('api_key', 1, 0) (base.py:1846)
2025-10-07 22:42:49,554 - MainProcess - Thread-174 (process_request_thread) - INFO - werkzeug - 127.0.0.1 - - [07/Oct/2025 22:42:49] "GET /api/ui_state HTTP/1.1" 200 - (_internal.py:97)
2025-10-07 22:42:50,548 - MainProcess - Thread-175 (process_request_thread) - INFO - sqlalchemy.engine.Engine - SELECT settings.id AS settings_id, settings."key" AS settings_key, settings.value AS settings_value 
FROM settings 
WHERE settings."key" = ?
 LIMIT ? OFFSET ? (base.py:1846)
2025-10-07 22:42:50,549 - MainProcess - Thread-175 (process_request_thread) - INFO - sqlalchemy.engine.Engine - [cached since 5.142e+05s ago] ('api_key', 1, 0) (base.py:1846)
2025-10-07 22:42:50,551 - MainProcess - Thread-175 (process_request_thread) - INFO - werkzeug - 127.0.0.1 - - [07/Oct/2025 22:42:50] "GET /api/ui_state HTTP/1.1" 200 - (_internal.py:97)
2025-10-07 22:42:51,546 - MainProcess - Thread-176 (process_request_thread) - INFO - sqlalchemy.engine.Engine - SELECT settings.id AS settings_id, settings."key" AS settings_key, settings.value AS settings_value 
FROM settings 
WHERE settings."key" = ?
 LIMIT ? OFFSET ? (base.py:1846)
2025-10-07 22:42:51,547 - MainProcess - Thread-176 (process_request_thread) - INFO - sqlalchemy.engine.Engine - [cached since 5.142e+05s ago] ('api_key', 1, 0) (base.py:1846)
2025-10-07 22:42:51,550 - MainProcess - Thread-176 (process_request_thread) - INFO - werkzeug - 127.0.0.1 - - [07/Oct/2025 22:42:51] "GET /api/ui_state HTTP/1.1" 200 - (_internal.py:97)
2025-10-07 22:42:52,541 - MainProcess - Thread-177 (process_request_thread) - INFO - sqlalchemy.engine.Engine - SELECT settings.id AS settings_id, settings."key" AS settings_key, settings.value AS settings_value 
FROM settings 
WHERE settings."key" = ?
 LIMIT ? OFFSET ? (base.py:1846)
2025-10-07 22:42:52,542 - MainProcess - Thread-177 (process_request_thread) - INFO - sqlalchemy.engine.Engine - [cached since 5.142e+05s ago] ('api_key', 1, 0) (base.py:1846)
2025-10-07 22:42:52,545 - MainProcess - Thread-177 (process_request_thread) - INFO - werkzeug - 127.0.0.1 - - [07/Oct/2025 22:42:52] "GET /api/ui_state HTTP/1.1" 200 - (_internal.py:97)
2025-10-07 22:42:53,546 - MainProcess - Thread-178 (process_request_thread) - INFO - sqlalchemy.engine.Engine - SELECT settings.id AS settings_id, settings."key" AS settings_key, settings.value AS settings_value 
FROM settings 
WHERE settings."key" = ?
 LIMIT ? OFFSET ? (base.py:1846)
2025-10-07 22:42:53,548 - MainProcess - Thread-178 (process_request_thread) - INFO - sqlalchemy.engine.Engine - [cached since 5.142e+05s ago] ('api_key', 1, 0) (base.py:1846)
2025-10-07 22:42:53,550 - MainProcess - Thread-178 (process_request_thread) - INFO - werkzeug - 127.0.0.1 - - [07/Oct/2025 22:42:53] "GET /api/ui_state HTTP/1.1" 200 - (_internal.py:97)
2025-10-07 22:42:54,548 - MainProcess - Thread-179 (process_request_thread) - INFO - sqlalchemy.engine.Engine - SELECT settings.id AS settings_id, settings."key" AS settings_key, settings.value AS settings_value 
FROM settings 
WHERE settings."key" = ?
 LIMIT ? OFFSET ? (base.py:1846)
2025-10-07 22:42:54,549 - MainProcess - Thread-179 (process_request_thread) - INFO - sqlalchemy.engine.Engine - [cached since 5.142e+05s ago] ('api_key', 1, 0) (base.py:1846)
2025-10-07 22:42:54,551 - MainProcess - Thread-179 (process_request_thread) - INFO - werkzeug - 127.0.0.1 - - [07/Oct/2025 22:42:54] "GET /api/ui_state HTTP/1.1" 200 - (_internal.py:97)
2025-10-07 22:42:55,545 - MainProcess - Thread-180 (process_request_thread) - INFO - sqlalchemy.engine.Engine - SELECT settings.id AS settings_id, settings."key" AS settings_key, settings.value AS settings_value 
FROM settings 
WHERE settings."key" = ?
 LIMIT ? OFFSET ? (base.py:1846)
2025-10-07 22:42:55,546 - MainProcess - Thread-180 (process_request_thread) - INFO - sqlalchemy.engine.Engine - [cached since 5.142e+05s ago] ('api_key', 1, 0) (base.py:1846)
2025-10-07 22:42:55,549 - MainProcess - Thread-180 (process_request_thread) - INFO - werkzeug - 127.0.0.1 - - [07/Oct/2025 22:42:55] "GET /api/ui_state HTTP/1.1" 200 - (_internal.py:97)
2025-10-07 22:42:56,541 - MainProcess - Thread-181 (process_request_thread) - INFO - sqlalchemy.engine.Engine - SELECT settings.id AS settings_id, settings."key" AS settings_key, settings.value AS settings_value 
FROM settings 
WHERE settings."key" = ?
 LIMIT ? OFFSET ? (base.py:1846)
2025-10-07 22:42:56,550 - MainProcess - Thread-181 (process_request_thread) - INFO - sqlalchemy.engine.Engine - [cached since 5.142e+05s ago] ('api_key', 1, 0) (base.py:1846)
2025-10-07 22:42:56,553 - MainProcess - Thread-181 (process_request_thread) - INFO - werkzeug - 127.0.0.1 - - [07/Oct/2025 22:42:56] "GET /api/ui_state HTTP/1.1" 200 - (_internal.py:97)
2025-10-07 22:42:57,563 - MainProcess - Thread-182 (process_request_thread) - INFO - sqlalchemy.engine.Engine - SELECT settings.id AS settings_id, settings."key" AS settings_key, settings.value AS settings_value 
FROM settings 
WHERE settings."key" = ?
 LIMIT ? OFFSET ? (base.py:1846)
2025-10-07 22:42:57,566 - MainProcess - Thread-182 (process_request_thread) - INFO - sqlalchemy.engine.Engine - [cached since 5.142e+05s ago] ('api_key', 1, 0) (base.py:1846)
2025-10-07 22:42:57,570 - MainProcess - Thread-182 (process_request_thread) - INFO - werkzeug - 127.0.0.1 - - [07/Oct/2025 22:42:57] "GET /api/ui_state HTTP/1.1" 200 - (_internal.py:97)
2025-10-07 22:42:58,551 - MainProcess - Thread-183 (process_request_thread) - INFO - sqlalchemy.engine.Engine - SELECT settings.id AS settings_id, settings."key" AS settings_key, settings.value AS settings_value 
FROM settings 
WHERE settings."key" = ?
 LIMIT ? OFFSET ? (base.py:1846)
2025-10-07 22:42:58,554 - MainProcess - Thread-183 (process_request_thread) - INFO - sqlalchemy.engine.Engine - [cached since 5.142e+05s ago] ('api_key', 1, 0) (base.py:1846)
2025-10-07 22:42:58,557 - MainProcess - Thread-183 (process_request_thread) - INFO - werkzeug - 127.0.0.1 - - [07/Oct/2025 22:42:58] "GET /api/ui_state HTTP/1.1" 200 - (_internal.py:97)
2025-10-07 22:42:59,551 - MainProcess - Thread-184 (process_request_thread) - INFO - sqlalchemy.engine.Engine - SELECT settings.id AS settings_id, settings."key" AS settings_key, settings.value AS settings_value 
FROM settings 
WHERE settings."key" = ?
 LIMIT ? OFFSET ? (base.py:1846)
2025-10-07 22:42:59,552 - MainProcess - Thread-184 (process_request_thread) - INFO - sqlalchemy.engine.Engine - [cached since 5.142e+05s ago] ('api_key', 1, 0) (base.py:1846)
2025-10-07 22:42:59,554 - MainProcess - Thread-184 (process_request_thread) - INFO - werkzeug - 127.0.0.1 - - [07/Oct/2025 22:42:59] "GET /api/ui_state HTTP/1.1" 200 - (_internal.py:97)
2025-10-07 22:43:00,548 - MainProcess - Thread-185 (process_request_thread) - INFO - sqlalchemy.engine.Engine - SELECT settings.id AS settings_id, settings."key" AS settings_key, settings.value AS settings_value 
FROM settings 
WHERE settings."key" = ?
 LIMIT ? OFFSET ? (base.py:1846)
2025-10-07 22:43:00,549 - MainProcess - Thread-185 (process_request_thread) - INFO - sqlalchemy.engine.Engine - [cached since 5.142e+05s ago] ('api_key', 1, 0) (base.py:1846)
2025-10-07 22:43:00,552 - MainProcess - Thread-185 (process_request_thread) - INFO - werkzeug - 127.0.0.1 - - [07/Oct/2025 22:43:00] "GET /api/ui_state HTTP/1.1" 200 - (_internal.py:97)
2025-10-07 22:43:01,548 - MainProcess - Thread-186 (process_request_thread) - INFO - sqlalchemy.engine.Engine - SELECT settings.id AS settings_id, settings."key" AS settings_key, settings.value AS settings_value 
FROM settings 
WHERE settings."key" = ?
 LIMIT ? OFFSET ? (base.py:1846)
2025-10-07 22:43:01,549 - MainProcess - Thread-186 (process_request_thread) - INFO - sqlalchemy.engine.Engine - [cached since 5.142e+05s ago] ('api_key', 1, 0) (base.py:1846)
2025-10-07 22:43:01,552 - MainProcess - Thread-186 (process_request_thread) - INFO - werkzeug - 127.0.0.1 - - [07/Oct/2025 22:43:01] "GET /api/ui_state HTTP/1.1" 200 - (_internal.py:97)
2025-10-07 22:43:02,541 - MainProcess - Thread-187 (process_request_thread) - INFO - sqlalchemy.engine.Engine - SELECT settings.id AS settings_id, settings."key" AS settings_key, settings.value AS settings_value 
FROM settings 
WHERE settings."key" = ?
 LIMIT ? OFFSET ? (base.py:1846)
2025-10-07 22:43:02,543 - MainProcess - Thread-187 (process_request_thread) - INFO - sqlalchemy.engine.Engine - [cached since 5.142e+05s ago] ('api_key', 1, 0) (base.py:1846)
2025-10-07 22:43:02,548 - MainProcess - Thread-187 (process_request_thread) - INFO - werkzeug - 127.0.0.1 - - [07/Oct/2025 22:43:02] "GET /api/ui_state HTTP/1.1" 200 - (_internal.py:97)
2025-10-07 22:43:03,554 - MainProcess - Thread-188 (process_request_thread) - INFO - sqlalchemy.engine.Engine - SELECT settings.id AS settings_id, settings."key" AS settings_key, settings.value AS settings_value 
FROM settings 
WHERE settings."key" = ?
 LIMIT ? OFFSET ? (base.py:1846)
2025-10-07 22:43:03,555 - MainProcess - Thread-188 (process_request_thread) - INFO - sqlalchemy.engine.Engine - [cached since 5.142e+05s ago] ('api_key', 1, 0) (base.py:1846)
2025-10-07 22:43:03,558 - MainProcess - Thread-188 (process_request_thread) - INFO - werkzeug - 127.0.0.1 - - [07/Oct/2025 22:43:03] "GET /api/ui_state HTTP/1.1" 200 - (_internal.py:97)
2025-10-07 22:43:04,551 - MainProcess - Thread-189 (process_request_thread) - INFO - sqlalchemy.engine.Engine - SELECT settings.id AS settings_id, settings."key" AS settings_key, settings.value AS settings_value 
FROM settings 
WHERE settings."key" = ?
 LIMIT ? OFFSET ? (base.py:1846)
2025-10-07 22:43:04,552 - MainProcess - Thread-189 (process_request_thread) - INFO - sqlalchemy.engine.Engine - [cached since 5.142e+05s ago] ('api_key', 1, 0) (base.py:1846)
2025-10-07 22:43:04,556 - MainProcess - Thread-189 (process_request_thread) - INFO - werkzeug - 127.0.0.1 - - [07/Oct/2025 22:43:04] "GET /api/ui_state HTTP/1.1" 200 - (_internal.py:97)
2025-10-07 22:43:05,546 - MainProcess - Thread-190 (process_request_thread) - INFO - sqlalchemy.engine.Engine - SELECT settings.id AS settings_id, settings."key" AS settings_key, settings.value AS settings_value 
FROM settings 
WHERE settings."key" = ?
 LIMIT ? OFFSET ? (base.py:1846)
2025-10-07 22:43:05,547 - MainProcess - Thread-190 (process_request_thread) - INFO - sqlalchemy.engine.Engine - [cached since 5.142e+05s ago] ('api_key', 1, 0) (base.py:1846)
2025-10-07 22:43:05,551 - MainProcess - Thread-190 (process_request_thread) - INFO - werkzeug - 127.0.0.1 - - [07/Oct/2025 22:43:05] "GET /api/ui_state HTTP/1.1" 200 - (_internal.py:97)
2025-10-07 22:43:06,542 - MainProcess - Thread-191 (process_request_thread) - INFO - sqlalchemy.engine.Engine - SELECT settings.id AS settings_id, settings."key" AS settings_key, settings.value AS settings_value 
FROM settings 
WHERE settings."key" = ?
 LIMIT ? OFFSET ? (base.py:1846)
2025-10-07 22:43:06,544 - MainProcess - Thread-191 (process_request_thread) - INFO - sqlalchemy.engine.Engine - [cached since 5.142e+05s ago] ('api_key', 1, 0) (base.py:1846)
2025-10-07 22:43:06,548 - MainProcess - Thread-191 (process_request_thread) - INFO - werkzeug - 127.0.0.1 - - [07/Oct/2025 22:43:06] "GET /api/ui_state HTTP/1.1" 200 - (_internal.py:97)
2025-10-07 22:43:07,554 - MainProcess - Thread-192 (process_request_thread) - INFO - sqlalchemy.engine.Engine - SELECT settings.id AS settings_id, settings."key" AS settings_key, settings.value AS settings_value 
FROM settings 
WHERE settings."key" = ?
 LIMIT ? OFFSET ? (base.py:1846)
2025-10-07 22:43:07,556 - MainProcess - Thread-192 (process_request_thread) - INFO - sqlalchemy.engine.Engine - [cached since 5.142e+05s ago] ('api_key', 1, 0) (base.py:1846)
2025-10-07 22:43:07,558 - MainProcess - Thread-192 (process_request_thread) - INFO - werkzeug - 127.0.0.1 - - [07/Oct/2025 22:43:07] "GET /api/ui_state HTTP/1.1" 200 - (_internal.py:97)
2025-10-07 22:43:08,553 - MainProcess - Thread-193 (process_request_thread) - INFO - sqlalchemy.engine.Engine - SELECT settings.id AS settings_id, settings."key" AS settings_key, settings.value AS settings_value 
FROM settings 
WHERE settings."key" = ?
 LIMIT ? OFFSET ? (base.py:1846)
2025-10-07 22:43:08,554 - MainProcess - Thread-193 (process_request_thread) - INFO - sqlalchemy.engine.Engine - [cached since 5.142e+05s ago] ('api_key', 1, 0) (base.py:1846)
2025-10-07 22:43:08,557 - MainProcess - Thread-193 (process_request_thread) - INFO - werkzeug - 127.0.0.1 - - [07/Oct/2025 22:43:08] "GET /api/ui_state HTTP/1.1" 200 - (_internal.py:97)
2025-10-07 22:43:09,551 - MainProcess - Thread-194 (process_request_thread) - INFO - sqlalchemy.engine.Engine - SELECT settings.id AS settings_id, settings."key" AS settings_key, settings.value AS settings_value 
FROM settings 
WHERE settings."key" = ?
 LIMIT ? OFFSET ? (base.py:1846)
2025-10-07 22:43:09,552 - MainProcess - Thread-194 (process_request_thread) - INFO - sqlalchemy.engine.Engine - [cached since 5.142e+05s ago] ('api_key', 1, 0) (base.py:1846)
2025-10-07 22:43:09,555 - MainProcess - Thread-194 (process_request_thread) - INFO - werkzeug - 127.0.0.1 - - [07/Oct/2025 22:43:09] "GET /api/ui_state HTTP/1.1" 200 - (_internal.py:97)
2025-10-07 22:43:10,547 - MainProcess - Thread-195 (process_request_thread) - INFO - sqlalchemy.engine.Engine - SELECT settings.id AS settings_id, settings."key" AS settings_key, settings.value AS settings_value 
FROM settings 
WHERE settings."key" = ?
 LIMIT ? OFFSET ? (base.py:1846)
2025-10-07 22:43:10,548 - MainProcess - Thread-195 (process_request_thread) - INFO - sqlalchemy.engine.Engine - [cached since 5.142e+05s ago] ('api_key', 1, 0) (base.py:1846)
2025-10-07 22:43:10,551 - MainProcess - Thread-195 (process_request_thread) - INFO - werkzeug - 127.0.0.1 - - [07/Oct/2025 22:43:10] "GET /api/ui_state HTTP/1.1" 200 - (_internal.py:97)
2025-10-07 22:43:11,547 - MainProcess - Thread-196 (process_request_thread) - INFO - sqlalchemy.engine.Engine - SELECT settings.id AS settings_id, settings."key" AS settings_key, settings.value AS settings_value 
FROM settings 
WHERE settings."key" = ?
 LIMIT ? OFFSET ? (base.py:1846)
2025-10-07 22:43:11,548 - MainProcess - Thread-196 (process_request_thread) - INFO - sqlalchemy.engine.Engine - [cached since 5.142e+05s ago] ('api_key', 1, 0) (base.py:1846)
2025-10-07 22:43:11,550 - MainProcess - Thread-196 (process_request_thread) - INFO - werkzeug - 127.0.0.1 - - [07/Oct/2025 22:43:11] "GET /api/ui_state HTTP/1.1" 200 - (_internal.py:97)
2025-10-07 22:43:12,545 - MainProcess - Thread-197 (process_request_thread) - INFO - sqlalchemy.engine.Engine - SELECT settings.id AS settings_id, settings."key" AS settings_key, settings.value AS settings_value 
FROM settings 
WHERE settings."key" = ?
 LIMIT ? OFFSET ? (base.py:1846)
2025-10-07 22:43:12,548 - MainProcess - Thread-197 (process_request_thread) - INFO - sqlalchemy.engine.Engine - [cached since 5.142e+05s ago] ('api_key', 1, 0) (base.py:1846)
2025-10-07 22:43:12,551 - MainProcess - Thread-197 (process_request_thread) - INFO - werkzeug - 127.0.0.1 - - [07/Oct/2025 22:43:12] "GET /api/ui_state HTTP/1.1" 200 - (_internal.py:97)
2025-10-07 22:43:13,547 - MainProcess - Thread-198 (process_request_thread) - INFO - sqlalchemy.engine.Engine - SELECT settings.id AS settings_id, settings."key" AS settings_key, settings.value AS settings_value 
FROM settings 
WHERE settings."key" = ?
 LIMIT ? OFFSET ? (base.py:1846)
2025-10-07 22:43:13,548 - MainProcess - Thread-198 (process_request_thread) - INFO - sqlalchemy.engine.Engine - [cached since 5.142e+05s ago] ('api_key', 1, 0) (base.py:1846)
2025-10-07 22:43:13,551 - MainProcess - Thread-198 (process_request_thread) - INFO - werkzeug - 127.0.0.1 - - [07/Oct/2025 22:43:13] "GET /api/ui_state HTTP/1.1" 200 - (_internal.py:97)
2025-10-07 22:43:14,548 - MainProcess - Thread-199 (process_request_thread) - INFO - sqlalchemy.engine.Engine - SELECT settings.id AS settings_id, settings."key" AS settings_key, settings.value AS settings_value 
FROM settings 
WHERE settings."key" = ?
 LIMIT ? OFFSET ? (base.py:1846)
2025-10-07 22:43:14,551 - MainProcess - Thread-199 (process_request_thread) - INFO - sqlalchemy.engine.Engine - [cached since 5.142e+05s ago] ('api_key', 1, 0) (base.py:1846)
2025-10-07 22:43:14,555 - MainProcess - Thread-199 (process_request_thread) - INFO - werkzeug - 127.0.0.1 - - [07/Oct/2025 22:43:14] "GET /api/ui_state HTTP/1.1" 200 - (_internal.py:97)
2025-10-07 22:43:15,541 - MainProcess - Thread-200 (process_request_thread) - INFO - sqlalchemy.engine.Engine - SELECT settings.id AS settings_id, settings."key" AS settings_key, settings.value AS settings_value 
FROM settings 
WHERE settings."key" = ?
 LIMIT ? OFFSET ? (base.py:1846)
2025-10-07 22:43:15,543 - MainProcess - Thread-200 (process_request_thread) - INFO - sqlalchemy.engine.Engine - [cached since 5.142e+05s ago] ('api_key', 1, 0) (base.py:1846)
2025-10-07 22:43:15,546 - MainProcess - Thread-200 (process_request_thread) - INFO - werkzeug - 127.0.0.1 - - [07/Oct/2025 22:43:15] "GET /api/ui_state HTTP/1.1" 200 - (_internal.py:97)
2025-10-07 22:43:16,544 - MainProcess - Thread-201 (process_request_thread) - INFO - sqlalchemy.engine.Engine - SELECT settings.id AS settings_id, settings."key" AS settings_key, settings.value AS settings_value 
FROM settings 
WHERE settings."key" = ?
 LIMIT ? OFFSET ? (base.py:1846)
2025-10-07 22:43:16,546 - MainProcess - Thread-201 (process_request_thread) - INFO - sqlalchemy.engine.Engine - [cached since 5.142e+05s ago] ('api_key', 1, 0) (base.py:1846)
2025-10-07 22:43:16,548 - MainProcess - Thread-201 (process_request_thread) - INFO - werkzeug - 127.0.0.1 - - [07/Oct/2025 22:43:16] "GET /api/ui_state HTTP/1.1" 200 - (_internal.py:97)
2025-10-07 22:43:17,539 - MainProcess - Thread-202 (process_request_thread) - INFO - sqlalchemy.engine.Engine - SELECT settings.id AS settings_id, settings."key" AS settings_key, settings.value AS settings_value 
FROM settings 
WHERE settings."key" = ?
 LIMIT ? OFFSET ? (base.py:1846)
2025-10-07 22:43:17,540 - MainProcess - Thread-202 (process_request_thread) - INFO - sqlalchemy.engine.Engine - [cached since 5.142e+05s ago] ('api_key', 1, 0) (base.py:1846)
2025-10-07 22:43:17,544 - MainProcess - Thread-202 (process_request_thread) - INFO - werkzeug - 127.0.0.1 - - [07/Oct/2025 22:43:17] "GET /api/ui_state HTTP/1.1" 200 - (_internal.py:97)
2025-10-07 22:43:18,553 - MainProcess - Thread-203 (process_request_thread) - INFO - sqlalchemy.engine.Engine - SELECT settings.id AS settings_id, settings."key" AS settings_key, settings.value AS settings_value 
FROM settings 
WHERE settings."key" = ?
 LIMIT ? OFFSET ? (base.py:1846)
2025-10-07 22:43:18,554 - MainProcess - Thread-203 (process_request_thread) - INFO - sqlalchemy.engine.Engine - [cached since 5.142e+05s ago] ('api_key', 1, 0) (base.py:1846)
2025-10-07 22:43:18,557 - MainProcess - Thread-203 (process_request_thread) - INFO - werkzeug - 127.0.0.1 - - [07/Oct/2025 22:43:18] "GET /api/ui_state HTTP/1.1" 200 - (_internal.py:97)
2025-10-07 22:43:19,550 - MainProcess - Thread-204 (process_request_thread) - INFO - sqlalchemy.engine.Engine - SELECT settings.id AS settings_id, settings."key" AS settings_key, settings.value AS settings_value 
FROM settings 
WHERE settings."key" = ?
 LIMIT ? OFFSET ? (base.py:1846)
2025-10-07 22:43:19,551 - MainProcess - Thread-204 (process_request_thread) - INFO - sqlalchemy.engine.Engine - [cached since 5.142e+05s ago] ('api_key', 1, 0) (base.py:1846)
2025-10-07 22:43:19,553 - MainProcess - Thread-204 (process_request_thread) - INFO - werkzeug - 127.0.0.1 - - [07/Oct/2025 22:43:19] "GET /api/ui_state HTTP/1.1" 200 - (_internal.py:97)
2025-10-07 22:43:20,550 - MainProcess - Thread-205 (process_request_thread) - INFO - sqlalchemy.engine.Engine - SELECT settings.id AS settings_id, settings."key" AS settings_key, settings.value AS settings_value 
FROM settings 
WHERE settings."key" = ?
 LIMIT ? OFFSET ? (base.py:1846)
2025-10-07 22:43:20,552 - MainProcess - Thread-205 (process_request_thread) - INFO - sqlalchemy.engine.Engine - [cached since 5.142e+05s ago] ('api_key', 1, 0) (base.py:1846)
2025-10-07 22:43:20,554 - MainProcess - Thread-205 (process_request_thread) - INFO - werkzeug - 127.0.0.1 - - [07/Oct/2025 22:43:20] "GET /api/ui_state HTTP/1.1" 200 - (_internal.py:97)
2025-10-07 22:43:21,545 - MainProcess - Thread-206 (process_request_thread) - INFO - sqlalchemy.engine.Engine - SELECT settings.id AS settings_id, settings."key" AS settings_key, settings.value AS settings_value 
FROM settings 
WHERE settings."key" = ?
 LIMIT ? OFFSET ? (base.py:1846)
2025-10-07 22:43:21,546 - MainProcess - Thread-206 (process_request_thread) - INFO - sqlalchemy.engine.Engine - [cached since 5.142e+05s ago] ('api_key', 1, 0) (base.py:1846)
2025-10-07 22:43:21,548 - MainProcess - Thread-206 (process_request_thread) - INFO - werkzeug - 127.0.0.1 - - [07/Oct/2025 22:43:21] "GET /api/ui_state HTTP/1.1" 200 - (_internal.py:97)
2025-10-07 22:43:22,544 - MainProcess - Thread-207 (process_request_thread) - INFO - sqlalchemy.engine.Engine - SELECT settings.id AS settings_id, settings."key" AS settings_key, settings.value AS settings_value 
FROM settings 
WHERE settings."key" = ?
 LIMIT ? OFFSET ? (base.py:1846)
2025-10-07 22:43:22,545 - MainProcess - Thread-207 (process_request_thread) - INFO - sqlalchemy.engine.Engine - [cached since 5.142e+05s ago] ('api_key', 1, 0) (base.py:1846)
2025-10-07 22:43:22,548 - MainProcess - Thread-207 (process_request_thread) - INFO - werkzeug - 127.0.0.1 - - [07/Oct/2025 22:43:22] "GET /api/ui_state HTTP/1.1" 200 - (_internal.py:97)
2025-10-07 22:43:23,554 - MainProcess - Thread-208 (process_request_thread) - INFO - sqlalchemy.engine.Engine - SELECT settings.id AS settings_id, settings."key" AS settings_key, settings.value AS settings_value 
FROM settings 
WHERE settings."key" = ?
 LIMIT ? OFFSET ? (base.py:1846)
2025-10-07 22:43:23,556 - MainProcess - Thread-208 (process_request_thread) - INFO - sqlalchemy.engine.Engine - [cached since 5.142e+05s ago] ('api_key', 1, 0) (base.py:1846)
2025-10-07 22:43:23,558 - MainProcess - Thread-208 (process_request_thread) - INFO - werkzeug - 127.0.0.1 - - [07/Oct/2025 22:43:23] "GET /api/ui_state HTTP/1.1" 200 - (_internal.py:97)
2025-10-07 22:43:24,550 - MainProcess - Thread-209 (process_request_thread) - INFO - sqlalchemy.engine.Engine - SELECT settings.id AS settings_id, settings."key" AS settings_key, settings.value AS settings_value 
FROM settings 
WHERE settings."key" = ?
 LIMIT ? OFFSET ? (base.py:1846)
2025-10-07 22:43:24,551 - MainProcess - Thread-209 (process_request_thread) - INFO - sqlalchemy.engine.Engine - [cached since 5.142e+05s ago] ('api_key', 1, 0) (base.py:1846)
2025-10-07 22:43:24,553 - MainProcess - Thread-209 (process_request_thread) - INFO - werkzeug - 127.0.0.1 - - [07/Oct/2025 22:43:24] "GET /api/ui_state HTTP/1.1" 200 - (_internal.py:97)
2025-10-07 22:43:25,544 - MainProcess - Thread-210 (process_request_thread) - INFO - sqlalchemy.engine.Engine - SELECT settings.id AS settings_id, settings."key" AS settings_key, settings.value AS settings_value 
FROM settings 
WHERE settings."key" = ?
 LIMIT ? OFFSET ? (base.py:1846)
2025-10-07 22:43:25,545 - MainProcess - Thread-210 (process_request_thread) - INFO - sqlalchemy.engine.Engine - [cached since 5.142e+05s ago] ('api_key', 1, 0) (base.py:1846)
2025-10-07 22:43:25,549 - MainProcess - Thread-210 (process_request_thread) - INFO - werkzeug - 127.0.0.1 - - [07/Oct/2025 22:43:25] "GET /api/ui_state HTTP/1.1" 200 - (_internal.py:97)
2025-10-07 22:43:26,540 - MainProcess - Thread-211 (process_request_thread) - INFO - sqlalchemy.engine.Engine - SELECT settings.id AS settings_id, settings."key" AS settings_key, settings.value AS settings_value 
FROM settings 
WHERE settings."key" = ?
 LIMIT ? OFFSET ? (base.py:1846)
2025-10-07 22:43:26,542 - MainProcess - Thread-211 (process_request_thread) - INFO - sqlalchemy.engine.Engine - [cached since 5.142e+05s ago] ('api_key', 1, 0) (base.py:1846)
2025-10-07 22:43:26,545 - MainProcess - Thread-211 (process_request_thread) - INFO - werkzeug - 127.0.0.1 - - [07/Oct/2025 22:43:26] "GET /api/ui_state HTTP/1.1" 200 - (_internal.py:97)
2025-10-07 22:43:27,555 - MainProcess - Thread-212 (process_request_thread) - INFO - sqlalchemy.engine.Engine - SELECT settings.id AS settings_id, settings."key" AS settings_key, settings.value AS settings_value 
FROM settings 
WHERE settings."key" = ?
 LIMIT ? OFFSET ? (base.py:1846)
2025-10-07 22:43:27,557 - MainProcess - Thread-212 (process_request_thread) - INFO - sqlalchemy.engine.Engine - [cached since 5.142e+05s ago] ('api_key', 1, 0) (base.py:1846)
2025-10-07 22:43:27,562 - MainProcess - Thread-212 (process_request_thread) - INFO - werkzeug - 127.0.0.1 - - [07/Oct/2025 22:43:27] "GET /api/ui_state HTTP/1.1" 200 - (_internal.py:97)
2025-10-07 22:43:28,551 - MainProcess - Thread-213 (process_request_thread) - INFO - sqlalchemy.engine.Engine - SELECT settings.id AS settings_id, settings."key" AS settings_key, settings.value AS settings_value 
FROM settings 
WHERE settings."key" = ?
 LIMIT ? OFFSET ? (base.py:1846)
2025-10-07 22:43:28,553 - MainProcess - Thread-213 (process_request_thread) - INFO - sqlalchemy.engine.Engine - [cached since 5.142e+05s ago] ('api_key', 1, 0) (base.py:1846)
2025-10-07 22:43:28,556 - MainProcess - Thread-213 (process_request_thread) - INFO - werkzeug - 127.0.0.1 - - [07/Oct/2025 22:43:28] "GET /api/ui_state HTTP/1.1" 200 - (_internal.py:97)
2025-10-07 22:43:29,545 - MainProcess - Thread-214 (process_request_thread) - INFO - sqlalchemy.engine.Engine - SELECT settings.id AS settings_id, settings."key" AS settings_key, settings.value AS settings_value 
FROM settings 
WHERE settings."key" = ?
 LIMIT ? OFFSET ? (base.py:1846)
2025-10-07 22:43:29,547 - MainProcess - Thread-214 (process_request_thread) - INFO - sqlalchemy.engine.Engine - [cached since 5.142e+05s ago] ('api_key', 1, 0) (base.py:1846)
2025-10-07 22:43:29,550 - MainProcess - Thread-214 (process_request_thread) - INFO - werkzeug - 127.0.0.1 - - [07/Oct/2025 22:43:29] "GET /api/ui_state HTTP/1.1" 200 - (_internal.py:97)
2025-10-07 22:43:30,549 - MainProcess - Thread-215 (process_request_thread) - INFO - sqlalchemy.engine.Engine - SELECT settings.id AS settings_id, settings."key" AS settings_key, settings.value AS settings_value 
FROM settings 
WHERE settings."key" = ?
 LIMIT ? OFFSET ? (base.py:1846)
2025-10-07 22:43:30,551 - MainProcess - Thread-215 (process_request_thread) - INFO - sqlalchemy.engine.Engine - [cached since 5.142e+05s ago] ('api_key', 1, 0) (base.py:1846)
2025-10-07 22:43:30,554 - MainProcess - Thread-215 (process_request_thread) - INFO - werkzeug - 127.0.0.1 - - [07/Oct/2025 22:43:30] "GET /api/ui_state HTTP/1.1" 200 - (_internal.py:97)
2025-10-07 22:43:31,552 - MainProcess - Thread-216 (process_request_thread) - INFO - sqlalchemy.engine.Engine - SELECT settings.id AS settings_id, settings."key" AS settings_key, settings.value AS settings_value 
FROM settings 
WHERE settings."key" = ?
 LIMIT ? OFFSET ? (base.py:1846)
2025-10-07 22:43:31,555 - MainProcess - Thread-216 (process_request_thread) - INFO - sqlalchemy.engine.Engine - [cached since 5.143e+05s ago] ('api_key', 1, 0) (base.py:1846)
2025-10-07 22:43:31,563 - MainProcess - Thread-216 (process_request_thread) - INFO - werkzeug - 127.0.0.1 - - [07/Oct/2025 22:43:31] "GET /api/ui_state HTTP/1.1" 200 - (_internal.py:97)
2025-10-07 22:43:32,558 - MainProcess - Thread-217 (process_request_thread) - INFO - sqlalchemy.engine.Engine - SELECT settings.id AS settings_id, settings."key" AS settings_key, settings.value AS settings_value 
FROM settings 
WHERE settings."key" = ?
 LIMIT ? OFFSET ? (base.py:1846)
2025-10-07 22:43:32,562 - MainProcess - Thread-217 (process_request_thread) - INFO - sqlalchemy.engine.Engine - [cached since 5.143e+05s ago] ('api_key', 1, 0) (base.py:1846)
2025-10-07 22:43:32,564 - MainProcess - Thread-217 (process_request_thread) - INFO - werkzeug - 127.0.0.1 - - [07/Oct/2025 22:43:32] "GET /api/ui_state HTTP/1.1" 200 - (_internal.py:97)
2025-10-07 22:43:33,550 - MainProcess - Thread-218 (process_request_thread) - INFO - sqlalchemy.engine.Engine - SELECT settings.id AS settings_id, settings."key" AS settings_key, settings.value AS settings_value 
FROM settings 
WHERE settings."key" = ?
 LIMIT ? OFFSET ? (base.py:1846)
2025-10-07 22:43:33,551 - MainProcess - Thread-218 (process_request_thread) - INFO - sqlalchemy.engine.Engine - [cached since 5.143e+05s ago] ('api_key', 1, 0) (base.py:1846)
2025-10-07 22:43:33,554 - MainProcess - Thread-218 (process_request_thread) - INFO - werkzeug - 127.0.0.1 - - [07/Oct/2025 22:43:33] "GET /api/ui_state HTTP/1.1" 200 - (_internal.py:97)
2025-10-07 22:43:34,541 - MainProcess - Thread-219 (process_request_thread) - INFO - sqlalchemy.engine.Engine - SELECT settings.id AS settings_id, settings."key" AS settings_key, settings.value AS settings_value 
FROM settings 
WHERE settings."key" = ?
 LIMIT ? OFFSET ? (base.py:1846)
2025-10-07 22:43:34,546 - MainProcess - Thread-219 (process_request_thread) - INFO - sqlalchemy.engine.Engine - [cached since 5.143e+05s ago] ('api_key', 1, 0) (base.py:1846)
2025-10-07 22:43:34,549 - MainProcess - Thread-219 (process_request_thread) - INFO - werkzeug - 127.0.0.1 - - [07/Oct/2025 22:43:34] "GET /api/ui_state HTTP/1.1" 200 - (_internal.py:97)
2025-10-07 22:43:35,551 - MainProcess - Thread-220 (process_request_thread) - INFO - sqlalchemy.engine.Engine - SELECT settings.id AS settings_id, settings."key" AS settings_key, settings.value AS settings_value 
FROM settings 
WHERE settings."key" = ?
 LIMIT ? OFFSET ? (base.py:1846)
2025-10-07 22:43:35,558 - MainProcess - Thread-220 (process_request_thread) - INFO - sqlalchemy.engine.Engine - [cached since 5.143e+05s ago] ('api_key', 1, 0) (base.py:1846)
2025-10-07 22:43:35,562 - MainProcess - Thread-220 (process_request_thread) - INFO - werkzeug - 127.0.0.1 - - [07/Oct/2025 22:43:35] "GET /api/ui_state HTTP/1.1" 200 - (_internal.py:97)
2025-10-07 22:43:36,544 - MainProcess - Thread-221 (process_request_thread) - INFO - sqlalchemy.engine.Engine - SELECT settings.id AS settings_id, settings."key" AS settings_key, settings.value AS settings_value 
FROM settings 
WHERE settings."key" = ?
 LIMIT ? OFFSET ? (base.py:1846)
2025-10-07 22:43:36,545 - MainProcess - Thread-221 (process_request_thread) - INFO - sqlalchemy.engine.Engine - [cached since 5.143e+05s ago] ('api_key', 1, 0) (base.py:1846)
2025-10-07 22:43:36,549 - MainProcess - Thread-221 (process_request_thread) - INFO - werkzeug - 127.0.0.1 - - [07/Oct/2025 22:43:36] "GET /api/ui_state HTTP/1.1" 200 - (_internal.py:97)
2025-10-07 22:43:37,550 - MainProcess - Thread-222 (process_request_thread) - INFO - sqlalchemy.engine.Engine - SELECT settings.id AS settings_id, settings."key" AS settings_key, settings.value AS settings_value 
FROM settings 
WHERE settings."key" = ?
 LIMIT ? OFFSET ? (base.py:1846)
2025-10-07 22:43:37,551 - MainProcess - Thread-222 (process_request_thread) - INFO - sqlalchemy.engine.Engine - [cached since 5.143e+05s ago] ('api_key', 1, 0) (base.py:1846)
2025-10-07 22:43:37,555 - MainProcess - Thread-222 (process_request_thread) - INFO - werkzeug - 127.0.0.1 - - [07/Oct/2025 22:43:37] "GET /api/ui_state HTTP/1.1" 200 - (_internal.py:97)
2025-10-07 22:43:38,554 - MainProcess - Thread-223 (process_request_thread) - INFO - sqlalchemy.engine.Engine - SELECT settings.id AS settings_id, settings."key" AS settings_key, settings.value AS settings_value 
FROM settings 
WHERE settings."key" = ?
 LIMIT ? OFFSET ? (base.py:1846)
2025-10-07 22:43:38,558 - MainProcess - Thread-223 (process_request_thread) - INFO - sqlalchemy.engine.Engine - [cached since 5.143e+05s ago] ('api_key', 1, 0) (base.py:1846)
2025-10-07 22:43:38,566 - MainProcess - Thread-223 (process_request_thread) - INFO - werkzeug - 127.0.0.1 - - [07/Oct/2025 22:43:38] "GET /api/ui_state HTTP/1.1" 200 - (_internal.py:97)
2025-10-07 22:43:39,551 - MainProcess - Thread-224 (process_request_thread) - INFO - sqlalchemy.engine.Engine - SELECT settings.id AS settings_id, settings."key" AS settings_key, settings.value AS settings_value 
FROM settings 
WHERE settings."key" = ?
 LIMIT ? OFFSET ? (base.py:1846)
2025-10-07 22:43:39,554 - MainProcess - Thread-224 (process_request_thread) - INFO - sqlalchemy.engine.Engine - [cached since 5.143e+05s ago] ('api_key', 1, 0) (base.py:1846)
2025-10-07 22:43:39,557 - MainProcess - Thread-224 (process_request_thread) - INFO - werkzeug - 127.0.0.1 - - [07/Oct/2025 22:43:39] "GET /api/ui_state HTTP/1.1" 200 - (_internal.py:97)
2025-10-07 22:43:40,551 - MainProcess - Thread-225 (process_request_thread) - INFO - sqlalchemy.engine.Engine - SELECT settings.id AS settings_id, settings."key" AS settings_key, settings.value AS settings_value 
FROM settings 
WHERE settings."key" = ?
 LIMIT ? OFFSET ? (base.py:1846)
2025-10-07 22:43:40,553 - MainProcess - Thread-225 (process_request_thread) - INFO - sqlalchemy.engine.Engine - [cached since 5.143e+05s ago] ('api_key', 1, 0) (base.py:1846)
2025-10-07 22:43:40,556 - MainProcess - Thread-225 (process_request_thread) - INFO - werkzeug - 127.0.0.1 - - [07/Oct/2025 22:43:40] "GET /api/ui_state HTTP/1.1" 200 - (_internal.py:97)
2025-10-07 22:43:41,546 - MainProcess - Thread-226 (process_request_thread) - INFO - sqlalchemy.engine.Engine - SELECT settings.id AS settings_id, settings."key" AS settings_key, settings.value AS settings_value 
FROM settings 
WHERE settings."key" = ?
 LIMIT ? OFFSET ? (base.py:1846)
2025-10-07 22:43:41,548 - MainProcess - Thread-226 (process_request_thread) - INFO - sqlalchemy.engine.Engine - [cached since 5.143e+05s ago] ('api_key', 1, 0) (base.py:1846)
2025-10-07 22:43:41,551 - MainProcess - Thread-226 (process_request_thread) - INFO - werkzeug - 127.0.0.1 - - [07/Oct/2025 22:43:41] "GET /api/ui_state HTTP/1.1" 200 - (_internal.py:97)
2025-10-07 22:43:42,546 - MainProcess - Thread-227 (process_request_thread) - INFO - sqlalchemy.engine.Engine - SELECT settings.id AS settings_id, settings."key" AS settings_key, settings.value AS settings_value 
FROM settings 
WHERE settings."key" = ?
 LIMIT ? OFFSET ? (base.py:1846)
2025-10-07 22:43:42,548 - MainProcess - Thread-227 (process_request_thread) - INFO - sqlalchemy.engine.Engine - [cached since 5.143e+05s ago] ('api_key', 1, 0) (base.py:1846)
2025-10-07 22:43:42,550 - MainProcess - Thread-227 (process_request_thread) - INFO - werkzeug - 127.0.0.1 - - [07/Oct/2025 22:43:42] "GET /api/ui_state HTTP/1.1" 200 - (_internal.py:97)
2025-10-07 22:43:43,545 - MainProcess - Thread-228 (process_request_thread) - INFO - sqlalchemy.engine.Engine - SELECT settings.id AS settings_id, settings."key" AS settings_key, settings.value AS settings_value 
FROM settings 
WHERE settings."key" = ?
 LIMIT ? OFFSET ? (base.py:1846)
2025-10-07 22:43:43,546 - MainProcess - Thread-228 (process_request_thread) - INFO - sqlalchemy.engine.Engine - [cached since 5.143e+05s ago] ('api_key', 1, 0) (base.py:1846)
2025-10-07 22:43:43,549 - MainProcess - Thread-228 (process_request_thread) - INFO - werkzeug - 127.0.0.1 - - [07/Oct/2025 22:43:43] "GET /api/ui_state HTTP/1.1" 200 - (_internal.py:97)
2025-10-07 22:43:44,548 - MainProcess - Thread-229 (process_request_thread) - INFO - sqlalchemy.engine.Engine - SELECT settings.id AS settings_id, settings."key" AS settings_key, settings.value AS settings_value 
FROM settings 
WHERE settings."key" = ?
 LIMIT ? OFFSET ? (base.py:1846)
2025-10-07 22:43:44,550 - MainProcess - Thread-229 (process_request_thread) - INFO - sqlalchemy.engine.Engine - [cached since 5.143e+05s ago] ('api_key', 1, 0) (base.py:1846)
2025-10-07 22:43:44,556 - MainProcess - Thread-229 (process_request_thread) - INFO - werkzeug - 127.0.0.1 - - [07/Oct/2025 22:43:44] "GET /api/ui_state HTTP/1.1" 200 - (_internal.py:97)
2025-10-07 22:43:45,558 - MainProcess - Thread-230 (process_request_thread) - INFO - sqlalchemy.engine.Engine - SELECT settings.id AS settings_id, settings."key" AS settings_key, settings.value AS settings_value 
FROM settings 
WHERE settings."key" = ?
 LIMIT ? OFFSET ? (base.py:1846)
2025-10-07 22:43:45,560 - MainProcess - Thread-230 (process_request_thread) - INFO - sqlalchemy.engine.Engine - [cached since 5.143e+05s ago] ('api_key', 1, 0) (base.py:1846)
2025-10-07 22:43:45,566 - MainProcess - Thread-230 (process_request_thread) - INFO - werkzeug - 127.0.0.1 - - [07/Oct/2025 22:43:45] "GET /api/ui_state HTTP/1.1" 200 - (_internal.py:97)
2025-10-07 22:43:46,555 - MainProcess - Thread-231 (process_request_thread) - INFO - sqlalchemy.engine.Engine - SELECT settings.id AS settings_id, settings."key" AS settings_key, settings.value AS settings_value 
FROM settings 
WHERE settings."key" = ?
 LIMIT ? OFFSET ? (base.py:1846)
2025-10-07 22:43:46,559 - MainProcess - Thread-231 (process_request_thread) - INFO - sqlalchemy.engine.Engine - [cached since 5.143e+05s ago] ('api_key', 1, 0) (base.py:1846)
2025-10-07 22:43:46,565 - MainProcess - Thread-231 (process_request_thread) - INFO - werkzeug - 127.0.0.1 - - [07/Oct/2025 22:43:46] "GET /api/ui_state HTTP/1.1" 200 - (_internal.py:97)
2025-10-07 22:43:47,548 - MainProcess - Thread-232 (process_request_thread) - INFO - sqlalchemy.engine.Engine - SELECT settings.id AS settings_id, settings."key" AS settings_key, settings.value AS settings_value 
FROM settings 
WHERE settings."key" = ?
 LIMIT ? OFFSET ? (base.py:1846)
2025-10-07 22:43:47,554 - MainProcess - Thread-232 (process_request_thread) - INFO - sqlalchemy.engine.Engine - [cached since 5.143e+05s ago] ('api_key', 1, 0) (base.py:1846)
2025-10-07 22:43:47,564 - MainProcess - Thread-232 (process_request_thread) - INFO - werkzeug - 127.0.0.1 - - [07/Oct/2025 22:43:47] "GET /api/ui_state HTTP/1.1" 200 - (_internal.py:97)
2025-10-07 22:43:48,546 - MainProcess - Thread-233 (process_request_thread) - INFO - sqlalchemy.engine.Engine - SELECT settings.id AS settings_id, settings."key" AS settings_key, settings.value AS settings_value 
FROM settings 
WHERE settings."key" = ?
 LIMIT ? OFFSET ? (base.py:1846)
2025-10-07 22:43:48,548 - MainProcess - Thread-233 (process_request_thread) - INFO - sqlalchemy.engine.Engine - [cached since 5.143e+05s ago] ('api_key', 1, 0) (base.py:1846)
2025-10-07 22:43:48,551 - MainProcess - Thread-233 (process_request_thread) - INFO - werkzeug - 127.0.0.1 - - [07/Oct/2025 22:43:48] "GET /api/ui_state HTTP/1.1" 200 - (_internal.py:97)
2025-10-07 22:43:49,542 - MainProcess - Thread-234 (process_request_thread) - INFO - sqlalchemy.engine.Engine - SELECT settings.id AS settings_id, settings."key" AS settings_key, settings.value AS settings_value 
FROM settings 
WHERE settings."key" = ?
 LIMIT ? OFFSET ? (base.py:1846)
2025-10-07 22:43:49,543 - MainProcess - Thread-234 (process_request_thread) - INFO - sqlalchemy.engine.Engine - [cached since 5.143e+05s ago] ('api_key', 1, 0) (base.py:1846)
2025-10-07 22:43:49,547 - MainProcess - Thread-234 (process_request_thread) - INFO - werkzeug - 127.0.0.1 - - [07/Oct/2025 22:43:49] "GET /api/ui_state HTTP/1.1" 200 - (_internal.py:97)
2025-10-07 22:43:50,836 - MainProcess - Thread-235 (process_request_thread) - INFO - sqlalchemy.engine.Engine - SELECT settings.id AS settings_id, settings."key" AS settings_key, settings.value AS settings_value 
FROM settings 
WHERE settings."key" = ?
 LIMIT ? OFFSET ? (base.py:1846)
2025-10-07 22:43:50,837 - MainProcess - Thread-235 (process_request_thread) - INFO - sqlalchemy.engine.Engine - [cached since 5.143e+05s ago] ('api_key', 1, 0) (base.py:1846)
2025-10-07 22:43:50,840 - MainProcess - Thread-235 (process_request_thread) - INFO - werkzeug - 127.0.0.1 - - [07/Oct/2025 22:43:50] "GET /api/ui_state HTTP/1.1" 200 - (_internal.py:97)
2025-10-07 22:43:51,832 - MainProcess - Thread-236 (process_request_thread) - INFO - sqlalchemy.engine.Engine - SELECT settings.id AS settings_id, settings."key" AS settings_key, settings.value AS settings_value 
FROM settings 
WHERE settings."key" = ?
 LIMIT ? OFFSET ? (base.py:1846)
2025-10-07 22:43:51,833 - MainProcess - Thread-236 (process_request_thread) - INFO - sqlalchemy.engine.Engine - [cached since 5.143e+05s ago] ('api_key', 1, 0) (base.py:1846)
2025-10-07 22:43:51,837 - MainProcess - Thread-236 (process_request_thread) - INFO - werkzeug - 127.0.0.1 - - [07/Oct/2025 22:43:51] "GET /api/ui_state HTTP/1.1" 200 - (_internal.py:97)
2025-10-07 22:43:52,834 - MainProcess - Thread-237 (process_request_thread) - INFO - sqlalchemy.engine.Engine - SELECT settings.id AS settings_id, settings."key" AS settings_key, settings.value AS settings_value 
FROM settings 
WHERE settings."key" = ?
 LIMIT ? OFFSET ? (base.py:1846)
2025-10-07 22:43:52,836 - MainProcess - Thread-237 (process_request_thread) - INFO - sqlalchemy.engine.Engine - [cached since 5.143e+05s ago] ('api_key', 1, 0) (base.py:1846)
2025-10-07 22:43:52,838 - MainProcess - Thread-237 (process_request_thread) - INFO - werkzeug - 127.0.0.1 - - [07/Oct/2025 22:43:52] "GET /api/ui_state HTTP/1.1" 200 - (_internal.py:97)
2025-10-07 22:43:53,831 - MainProcess - Thread-238 (process_request_thread) - INFO - sqlalchemy.engine.Engine - SELECT settings.id AS settings_id, settings."key" AS settings_key, settings.value AS settings_value 
FROM settings 
WHERE settings."key" = ?
 LIMIT ? OFFSET ? (base.py:1846)
2025-10-07 22:43:53,832 - MainProcess - Thread-238 (process_request_thread) - INFO - sqlalchemy.engine.Engine - [cached since 5.143e+05s ago] ('api_key', 1, 0) (base.py:1846)
2025-10-07 22:43:53,834 - MainProcess - Thread-238 (process_request_thread) - INFO - werkzeug - 127.0.0.1 - - [07/Oct/2025 22:43:53] "GET /api/ui_state HTTP/1.1" 200 - (_internal.py:97)
2025-10-07 22:43:54,834 - MainProcess - Thread-239 (process_request_thread) - INFO - sqlalchemy.engine.Engine - SELECT settings.id AS settings_id, settings."key" AS settings_key, settings.value AS settings_value 
FROM settings 
WHERE settings."key" = ?
 LIMIT ? OFFSET ? (base.py:1846)
2025-10-07 22:43:54,836 - MainProcess - Thread-239 (process_request_thread) - INFO - sqlalchemy.engine.Engine - [cached since 5.143e+05s ago] ('api_key', 1, 0) (base.py:1846)
2025-10-07 22:43:54,839 - MainProcess - Thread-239 (process_request_thread) - INFO - werkzeug - 127.0.0.1 - - [07/Oct/2025 22:43:54] "GET /api/ui_state HTTP/1.1" 200 - (_internal.py:97)
2025-10-07 22:43:55,830 - MainProcess - Thread-240 (process_request_thread) - INFO - sqlalchemy.engine.Engine - SELECT settings.id AS settings_id, settings."key" AS settings_key, settings.value AS settings_value 
FROM settings 
WHERE settings."key" = ?
 LIMIT ? OFFSET ? (base.py:1846)
2025-10-07 22:43:55,830 - MainProcess - Thread-240 (process_request_thread) - INFO - sqlalchemy.engine.Engine - [cached since 5.143e+05s ago] ('api_key', 1, 0) (base.py:1846)
2025-10-07 22:43:55,832 - MainProcess - Thread-240 (process_request_thread) - INFO - werkzeug - 127.0.0.1 - - [07/Oct/2025 22:43:55] "GET /api/ui_state HTTP/1.1" 200 - (_internal.py:97)
2025-10-07 22:43:56,829 - MainProcess - Thread-241 (process_request_thread) - INFO - sqlalchemy.engine.Engine - SELECT settings.id AS settings_id, settings."key" AS settings_key, settings.value AS settings_value 
FROM settings 
WHERE settings."key" = ?
 LIMIT ? OFFSET ? (base.py:1846)
2025-10-07 22:43:56,830 - MainProcess - Thread-241 (process_request_thread) - INFO - sqlalchemy.engine.Engine - [cached since 5.143e+05s ago] ('api_key', 1, 0) (base.py:1846)
2025-10-07 22:43:56,832 - MainProcess - Thread-241 (process_request_thread) - INFO - werkzeug - 127.0.0.1 - - [07/Oct/2025 22:43:56] "GET /api/ui_state HTTP/1.1" 200 - (_internal.py:97)
2025-10-07 22:43:57,842 - MainProcess - Thread-242 (process_request_thread) - INFO - sqlalchemy.engine.Engine - SELECT settings.id AS settings_id, settings."key" AS settings_key, settings.value AS settings_value 
FROM settings 
WHERE settings."key" = ?
 LIMIT ? OFFSET ? (base.py:1846)
2025-10-07 22:43:57,843 - MainProcess - Thread-242 (process_request_thread) - INFO - sqlalchemy.engine.Engine - [cached since 5.143e+05s ago] ('api_key', 1, 0) (base.py:1846)
2025-10-07 22:43:57,846 - MainProcess - Thread-242 (process_request_thread) - INFO - werkzeug - 127.0.0.1 - - [07/Oct/2025 22:43:57] "GET /api/ui_state HTTP/1.1" 200 - (_internal.py:97)
2025-10-07 22:43:58,834 - MainProcess - Thread-243 (process_request_thread) - INFO - sqlalchemy.engine.Engine - SELECT settings.id AS settings_id, settings."key" AS settings_key, settings.value AS settings_value 
FROM settings 
WHERE settings."key" = ?
 LIMIT ? OFFSET ? (base.py:1846)
2025-10-07 22:43:58,834 - MainProcess - Thread-243 (process_request_thread) - INFO - sqlalchemy.engine.Engine - [cached since 5.143e+05s ago] ('api_key', 1, 0) (base.py:1846)
2025-10-07 22:43:58,836 - MainProcess - Thread-243 (process_request_thread) - INFO - werkzeug - 127.0.0.1 - - [07/Oct/2025 22:43:58] "GET /api/ui_state HTTP/1.1" 200 - (_internal.py:97)
2025-10-07 22:43:59,840 - MainProcess - Thread-244 (process_request_thread) - INFO - sqlalchemy.engine.Engine - SELECT settings.id AS settings_id, settings."key" AS settings_key, settings.value AS settings_value 
FROM settings 
WHERE settings."key" = ?
 LIMIT ? OFFSET ? (base.py:1846)
2025-10-07 22:43:59,841 - MainProcess - Thread-244 (process_request_thread) - INFO - sqlalchemy.engine.Engine - [cached since 5.143e+05s ago] ('api_key', 1, 0) (base.py:1846)
2025-10-07 22:43:59,842 - MainProcess - Thread-244 (process_request_thread) - INFO - werkzeug - 127.0.0.1 - - [07/Oct/2025 22:43:59] "GET /api/ui_state HTTP/1.1" 200 - (_internal.py:97)
2025-10-07 22:44:00,839 - MainProcess - Thread-245 (process_request_thread) - INFO - sqlalchemy.engine.Engine - SELECT settings.id AS settings_id, settings."key" AS settings_key, settings.value AS settings_value 
FROM settings 
WHERE settings."key" = ?
 LIMIT ? OFFSET ? (base.py:1846)
2025-10-07 22:44:00,840 - MainProcess - Thread-245 (process_request_thread) - INFO - sqlalchemy.engine.Engine - [cached since 5.143e+05s ago] ('api_key', 1, 0) (base.py:1846)
2025-10-07 22:44:00,842 - MainProcess - Thread-245 (process_request_thread) - INFO - werkzeug - 127.0.0.1 - - [07/Oct/2025 22:44:00] "GET /api/ui_state HTTP/1.1" 200 - (_internal.py:97)
2025-10-07 22:44:01,832 - MainProcess - Thread-246 (process_request_thread) - INFO - sqlalchemy.engine.Engine - SELECT settings.id AS settings_id, settings."key" AS settings_key, settings.value AS settings_value 
FROM settings 
WHERE settings."key" = ?
 LIMIT ? OFFSET ? (base.py:1846)
2025-10-07 22:44:01,833 - MainProcess - Thread-246 (process_request_thread) - INFO - sqlalchemy.engine.Engine - [cached since 5.143e+05s ago] ('api_key', 1, 0) (base.py:1846)
2025-10-07 22:44:01,834 - MainProcess - Thread-246 (process_request_thread) - INFO - werkzeug - 127.0.0.1 - - [07/Oct/2025 22:44:01] "GET /api/ui_state HTTP/1.1" 200 - (_internal.py:97)
2025-10-07 22:44:02,835 - MainProcess - Thread-247 (process_request_thread) - INFO - sqlalchemy.engine.Engine - SELECT settings.id AS settings_id, settings."key" AS settings_key, settings.value AS settings_value 
FROM settings 
WHERE settings."key" = ?
 LIMIT ? OFFSET ? (base.py:1846)
2025-10-07 22:44:02,836 - MainProcess - Thread-247 (process_request_thread) - INFO - sqlalchemy.engine.Engine - [cached since 5.143e+05s ago] ('api_key', 1, 0) (base.py:1846)
2025-10-07 22:44:02,837 - MainProcess - Thread-247 (process_request_thread) - INFO - werkzeug - 127.0.0.1 - - [07/Oct/2025 22:44:02] "GET /api/ui_state HTTP/1.1" 200 - (_internal.py:97)
2025-10-07 22:44:03,831 - MainProcess - Thread-248 (process_request_thread) - INFO - sqlalchemy.engine.Engine - SELECT settings.id AS settings_id, settings."key" AS settings_key, settings.value AS settings_value 
FROM settings 
WHERE settings."key" = ?
 LIMIT ? OFFSET ? (base.py:1846)
2025-10-07 22:44:03,832 - MainProcess - Thread-248 (process_request_thread) - INFO - sqlalchemy.engine.Engine - [cached since 5.143e+05s ago] ('api_key', 1, 0) (base.py:1846)
2025-10-07 22:44:03,834 - MainProcess - Thread-248 (process_request_thread) - INFO - werkzeug - 127.0.0.1 - - [07/Oct/2025 22:44:03] "GET /api/ui_state HTTP/1.1" 200 - (_internal.py:97)
2025-10-07 22:44:04,842 - MainProcess - Thread-249 (process_request_thread) - INFO - sqlalchemy.engine.Engine - SELECT settings.id AS settings_id, settings."key" AS settings_key, settings.value AS settings_value 
FROM settings 
WHERE settings."key" = ?
 LIMIT ? OFFSET ? (base.py:1846)
2025-10-07 22:44:04,843 - MainProcess - Thread-249 (process_request_thread) - INFO - sqlalchemy.engine.Engine - [cached since 5.143e+05s ago] ('api_key', 1, 0) (base.py:1846)
2025-10-07 22:44:04,846 - MainProcess - Thread-249 (process_request_thread) - INFO - werkzeug - 127.0.0.1 - - [07/Oct/2025 22:44:04] "GET /api/ui_state HTTP/1.1" 200 - (_internal.py:97)
2025-10-07 22:44:05,840 - MainProcess - Thread-250 (process_request_thread) - INFO - sqlalchemy.engine.Engine - SELECT settings.id AS settings_id, settings."key" AS settings_key, settings.value AS settings_value 
FROM settings 
WHERE settings."key" = ?
 LIMIT ? OFFSET ? (base.py:1846)
2025-10-07 22:44:05,842 - MainProcess - Thread-250 (process_request_thread) - INFO - sqlalchemy.engine.Engine - [cached since 5.143e+05s ago] ('api_key', 1, 0) (base.py:1846)
2025-10-07 22:44:05,845 - MainProcess - Thread-250 (process_request_thread) - INFO - werkzeug - 127.0.0.1 - - [07/Oct/2025 22:44:05] "GET /api/ui_state HTTP/1.1" 200 - (_internal.py:97)
2025-10-07 22:44:06,834 - MainProcess - Thread-251 (process_request_thread) - INFO - sqlalchemy.engine.Engine - SELECT settings.id AS settings_id, settings."key" AS settings_key, settings.value AS settings_value 
FROM settings 
WHERE settings."key" = ?
 LIMIT ? OFFSET ? (base.py:1846)
2025-10-07 22:44:06,835 - MainProcess - Thread-251 (process_request_thread) - INFO - sqlalchemy.engine.Engine - [cached since 5.143e+05s ago] ('api_key', 1, 0) (base.py:1846)
2025-10-07 22:44:06,836 - MainProcess - Thread-251 (process_request_thread) - INFO - werkzeug - 127.0.0.1 - - [07/Oct/2025 22:44:06] "GET /api/ui_state HTTP/1.1" 200 - (_internal.py:97)
2025-10-07 22:44:07,828 - MainProcess - Thread-252 (process_request_thread) - INFO - sqlalchemy.engine.Engine - SELECT settings.id AS settings_id, settings."key" AS settings_key, settings.value AS settings_value 
FROM settings 
WHERE settings."key" = ?
 LIMIT ? OFFSET ? (base.py:1846)
2025-10-07 22:44:07,829 - MainProcess - Thread-252 (process_request_thread) - INFO - sqlalchemy.engine.Engine - [cached since 5.143e+05s ago] ('api_key', 1, 0) (base.py:1846)
2025-10-07 22:44:07,831 - MainProcess - Thread-252 (process_request_thread) - INFO - werkzeug - 127.0.0.1 - - [07/Oct/2025 22:44:07] "GET /api/ui_state HTTP/1.1" 200 - (_internal.py:97)
2025-10-07 22:44:08,828 - MainProcess - Thread-253 (process_request_thread) - INFO - sqlalchemy.engine.Engine - SELECT settings.id AS settings_id, settings."key" AS settings_key, settings.value AS settings_value 
FROM settings 
WHERE settings."key" = ?
 LIMIT ? OFFSET ? (base.py:1846)
2025-10-07 22:44:08,829 - MainProcess - Thread-253 (process_request_thread) - INFO - sqlalchemy.engine.Engine - [cached since 5.143e+05s ago] ('api_key', 1, 0) (base.py:1846)
2025-10-07 22:44:08,831 - MainProcess - Thread-253 (process_request_thread) - INFO - werkzeug - 127.0.0.1 - - [07/Oct/2025 22:44:08] "GET /api/ui_state HTTP/1.1" 200 - (_internal.py:97)
2025-10-07 22:44:09,828 - MainProcess - Thread-254 (process_request_thread) - INFO - sqlalchemy.engine.Engine - SELECT settings.id AS settings_id, settings."key" AS settings_key, settings.value AS settings_value 
FROM settings 
WHERE settings."key" = ?
 LIMIT ? OFFSET ? (base.py:1846)
2025-10-07 22:44:09,828 - MainProcess - Thread-254 (process_request_thread) - INFO - sqlalchemy.engine.Engine - [cached since 5.143e+05s ago] ('api_key', 1, 0) (base.py:1846)
2025-10-07 22:44:09,830 - MainProcess - Thread-254 (process_request_thread) - INFO - werkzeug - 127.0.0.1 - - [07/Oct/2025 22:44:09] "GET /api/ui_state HTTP/1.1" 200 - (_internal.py:97)
2025-10-07 22:44:10,841 - MainProcess - Thread-255 (process_request_thread) - INFO - sqlalchemy.engine.Engine - SELECT settings.id AS settings_id, settings."key" AS settings_key, settings.value AS settings_value 
FROM settings 
WHERE settings."key" = ?
 LIMIT ? OFFSET ? (base.py:1846)
2025-10-07 22:44:10,842 - MainProcess - Thread-255 (process_request_thread) - INFO - sqlalchemy.engine.Engine - [cached since 5.143e+05s ago] ('api_key', 1, 0) (base.py:1846)
2025-10-07 22:44:10,846 - MainProcess - Thread-255 (process_request_thread) - INFO - werkzeug - 127.0.0.1 - - [07/Oct/2025 22:44:10] "GET /api/ui_state HTTP/1.1" 200 - (_internal.py:97)
2025-10-07 22:44:11,838 - MainProcess - Thread-256 (process_request_thread) - INFO - sqlalchemy.engine.Engine - SELECT settings.id AS settings_id, settings."key" AS settings_key, settings.value AS settings_value 
FROM settings 
WHERE settings."key" = ?
 LIMIT ? OFFSET ? (base.py:1846)
2025-10-07 22:44:11,840 - MainProcess - Thread-256 (process_request_thread) - INFO - sqlalchemy.engine.Engine - [cached since 5.143e+05s ago] ('api_key', 1, 0) (base.py:1846)
2025-10-07 22:44:11,842 - MainProcess - Thread-256 (process_request_thread) - INFO - werkzeug - 127.0.0.1 - - [07/Oct/2025 22:44:11] "GET /api/ui_state HTTP/1.1" 200 - (_internal.py:97)
2025-10-07 22:44:12,836 - MainProcess - Thread-257 (process_request_thread) - INFO - sqlalchemy.engine.Engine - SELECT settings.id AS settings_id, settings."key" AS settings_key, settings.value AS settings_value 
FROM settings 
WHERE settings."key" = ?
 LIMIT ? OFFSET ? (base.py:1846)
2025-10-07 22:44:12,837 - MainProcess - Thread-257 (process_request_thread) - INFO - sqlalchemy.engine.Engine - [cached since 5.143e+05s ago] ('api_key', 1, 0) (base.py:1846)
2025-10-07 22:44:12,839 - MainProcess - Thread-257 (process_request_thread) - INFO - werkzeug - 127.0.0.1 - - [07/Oct/2025 22:44:12] "GET /api/ui_state HTTP/1.1" 200 - (_internal.py:97)
2025-10-07 22:44:13,838 - MainProcess - Thread-258 (process_request_thread) - INFO - sqlalchemy.engine.Engine - SELECT settings.id AS settings_id, settings."key" AS settings_key, settings.value AS settings_value 
FROM settings 
WHERE settings."key" = ?
 LIMIT ? OFFSET ? (base.py:1846)
2025-10-07 22:44:13,840 - MainProcess - Thread-258 (process_request_thread) - INFO - sqlalchemy.engine.Engine - [cached since 5.143e+05s ago] ('api_key', 1, 0) (base.py:1846)
2025-10-07 22:44:13,842 - MainProcess - Thread-258 (process_request_thread) - INFO - werkzeug - 127.0.0.1 - - [07/Oct/2025 22:44:13] "GET /api/ui_state HTTP/1.1" 200 - (_internal.py:97)
2025-10-07 22:44:14,845 - MainProcess - Thread-259 (process_request_thread) - INFO - sqlalchemy.engine.Engine - SELECT settings.id AS settings_id, settings."key" AS settings_key, settings.value AS settings_value 
FROM settings 
WHERE settings."key" = ?
 LIMIT ? OFFSET ? (base.py:1846)
2025-10-07 22:44:14,846 - MainProcess - Thread-259 (process_request_thread) - INFO - sqlalchemy.engine.Engine - [cached since 5.143e+05s ago] ('api_key', 1, 0) (base.py:1846)
2025-10-07 22:44:14,849 - MainProcess - Thread-259 (process_request_thread) - INFO - werkzeug - 127.0.0.1 - - [07/Oct/2025 22:44:14] "GET /api/ui_state HTTP/1.1" 200 - (_internal.py:97)
2025-10-07 22:44:15,834 - MainProcess - Thread-260 (process_request_thread) - INFO - sqlalchemy.engine.Engine - SELECT settings.id AS settings_id, settings."key" AS settings_key, settings.value AS settings_value 
FROM settings 
WHERE settings."key" = ?
 LIMIT ? OFFSET ? (base.py:1846)
2025-10-07 22:44:15,835 - MainProcess - Thread-260 (process_request_thread) - INFO - sqlalchemy.engine.Engine - [cached since 5.143e+05s ago] ('api_key', 1, 0) (base.py:1846)
2025-10-07 22:44:15,836 - MainProcess - Thread-260 (process_request_thread) - INFO - werkzeug - 127.0.0.1 - - [07/Oct/2025 22:44:15] "GET /api/ui_state HTTP/1.1" 200 - (_internal.py:97)
2025-10-07 22:44:16,830 - MainProcess - Thread-261 (process_request_thread) - INFO - sqlalchemy.engine.Engine - SELECT settings.id AS settings_id, settings."key" AS settings_key, settings.value AS settings_value 
FROM settings 
WHERE settings."key" = ?
 LIMIT ? OFFSET ? (base.py:1846)
2025-10-07 22:44:16,831 - MainProcess - Thread-261 (process_request_thread) - INFO - sqlalchemy.engine.Engine - [cached since 5.143e+05s ago] ('api_key', 1, 0) (base.py:1846)
2025-10-07 22:44:16,833 - MainProcess - Thread-261 (process_request_thread) - INFO - werkzeug - 127.0.0.1 - - [07/Oct/2025 22:44:16] "GET /api/ui_state HTTP/1.1" 200 - (_internal.py:97)
2025-10-07 22:44:17,842 - MainProcess - Thread-262 (process_request_thread) - INFO - sqlalchemy.engine.Engine - SELECT settings.id AS settings_id, settings."key" AS settings_key, settings.value AS settings_value 
FROM settings 
WHERE settings."key" = ?
 LIMIT ? OFFSET ? (base.py:1846)
2025-10-07 22:44:17,842 - MainProcess - Thread-262 (process_request_thread) - INFO - sqlalchemy.engine.Engine - [cached since 5.143e+05s ago] ('api_key', 1, 0) (base.py:1846)
2025-10-07 22:44:17,844 - MainProcess - Thread-262 (process_request_thread) - INFO - werkzeug - 127.0.0.1 - - [07/Oct/2025 22:44:17] "GET /api/ui_state HTTP/1.1" 200 - (_internal.py:97)
2025-10-07 22:44:18,841 - MainProcess - Thread-263 (process_request_thread) - INFO - sqlalchemy.engine.Engine - SELECT settings.id AS settings_id, settings."key" AS settings_key, settings.value AS settings_value 
FROM settings 
WHERE settings."key" = ?
 LIMIT ? OFFSET ? (base.py:1846)
2025-10-07 22:44:18,843 - MainProcess - Thread-263 (process_request_thread) - INFO - sqlalchemy.engine.Engine - [cached since 5.143e+05s ago] ('api_key', 1, 0) (base.py:1846)
2025-10-07 22:44:18,845 - MainProcess - Thread-263 (process_request_thread) - INFO - werkzeug - 127.0.0.1 - - [07/Oct/2025 22:44:18] "GET /api/ui_state HTTP/1.1" 200 - (_internal.py:97)
2025-10-07 22:44:19,833 - MainProcess - Thread-264 (process_request_thread) - INFO - sqlalchemy.engine.Engine - SELECT settings.id AS settings_id, settings."key" AS settings_key, settings.value AS settings_value 
FROM settings 
WHERE settings."key" = ?
 LIMIT ? OFFSET ? (base.py:1846)
2025-10-07 22:44:19,834 - MainProcess - Thread-264 (process_request_thread) - INFO - sqlalchemy.engine.Engine - [cached since 5.143e+05s ago] ('api_key', 1, 0) (base.py:1846)
2025-10-07 22:44:19,836 - MainProcess - Thread-264 (process_request_thread) - INFO - werkzeug - 127.0.0.1 - - [07/Oct/2025 22:44:19] "GET /api/ui_state HTTP/1.1" 200 - (_internal.py:97)
2025-10-07 22:44:20,837 - MainProcess - Thread-265 (process_request_thread) - INFO - sqlalchemy.engine.Engine - SELECT settings.id AS settings_id, settings."key" AS settings_key, settings.value AS settings_value 
FROM settings 
WHERE settings."key" = ?
 LIMIT ? OFFSET ? (base.py:1846)
2025-10-07 22:44:20,839 - MainProcess - Thread-265 (process_request_thread) - INFO - sqlalchemy.engine.Engine - [cached since 5.143e+05s ago] ('api_key', 1, 0) (base.py:1846)
2025-10-07 22:44:20,842 - MainProcess - Thread-265 (process_request_thread) - INFO - werkzeug - 127.0.0.1 - - [07/Oct/2025 22:44:20] "GET /api/ui_state HTTP/1.1" 200 - (_internal.py:97)
2025-10-07 22:44:21,832 - MainProcess - Thread-266 (process_request_thread) - INFO - sqlalchemy.engine.Engine - SELECT settings.id AS settings_id, settings."key" AS settings_key, settings.value AS settings_value 
FROM settings 
WHERE settings."key" = ?
 LIMIT ? OFFSET ? (base.py:1846)
2025-10-07 22:44:21,832 - MainProcess - Thread-266 (process_request_thread) - INFO - sqlalchemy.engine.Engine - [cached since 5.143e+05s ago] ('api_key', 1, 0) (base.py:1846)
2025-10-07 22:44:21,835 - MainProcess - Thread-266 (process_request_thread) - INFO - werkzeug - 127.0.0.1 - - [07/Oct/2025 22:44:21] "GET /api/ui_state HTTP/1.1" 200 - (_internal.py:97)
2025-10-07 22:44:22,841 - MainProcess - Thread-267 (process_request_thread) - INFO - sqlalchemy.engine.Engine - SELECT settings.id AS settings_id, settings."key" AS settings_key, settings.value AS settings_value 
FROM settings 
WHERE settings."key" = ?
 LIMIT ? OFFSET ? (base.py:1846)
2025-10-07 22:44:22,841 - MainProcess - Thread-267 (process_request_thread) - INFO - sqlalchemy.engine.Engine - [cached since 5.143e+05s ago] ('api_key', 1, 0) (base.py:1846)
2025-10-07 22:44:22,843 - MainProcess - Thread-267 (process_request_thread) - INFO - werkzeug - 127.0.0.1 - - [07/Oct/2025 22:44:22] "GET /api/ui_state HTTP/1.1" 200 - (_internal.py:97)
2025-10-07 22:44:23,840 - MainProcess - Thread-268 (process_request_thread) - INFO - sqlalchemy.engine.Engine - SELECT settings.id AS settings_id, settings."key" AS settings_key, settings.value AS settings_value 
FROM settings 
WHERE settings."key" = ?
 LIMIT ? OFFSET ? (base.py:1846)
2025-10-07 22:44:23,841 - MainProcess - Thread-268 (process_request_thread) - INFO - sqlalchemy.engine.Engine - [cached since 5.143e+05s ago] ('api_key', 1, 0) (base.py:1846)
2025-10-07 22:44:23,843 - MainProcess - Thread-268 (process_request_thread) - INFO - werkzeug - 127.0.0.1 - - [07/Oct/2025 22:44:23] "GET /api/ui_state HTTP/1.1" 200 - (_internal.py:97)
2025-10-07 22:44:24,834 - MainProcess - Thread-269 (process_request_thread) - INFO - sqlalchemy.engine.Engine - SELECT settings.id AS settings_id, settings."key" AS settings_key, settings.value AS settings_value 
FROM settings 
WHERE settings."key" = ?
 LIMIT ? OFFSET ? (base.py:1846)
2025-10-07 22:44:24,835 - MainProcess - Thread-269 (process_request_thread) - INFO - sqlalchemy.engine.Engine - [cached since 5.143e+05s ago] ('api_key', 1, 0) (base.py:1846)
2025-10-07 22:44:24,837 - MainProcess - Thread-269 (process_request_thread) - INFO - werkzeug - 127.0.0.1 - - [07/Oct/2025 22:44:24] "GET /api/ui_state HTTP/1.1" 200 - (_internal.py:97)
2025-10-07 22:44:25,833 - MainProcess - Thread-270 (process_request_thread) - INFO - sqlalchemy.engine.Engine - SELECT settings.id AS settings_id, settings."key" AS settings_key, settings.value AS settings_value 
FROM settings 
WHERE settings."key" = ?
 LIMIT ? OFFSET ? (base.py:1846)
2025-10-07 22:44:25,834 - MainProcess - Thread-270 (process_request_thread) - INFO - sqlalchemy.engine.Engine - [cached since 5.143e+05s ago] ('api_key', 1, 0) (base.py:1846)
2025-10-07 22:44:25,836 - MainProcess - Thread-270 (process_request_thread) - INFO - werkzeug - 127.0.0.1 - - [07/Oct/2025 22:44:25] "GET /api/ui_state HTTP/1.1" 200 - (_internal.py:97)
2025-10-07 22:44:26,843 - MainProcess - Thread-271 (process_request_thread) - INFO - sqlalchemy.engine.Engine - SELECT settings.id AS settings_id, settings."key" AS settings_key, settings.value AS settings_value 
FROM settings 
WHERE settings."key" = ?
 LIMIT ? OFFSET ? (base.py:1846)
2025-10-07 22:44:26,845 - MainProcess - Thread-271 (process_request_thread) - INFO - sqlalchemy.engine.Engine - [cached since 5.143e+05s ago] ('api_key', 1, 0) (base.py:1846)
2025-10-07 22:44:26,847 - MainProcess - Thread-271 (process_request_thread) - INFO - werkzeug - 127.0.0.1 - - [07/Oct/2025 22:44:26] "GET /api/ui_state HTTP/1.1" 200 - (_internal.py:97)
2025-10-07 22:44:27,839 - MainProcess - Thread-272 (process_request_thread) - INFO - sqlalchemy.engine.Engine - SELECT settings.id AS settings_id, settings."key" AS settings_key, settings.value AS settings_value 
FROM settings 
WHERE settings."key" = ?
 LIMIT ? OFFSET ? (base.py:1846)
2025-10-07 22:44:27,841 - MainProcess - Thread-272 (process_request_thread) - INFO - sqlalchemy.engine.Engine - [cached since 5.143e+05s ago] ('api_key', 1, 0) (base.py:1846)
2025-10-07 22:44:27,842 - MainProcess - Thread-272 (process_request_thread) - INFO - werkzeug - 127.0.0.1 - - [07/Oct/2025 22:44:27] "GET /api/ui_state HTTP/1.1" 200 - (_internal.py:97)
2025-10-07 22:44:28,852 - MainProcess - Thread-273 (process_request_thread) - INFO - sqlalchemy.engine.Engine - SELECT settings.id AS settings_id, settings."key" AS settings_key, settings.value AS settings_value 
FROM settings 
WHERE settings."key" = ?
 LIMIT ? OFFSET ? (base.py:1846)
2025-10-07 22:44:28,853 - MainProcess - Thread-273 (process_request_thread) - INFO - sqlalchemy.engine.Engine - [cached since 5.143e+05s ago] ('api_key', 1, 0) (base.py:1846)
2025-10-07 22:44:28,854 - MainProcess - Thread-273 (process_request_thread) - INFO - werkzeug - 127.0.0.1 - - [07/Oct/2025 22:44:28] "GET /api/ui_state HTTP/1.1" 200 - (_internal.py:97)
2025-10-07 22:44:29,827 - MainProcess - Thread-274 (process_request_thread) - INFO - sqlalchemy.engine.Engine - SELECT settings.id AS settings_id, settings."key" AS settings_key, settings.value AS settings_value 
FROM settings 
WHERE settings."key" = ?
 LIMIT ? OFFSET ? (base.py:1846)
2025-10-07 22:44:29,828 - MainProcess - Thread-274 (process_request_thread) - INFO - sqlalchemy.engine.Engine - [cached since 5.143e+05s ago] ('api_key', 1, 0) (base.py:1846)
2025-10-07 22:44:29,830 - MainProcess - Thread-274 (process_request_thread) - INFO - werkzeug - 127.0.0.1 - - [07/Oct/2025 22:44:29] "GET /api/ui_state HTTP/1.1" 200 - (_internal.py:97)
2025-10-07 22:44:30,842 - MainProcess - Thread-275 (process_request_thread) - INFO - sqlalchemy.engine.Engine - SELECT settings.id AS settings_id, settings."key" AS settings_key, settings.value AS settings_value 
FROM settings 
WHERE settings."key" = ?
 LIMIT ? OFFSET ? (base.py:1846)
2025-10-07 22:44:30,845 - MainProcess - Thread-275 (process_request_thread) - INFO - sqlalchemy.engine.Engine - [cached since 5.143e+05s ago] ('api_key', 1, 0) (base.py:1846)
2025-10-07 22:44:30,848 - MainProcess - Thread-275 (process_request_thread) - INFO - werkzeug - 127.0.0.1 - - [07/Oct/2025 22:44:30] "GET /api/ui_state HTTP/1.1" 200 - (_internal.py:97)
2025-10-07 22:44:31,835 - MainProcess - Thread-276 (process_request_thread) - INFO - sqlalchemy.engine.Engine - SELECT settings.id AS settings_id, settings."key" AS settings_key, settings.value AS settings_value 
FROM settings 
WHERE settings."key" = ?
 LIMIT ? OFFSET ? (base.py:1846)
2025-10-07 22:44:31,835 - MainProcess - Thread-276 (process_request_thread) - INFO - sqlalchemy.engine.Engine - [cached since 5.143e+05s ago] ('api_key', 1, 0) (base.py:1846)
2025-10-07 22:44:31,837 - MainProcess - Thread-276 (process_request_thread) - INFO - werkzeug - 127.0.0.1 - - [07/Oct/2025 22:44:31] "GET /api/ui_state HTTP/1.1" 200 - (_internal.py:97)
2025-10-07 22:44:32,831 - MainProcess - Thread-277 (process_request_thread) - INFO - sqlalchemy.engine.Engine - SELECT settings.id AS settings_id, settings."key" AS settings_key, settings.value AS settings_value 
FROM settings 
WHERE settings."key" = ?
 LIMIT ? OFFSET ? (base.py:1846)
2025-10-07 22:44:32,832 - MainProcess - Thread-277 (process_request_thread) - INFO - sqlalchemy.engine.Engine - [cached since 5.143e+05s ago] ('api_key', 1, 0) (base.py:1846)
2025-10-07 22:44:32,834 - MainProcess - Thread-277 (process_request_thread) - INFO - werkzeug - 127.0.0.1 - - [07/Oct/2025 22:44:32] "GET /api/ui_state HTTP/1.1" 200 - (_internal.py:97)
2025-10-07 22:44:33,835 - MainProcess - Thread-278 (process_request_thread) - INFO - sqlalchemy.engine.Engine - SELECT settings.id AS settings_id, settings."key" AS settings_key, settings.value AS settings_value 
FROM settings 
WHERE settings."key" = ?
 LIMIT ? OFFSET ? (base.py:1846)
2025-10-07 22:44:33,836 - MainProcess - Thread-278 (process_request_thread) - INFO - sqlalchemy.engine.Engine - [cached since 5.143e+05s ago] ('api_key', 1, 0) (base.py:1846)
2025-10-07 22:44:33,837 - MainProcess - Thread-278 (process_request_thread) - INFO - werkzeug - 127.0.0.1 - - [07/Oct/2025 22:44:33] "GET /api/ui_state HTTP/1.1" 200 - (_internal.py:97)
2025-10-07 22:44:34,832 - MainProcess - Thread-279 (process_request_thread) - INFO - sqlalchemy.engine.Engine - SELECT settings.id AS settings_id, settings."key" AS settings_key, settings.value AS settings_value 
FROM settings 
WHERE settings."key" = ?
 LIMIT ? OFFSET ? (base.py:1846)
2025-10-07 22:44:34,833 - MainProcess - Thread-279 (process_request_thread) - INFO - sqlalchemy.engine.Engine - [cached since 5.143e+05s ago] ('api_key', 1, 0) (base.py:1846)
2025-10-07 22:44:34,835 - MainProcess - Thread-279 (process_request_thread) - INFO - werkzeug - 127.0.0.1 - - [07/Oct/2025 22:44:34] "GET /api/ui_state HTTP/1.1" 200 - (_internal.py:97)
2025-10-07 22:44:35,827 - MainProcess - Thread-280 (process_request_thread) - INFO - sqlalchemy.engine.Engine - SELECT settings.id AS settings_id, settings."key" AS settings_key, settings.value AS settings_value 
FROM settings 
WHERE settings."key" = ?
 LIMIT ? OFFSET ? (base.py:1846)
2025-10-07 22:44:35,828 - MainProcess - Thread-280 (process_request_thread) - INFO - sqlalchemy.engine.Engine - [cached since 5.143e+05s ago] ('api_key', 1, 0) (base.py:1846)
2025-10-07 22:44:35,831 - MainProcess - Thread-280 (process_request_thread) - INFO - werkzeug - 127.0.0.1 - - [07/Oct/2025 22:44:35] "GET /api/ui_state HTTP/1.1" 200 - (_internal.py:97)
2025-10-07 22:44:36,842 - MainProcess - Thread-281 (process_request_thread) - INFO - sqlalchemy.engine.Engine - SELECT settings.id AS settings_id, settings."key" AS settings_key, settings.value AS settings_value 
FROM settings 
WHERE settings."key" = ?
 LIMIT ? OFFSET ? (base.py:1846)
2025-10-07 22:44:36,844 - MainProcess - Thread-281 (process_request_thread) - INFO - sqlalchemy.engine.Engine - [cached since 5.143e+05s ago] ('api_key', 1, 0) (base.py:1846)
2025-10-07 22:44:36,845 - MainProcess - Thread-281 (process_request_thread) - INFO - werkzeug - 127.0.0.1 - - [07/Oct/2025 22:44:36] "GET /api/ui_state HTTP/1.1" 200 - (_internal.py:97)
2025-10-07 22:44:37,841 - MainProcess - Thread-282 (process_request_thread) - INFO - sqlalchemy.engine.Engine - SELECT settings.id AS settings_id, settings."key" AS settings_key, settings.value AS settings_value 
FROM settings 
WHERE settings."key" = ?
 LIMIT ? OFFSET ? (base.py:1846)
2025-10-07 22:44:37,843 - MainProcess - Thread-282 (process_request_thread) - INFO - sqlalchemy.engine.Engine - [cached since 5.143e+05s ago] ('api_key', 1, 0) (base.py:1846)
2025-10-07 22:44:37,845 - MainProcess - Thread-282 (process_request_thread) - INFO - werkzeug - 127.0.0.1 - - [07/Oct/2025 22:44:37] "GET /api/ui_state HTTP/1.1" 200 - (_internal.py:97)
2025-10-07 22:44:38,839 - MainProcess - Thread-283 (process_request_thread) - INFO - sqlalchemy.engine.Engine - SELECT settings.id AS settings_id, settings."key" AS settings_key, settings.value AS settings_value 
FROM settings 
WHERE settings."key" = ?
 LIMIT ? OFFSET ? (base.py:1846)
2025-10-07 22:44:38,840 - MainProcess - Thread-283 (process_request_thread) - INFO - sqlalchemy.engine.Engine - [cached since 5.143e+05s ago] ('api_key', 1, 0) (base.py:1846)
2025-10-07 22:44:38,842 - MainProcess - Thread-283 (process_request_thread) - INFO - werkzeug - 127.0.0.1 - - [07/Oct/2025 22:44:38] "GET /api/ui_state HTTP/1.1" 200 - (_internal.py:97)
2025-10-07 22:44:39,843 - MainProcess - Thread-284 (process_request_thread) - INFO - sqlalchemy.engine.Engine - SELECT settings.id AS settings_id, settings."key" AS settings_key, settings.value AS settings_value 
FROM settings 
WHERE settings."key" = ?
 LIMIT ? OFFSET ? (base.py:1846)
2025-10-07 22:44:39,843 - MainProcess - Thread-284 (process_request_thread) - INFO - sqlalchemy.engine.Engine - [cached since 5.143e+05s ago] ('api_key', 1, 0) (base.py:1846)
2025-10-07 22:44:40,053 - MainProcess - Thread-284 (process_request_thread) - INFO - werkzeug - 127.0.0.1 - - [07/Oct/2025 22:44:40] "GET /api/ui_state HTTP/1.1" 200 - (_internal.py:97)
2025-10-07 22:44:40,838 - MainProcess - Thread-285 (process_request_thread) - INFO - sqlalchemy.engine.Engine - SELECT settings.id AS settings_id, settings."key" AS settings_key, settings.value AS settings_value 
FROM settings 
WHERE settings."key" = ?
 LIMIT ? OFFSET ? (base.py:1846)
2025-10-07 22:44:40,839 - MainProcess - Thread-285 (process_request_thread) - INFO - sqlalchemy.engine.Engine - [cached since 5.143e+05s ago] ('api_key', 1, 0) (base.py:1846)
2025-10-07 22:44:40,840 - MainProcess - Thread-285 (process_request_thread) - INFO - werkzeug - 127.0.0.1 - - [07/Oct/2025 22:44:40] "GET /api/ui_state HTTP/1.1" 200 - (_internal.py:97)
2025-10-07 22:44:41,835 - MainProcess - Thread-286 (process_request_thread) - INFO - sqlalchemy.engine.Engine - SELECT settings.id AS settings_id, settings."key" AS settings_key, settings.value AS settings_value 
FROM settings 
WHERE settings."key" = ?
 LIMIT ? OFFSET ? (base.py:1846)
2025-10-07 22:44:41,836 - MainProcess - Thread-286 (process_request_thread) - INFO - sqlalchemy.engine.Engine - [cached since 5.143e+05s ago] ('api_key', 1, 0) (base.py:1846)
2025-10-07 22:44:41,837 - MainProcess - Thread-286 (process_request_thread) - INFO - werkzeug - 127.0.0.1 - - [07/Oct/2025 22:44:41] "GET /api/ui_state HTTP/1.1" 200 - (_internal.py:97)
2025-10-07 22:44:42,839 - MainProcess - Thread-287 (process_request_thread) - INFO - sqlalchemy.engine.Engine - SELECT settings.id AS settings_id, settings."key" AS settings_key, settings.value AS settings_value 
FROM settings 
WHERE settings."key" = ?
 LIMIT ? OFFSET ? (base.py:1846)
2025-10-07 22:44:42,839 - MainProcess - Thread-287 (process_request_thread) - INFO - sqlalchemy.engine.Engine - [cached since 5.143e+05s ago] ('api_key', 1, 0) (base.py:1846)
2025-10-07 22:44:42,842 - MainProcess - Thread-287 (process_request_thread) - INFO - werkzeug - 127.0.0.1 - - [07/Oct/2025 22:44:42] "GET /api/ui_state HTTP/1.1" 200 - (_internal.py:97)
2025-10-07 22:44:43,833 - MainProcess - Thread-288 (process_request_thread) - INFO - sqlalchemy.engine.Engine - SELECT settings.id AS settings_id, settings."key" AS settings_key, settings.value AS settings_value 
FROM settings 
WHERE settings."key" = ?
 LIMIT ? OFFSET ? (base.py:1846)
2025-10-07 22:44:43,834 - MainProcess - Thread-288 (process_request_thread) - INFO - sqlalchemy.engine.Engine - [cached since 5.143e+05s ago] ('api_key', 1, 0) (base.py:1846)
2025-10-07 22:44:43,835 - MainProcess - Thread-288 (process_request_thread) - INFO - werkzeug - 127.0.0.1 - - [07/Oct/2025 22:44:43] "GET /api/ui_state HTTP/1.1" 200 - (_internal.py:97)
2025-10-07 22:44:44,837 - MainProcess - Thread-289 (process_request_thread) - INFO - sqlalchemy.engine.Engine - SELECT settings.id AS settings_id, settings."key" AS settings_key, settings.value AS settings_value 
FROM settings 
WHERE settings."key" = ?
 LIMIT ? OFFSET ? (base.py:1846)
2025-10-07 22:44:44,838 - MainProcess - Thread-289 (process_request_thread) - INFO - sqlalchemy.engine.Engine - [cached since 5.143e+05s ago] ('api_key', 1, 0) (base.py:1846)
2025-10-07 22:44:44,842 - MainProcess - Thread-289 (process_request_thread) - INFO - werkzeug - 127.0.0.1 - - [07/Oct/2025 22:44:44] "GET /api/ui_state HTTP/1.1" 200 - (_internal.py:97)
2025-10-07 22:44:45,843 - MainProcess - Thread-290 (process_request_thread) - INFO - sqlalchemy.engine.Engine - SELECT settings.id AS settings_id, settings."key" AS settings_key, settings.value AS settings_value 
FROM settings 
WHERE settings."key" = ?
 LIMIT ? OFFSET ? (base.py:1846)
2025-10-07 22:44:45,844 - MainProcess - Thread-290 (process_request_thread) - INFO - sqlalchemy.engine.Engine - [cached since 5.143e+05s ago] ('api_key', 1, 0) (base.py:1846)
2025-10-07 22:44:45,848 - MainProcess - Thread-290 (process_request_thread) - INFO - werkzeug - 127.0.0.1 - - [07/Oct/2025 22:44:45] "GET /api/ui_state HTTP/1.1" 200 - (_internal.py:97)
2025-10-07 22:44:46,827 - MainProcess - Thread-291 (process_request_thread) - INFO - sqlalchemy.engine.Engine - SELECT settings.id AS settings_id, settings."key" AS settings_key, settings.value AS settings_value 
FROM settings 
WHERE settings."key" = ?
 LIMIT ? OFFSET ? (base.py:1846)
2025-10-07 22:44:46,828 - MainProcess - Thread-291 (process_request_thread) - INFO - sqlalchemy.engine.Engine - [cached since 5.143e+05s ago] ('api_key', 1, 0) (base.py:1846)
2025-10-07 22:44:46,830 - MainProcess - Thread-291 (process_request_thread) - INFO - werkzeug - 127.0.0.1 - - [07/Oct/2025 22:44:46] "GET /api/ui_state HTTP/1.1" 200 - (_internal.py:97)
2025-10-07 22:44:47,841 - MainProcess - Thread-292 (process_request_thread) - INFO - sqlalchemy.engine.Engine - SELECT settings.id AS settings_id, settings."key" AS settings_key, settings.value AS settings_value 
FROM settings 
WHERE settings."key" = ?
 LIMIT ? OFFSET ? (base.py:1846)
2025-10-07 22:44:47,842 - MainProcess - Thread-292 (process_request_thread) - INFO - sqlalchemy.engine.Engine - [cached since 5.143e+05s ago] ('api_key', 1, 0) (base.py:1846)
2025-10-07 22:44:47,845 - MainProcess - Thread-292 (process_request_thread) - INFO - werkzeug - 127.0.0.1 - - [07/Oct/2025 22:44:47] "GET /api/ui_state HTTP/1.1" 200 - (_internal.py:97)
2025-10-07 22:44:48,836 - MainProcess - Thread-293 (process_request_thread) - INFO - sqlalchemy.engine.Engine - SELECT settings.id AS settings_id, settings."key" AS settings_key, settings.value AS settings_value 
FROM settings 
WHERE settings."key" = ?
 LIMIT ? OFFSET ? (base.py:1846)
2025-10-07 22:44:48,837 - MainProcess - Thread-293 (process_request_thread) - INFO - sqlalchemy.engine.Engine - [cached since 5.143e+05s ago] ('api_key', 1, 0) (base.py:1846)
2025-10-07 22:44:48,838 - MainProcess - Thread-293 (process_request_thread) - INFO - werkzeug - 127.0.0.1 - - [07/Oct/2025 22:44:48] "GET /api/ui_state HTTP/1.1" 200 - (_internal.py:97)
2025-10-07 22:44:49,836 - MainProcess - Thread-294 (process_request_thread) - INFO - sqlalchemy.engine.Engine - SELECT settings.id AS settings_id, settings."key" AS settings_key, settings.value AS settings_value 
FROM settings 
WHERE settings."key" = ?
 LIMIT ? OFFSET ? (base.py:1846)
2025-10-07 22:44:49,838 - MainProcess - Thread-294 (process_request_thread) - INFO - sqlalchemy.engine.Engine - [cached since 5.143e+05s ago] ('api_key', 1, 0) (base.py:1846)
2025-10-07 22:44:49,840 - MainProcess - Thread-294 (process_request_thread) - INFO - werkzeug - 127.0.0.1 - - [07/Oct/2025 22:44:49] "GET /api/ui_state HTTP/1.1" 200 - (_internal.py:97)
2025-10-07 22:45:28,877 - MainProcess - Thread-295 (process_request_thread) - INFO - sqlalchemy.engine.Engine - SELECT settings.id AS settings_id, settings."key" AS settings_key, settings.value AS settings_value 
FROM settings 
WHERE settings."key" = ?
 LIMIT ? OFFSET ? (base.py:1846)
2025-10-07 22:45:28,879 - MainProcess - Thread-295 (process_request_thread) - INFO - sqlalchemy.engine.Engine - [cached since 5.144e+05s ago] ('api_key', 1, 0) (base.py:1846)
2025-10-07 22:45:28,880 - MainProcess - Thread-295 (process_request_thread) - INFO - werkzeug - 127.0.0.1 - - [07/Oct/2025 22:45:28] "GET /api/ui_state HTTP/1.1" 200 - (_internal.py:97)
2025-10-07 22:46:28,858 - MainProcess - Thread-296 (process_request_thread) - INFO - sqlalchemy.engine.Engine - SELECT settings.id AS settings_id, settings."key" AS settings_key, settings.value AS settings_value 
FROM settings 
WHERE settings."key" = ?
 LIMIT ? OFFSET ? (base.py:1846)
2025-10-07 22:46:28,861 - MainProcess - Thread-296 (process_request_thread) - INFO - sqlalchemy.engine.Engine - [cached since 5.144e+05s ago] ('api_key', 1, 0) (base.py:1846)
2025-10-07 22:46:28,863 - MainProcess - Thread-296 (process_request_thread) - INFO - werkzeug - 127.0.0.1 - - [07/Oct/2025 22:46:28] "GET /api/ui_state HTTP/1.1" 200 - (_internal.py:97)
2025-10-07 22:47:28,866 - MainProcess - Thread-297 (process_request_thread) - INFO - sqlalchemy.engine.Engine - SELECT settings.id AS settings_id, settings."key" AS settings_key, settings.value AS settings_value 
FROM settings 
WHERE settings."key" = ?
 LIMIT ? OFFSET ? (base.py:1846)
2025-10-07 22:47:28,868 - MainProcess - Thread-297 (process_request_thread) - INFO - sqlalchemy.engine.Engine - [cached since 5.145e+05s ago] ('api_key', 1, 0) (base.py:1846)
2025-10-07 22:47:28,871 - MainProcess - Thread-297 (process_request_thread) - INFO - werkzeug - 127.0.0.1 - - [07/Oct/2025 22:47:28] "GET /api/ui_state HTTP/1.1" 200 - (_internal.py:97)
2025-10-07 22:48:28,858 - MainProcess - Thread-298 (process_request_thread) - INFO - sqlalchemy.engine.Engine - SELECT settings.id AS settings_id, settings."key" AS settings_key, settings.value AS settings_value 
FROM settings 
WHERE settings."key" = ?
 LIMIT ? OFFSET ? (base.py:1846)
2025-10-07 22:48:28,861 - MainProcess - Thread-298 (process_request_thread) - INFO - sqlalchemy.engine.Engine - [cached since 5.145e+05s ago] ('api_key', 1, 0) (base.py:1846)
2025-10-07 22:48:28,865 - MainProcess - Thread-298 (process_request_thread) - INFO - werkzeug - 127.0.0.1 - - [07/Oct/2025 22:48:28] "GET /api/ui_state HTTP/1.1" 200 - (_internal.py:97)
2025-10-07 22:48:44,561 - MainProcess - Thread-299 (process_request_thread) - INFO - sqlalchemy.engine.Engine - SELECT settings.id AS settings_id, settings."key" AS settings_key, settings.value AS settings_value 
FROM settings 
WHERE settings."key" = ?
 LIMIT ? OFFSET ? (base.py:1846)
2025-10-07 22:48:44,563 - MainProcess - Thread-299 (process_request_thread) - INFO - sqlalchemy.engine.Engine - [cached since 5.146e+05s ago] ('api_key', 1, 0) (base.py:1846)
2025-10-07 22:48:44,564 - MainProcess - Thread-299 (process_request_thread) - INFO - werkzeug - 127.0.0.1 - - [07/Oct/2025 22:48:44] "GET /api/ui_state HTTP/1.1" 200 - (_internal.py:97)
2025-10-07 22:48:45,541 - MainProcess - Thread-300 (process_request_thread) - INFO - sqlalchemy.engine.Engine - SELECT settings.id AS settings_id, settings."key" AS settings_key, settings.value AS settings_value 
FROM settings 
WHERE settings."key" = ?
 LIMIT ? OFFSET ? (base.py:1846)
2025-10-07 22:48:45,543 - MainProcess - Thread-300 (process_request_thread) - INFO - sqlalchemy.engine.Engine - [cached since 5.146e+05s ago] ('api_key', 1, 0) (base.py:1846)
2025-10-07 22:48:45,545 - MainProcess - Thread-300 (process_request_thread) - INFO - werkzeug - 127.0.0.1 - - [07/Oct/2025 22:48:45] "GET /api/ui_state HTTP/1.1" 200 - (_internal.py:97)
2025-10-07 22:48:46,543 - MainProcess - Thread-301 (process_request_thread) - INFO - sqlalchemy.engine.Engine - SELECT settings.id AS settings_id, settings."key" AS settings_key, settings.value AS settings_value 
FROM settings 
WHERE settings."key" = ?
 LIMIT ? OFFSET ? (base.py:1846)
2025-10-07 22:48:46,544 - MainProcess - Thread-301 (process_request_thread) - INFO - sqlalchemy.engine.Engine - [cached since 5.146e+05s ago] ('api_key', 1, 0) (base.py:1846)
2025-10-07 22:48:46,546 - MainProcess - Thread-301 (process_request_thread) - INFO - werkzeug - 127.0.0.1 - - [07/Oct/2025 22:48:46] "GET /api/ui_state HTTP/1.1" 200 - (_internal.py:97)
2025-10-07 22:48:47,553 - MainProcess - Thread-302 (process_request_thread) - INFO - sqlalchemy.engine.Engine - SELECT settings.id AS settings_id, settings."key" AS settings_key, settings.value AS settings_value 
FROM settings 
WHERE settings."key" = ?
 LIMIT ? OFFSET ? (base.py:1846)
2025-10-07 22:48:47,554 - MainProcess - Thread-302 (process_request_thread) - INFO - sqlalchemy.engine.Engine - [cached since 5.146e+05s ago] ('api_key', 1, 0) (base.py:1846)
2025-10-07 22:48:47,555 - MainProcess - Thread-302 (process_request_thread) - INFO - werkzeug - 127.0.0.1 - - [07/Oct/2025 22:48:47] "GET /api/ui_state HTTP/1.1" 200 - (_internal.py:97)
2025-10-07 22:48:48,554 - MainProcess - Thread-303 (process_request_thread) - INFO - sqlalchemy.engine.Engine - SELECT settings.id AS settings_id, settings."key" AS settings_key, settings.value AS settings_value 
FROM settings 
WHERE settings."key" = ?
 LIMIT ? OFFSET ? (base.py:1846)
2025-10-07 22:48:48,555 - MainProcess - Thread-303 (process_request_thread) - INFO - sqlalchemy.engine.Engine - [cached since 5.146e+05s ago] ('api_key', 1, 0) (base.py:1846)
2025-10-07 22:48:48,558 - MainProcess - Thread-303 (process_request_thread) - INFO - werkzeug - 127.0.0.1 - - [07/Oct/2025 22:48:48] "GET /api/ui_state HTTP/1.1" 200 - (_internal.py:97)
2025-10-07 22:48:49,546 - MainProcess - Thread-304 (process_request_thread) - INFO - sqlalchemy.engine.Engine - SELECT settings.id AS settings_id, settings."key" AS settings_key, settings.value AS settings_value 
FROM settings 
WHERE settings."key" = ?
 LIMIT ? OFFSET ? (base.py:1846)
2025-10-07 22:48:49,547 - MainProcess - Thread-304 (process_request_thread) - INFO - sqlalchemy.engine.Engine - [cached since 5.146e+05s ago] ('api_key', 1, 0) (base.py:1846)
2025-10-07 22:48:49,554 - MainProcess - Thread-304 (process_request_thread) - INFO - werkzeug - 127.0.0.1 - - [07/Oct/2025 22:48:49] "GET /api/ui_state HTTP/1.1" 200 - (_internal.py:97)
2025-10-07 22:48:50,553 - MainProcess - Thread-305 (process_request_thread) - INFO - sqlalchemy.engine.Engine - SELECT settings.id AS settings_id, settings."key" AS settings_key, settings.value AS settings_value 
FROM settings 
WHERE settings."key" = ?
 LIMIT ? OFFSET ? (base.py:1846)
2025-10-07 22:48:50,555 - MainProcess - Thread-305 (process_request_thread) - INFO - sqlalchemy.engine.Engine - [cached since 5.146e+05s ago] ('api_key', 1, 0) (base.py:1846)
2025-10-07 22:48:50,557 - MainProcess - Thread-305 (process_request_thread) - INFO - werkzeug - 127.0.0.1 - - [07/Oct/2025 22:48:50] "GET /api/ui_state HTTP/1.1" 200 - (_internal.py:97)
2025-10-07 22:48:51,543 - MainProcess - Thread-306 (process_request_thread) - INFO - sqlalchemy.engine.Engine - SELECT settings.id AS settings_id, settings."key" AS settings_key, settings.value AS settings_value 
FROM settings 
WHERE settings."key" = ?
 LIMIT ? OFFSET ? (base.py:1846)
2025-10-07 22:48:51,545 - MainProcess - Thread-306 (process_request_thread) - INFO - sqlalchemy.engine.Engine - [cached since 5.146e+05s ago] ('api_key', 1, 0) (base.py:1846)
2025-10-07 22:48:51,551 - MainProcess - Thread-306 (process_request_thread) - INFO - werkzeug - 127.0.0.1 - - [07/Oct/2025 22:48:51] "GET /api/ui_state HTTP/1.1" 200 - (_internal.py:97)
2025-10-07 22:48:52,891 - MainProcess - Thread-307 (process_request_thread) - INFO - sqlalchemy.engine.Engine - SELECT settings.id AS settings_id, settings."key" AS settings_key, settings.value AS settings_value 
FROM settings 
WHERE settings."key" = ?
 LIMIT ? OFFSET ? (base.py:1846)
2025-10-07 22:48:52,905 - MainProcess - Thread-307 (process_request_thread) - INFO - sqlalchemy.engine.Engine - [cached since 5.146e+05s ago] ('api_key', 1, 0) (base.py:1846)
2025-10-07 22:48:52,911 - MainProcess - Thread-307 (process_request_thread) - INFO - werkzeug - 127.0.0.1 - - [07/Oct/2025 22:48:52] "GET /api/ui_state HTTP/1.1" 200 - (_internal.py:97)
2025-10-07 22:48:53,836 - MainProcess - Thread-308 (process_request_thread) - INFO - sqlalchemy.engine.Engine - SELECT settings.id AS settings_id, settings."key" AS settings_key, settings.value AS settings_value 
FROM settings 
WHERE settings."key" = ?
 LIMIT ? OFFSET ? (base.py:1846)
2025-10-07 22:48:53,837 - MainProcess - Thread-308 (process_request_thread) - INFO - sqlalchemy.engine.Engine - [cached since 5.146e+05s ago] ('api_key', 1, 0) (base.py:1846)
2025-10-07 22:48:53,839 - MainProcess - Thread-308 (process_request_thread) - INFO - werkzeug - 127.0.0.1 - - [07/Oct/2025 22:48:53] "GET /api/ui_state HTTP/1.1" 200 - (_internal.py:97)
2025-10-07 22:48:54,826 - MainProcess - Thread-309 (process_request_thread) - INFO - sqlalchemy.engine.Engine - SELECT settings.id AS settings_id, settings."key" AS settings_key, settings.value AS settings_value 
FROM settings 
WHERE settings."key" = ?
 LIMIT ? OFFSET ? (base.py:1846)
2025-10-07 22:48:54,827 - MainProcess - Thread-309 (process_request_thread) - INFO - sqlalchemy.engine.Engine - [cached since 5.146e+05s ago] ('api_key', 1, 0) (base.py:1846)
2025-10-07 22:48:54,830 - MainProcess - Thread-309 (process_request_thread) - INFO - werkzeug - 127.0.0.1 - - [07/Oct/2025 22:48:54] "GET /api/ui_state HTTP/1.1" 200 - (_internal.py:97)
2025-10-07 22:48:55,835 - MainProcess - Thread-310 (process_request_thread) - INFO - sqlalchemy.engine.Engine - SELECT settings.id AS settings_id, settings."key" AS settings_key, settings.value AS settings_value 
FROM settings 
WHERE settings."key" = ?
 LIMIT ? OFFSET ? (base.py:1846)
2025-10-07 22:48:55,836 - MainProcess - Thread-310 (process_request_thread) - INFO - sqlalchemy.engine.Engine - [cached since 5.146e+05s ago] ('api_key', 1, 0) (base.py:1846)
2025-10-07 22:48:55,839 - MainProcess - Thread-310 (process_request_thread) - INFO - werkzeug - 127.0.0.1 - - [07/Oct/2025 22:48:55] "GET /api/ui_state HTTP/1.1" 200 - (_internal.py:97)
2025-10-07 22:48:56,837 - MainProcess - Thread-311 (process_request_thread) - INFO - sqlalchemy.engine.Engine - SELECT settings.id AS settings_id, settings."key" AS settings_key, settings.value AS settings_value 
FROM settings 
WHERE settings."key" = ?
 LIMIT ? OFFSET ? (base.py:1846)
2025-10-07 22:48:56,838 - MainProcess - Thread-311 (process_request_thread) - INFO - sqlalchemy.engine.Engine - [cached since 5.146e+05s ago] ('api_key', 1, 0) (base.py:1846)
2025-10-07 22:48:56,842 - MainProcess - Thread-311 (process_request_thread) - INFO - werkzeug - 127.0.0.1 - - [07/Oct/2025 22:48:56] "GET /api/ui_state HTTP/1.1" 200 - (_internal.py:97)
2025-10-07 22:48:57,828 - MainProcess - Thread-312 (process_request_thread) - INFO - sqlalchemy.engine.Engine - SELECT settings.id AS settings_id, settings."key" AS settings_key, settings.value AS settings_value 
FROM settings 
WHERE settings."key" = ?
 LIMIT ? OFFSET ? (base.py:1846)
2025-10-07 22:48:57,829 - MainProcess - Thread-312 (process_request_thread) - INFO - sqlalchemy.engine.Engine - [cached since 5.146e+05s ago] ('api_key', 1, 0) (base.py:1846)
2025-10-07 22:48:57,830 - MainProcess - Thread-312 (process_request_thread) - INFO - werkzeug - 127.0.0.1 - - [07/Oct/2025 22:48:57] "GET /api/ui_state HTTP/1.1" 200 - (_internal.py:97)
2025-10-07 22:48:58,839 - MainProcess - Thread-313 (process_request_thread) - INFO - sqlalchemy.engine.Engine - SELECT settings.id AS settings_id, settings."key" AS settings_key, settings.value AS settings_value 
FROM settings 
WHERE settings."key" = ?
 LIMIT ? OFFSET ? (base.py:1846)
2025-10-07 22:48:58,839 - MainProcess - Thread-313 (process_request_thread) - INFO - sqlalchemy.engine.Engine - [cached since 5.146e+05s ago] ('api_key', 1, 0) (base.py:1846)
2025-10-07 22:48:58,840 - MainProcess - Thread-313 (process_request_thread) - INFO - werkzeug - 127.0.0.1 - - [07/Oct/2025 22:48:58] "GET /api/ui_state HTTP/1.1" 200 - (_internal.py:97)
2025-10-07 22:48:59,831 - MainProcess - Thread-314 (process_request_thread) - INFO - sqlalchemy.engine.Engine - SELECT settings.id AS settings_id, settings."key" AS settings_key, settings.value AS settings_value 
FROM settings 
WHERE settings."key" = ?
 LIMIT ? OFFSET ? (base.py:1846)
2025-10-07 22:48:59,832 - MainProcess - Thread-314 (process_request_thread) - INFO - sqlalchemy.engine.Engine - [cached since 5.146e+05s ago] ('api_key', 1, 0) (base.py:1846)
2025-10-07 22:48:59,834 - MainProcess - Thread-314 (process_request_thread) - INFO - werkzeug - 127.0.0.1 - - [07/Oct/2025 22:48:59] "GET /api/ui_state HTTP/1.1" 200 - (_internal.py:97)
2025-10-07 22:49:00,841 - MainProcess - Thread-315 (process_request_thread) - INFO - sqlalchemy.engine.Engine - SELECT settings.id AS settings_id, settings."key" AS settings_key, settings.value AS settings_value 
FROM settings 
WHERE settings."key" = ?
 LIMIT ? OFFSET ? (base.py:1846)
2025-10-07 22:49:00,842 - MainProcess - Thread-315 (process_request_thread) - INFO - sqlalchemy.engine.Engine - [cached since 5.146e+05s ago] ('api_key', 1, 0) (base.py:1846)
2025-10-07 22:49:00,844 - MainProcess - Thread-315 (process_request_thread) - INFO - werkzeug - 127.0.0.1 - - [07/Oct/2025 22:49:00] "GET /api/ui_state HTTP/1.1" 200 - (_internal.py:97)
2025-10-07 22:49:01,833 - MainProcess - Thread-316 (process_request_thread) - INFO - sqlalchemy.engine.Engine - SELECT settings.id AS settings_id, settings."key" AS settings_key, settings.value AS settings_value 
FROM settings 
WHERE settings."key" = ?
 LIMIT ? OFFSET ? (base.py:1846)
2025-10-07 22:49:01,834 - MainProcess - Thread-316 (process_request_thread) - INFO - sqlalchemy.engine.Engine - [cached since 5.146e+05s ago] ('api_key', 1, 0) (base.py:1846)
2025-10-07 22:49:01,835 - MainProcess - Thread-316 (process_request_thread) - INFO - werkzeug - 127.0.0.1 - - [07/Oct/2025 22:49:01] "GET /api/ui_state HTTP/1.1" 200 - (_internal.py:97)
2025-10-07 22:49:02,829 - MainProcess - Thread-317 (process_request_thread) - INFO - sqlalchemy.engine.Engine - SELECT settings.id AS settings_id, settings."key" AS settings_key, settings.value AS settings_value 
FROM settings 
WHERE settings."key" = ?
 LIMIT ? OFFSET ? (base.py:1846)
2025-10-07 22:49:02,830 - MainProcess - Thread-317 (process_request_thread) - INFO - sqlalchemy.engine.Engine - [cached since 5.146e+05s ago] ('api_key', 1, 0) (base.py:1846)
2025-10-07 22:49:02,832 - MainProcess - Thread-317 (process_request_thread) - INFO - werkzeug - 127.0.0.1 - - [07/Oct/2025 22:49:02] "GET /api/ui_state HTTP/1.1" 200 - (_internal.py:97)
2025-10-07 22:49:03,837 - MainProcess - Thread-318 (process_request_thread) - INFO - sqlalchemy.engine.Engine - SELECT settings.id AS settings_id, settings."key" AS settings_key, settings.value AS settings_value 
FROM settings 
WHERE settings."key" = ?
 LIMIT ? OFFSET ? (base.py:1846)
2025-10-07 22:49:03,838 - MainProcess - Thread-318 (process_request_thread) - INFO - sqlalchemy.engine.Engine - [cached since 5.146e+05s ago] ('api_key', 1, 0) (base.py:1846)
2025-10-07 22:49:03,840 - MainProcess - Thread-318 (process_request_thread) - INFO - werkzeug - 127.0.0.1 - - [07/Oct/2025 22:49:03] "GET /api/ui_state HTTP/1.1" 200 - (_internal.py:97)
2025-10-07 22:49:04,827 - MainProcess - Thread-319 (process_request_thread) - INFO - sqlalchemy.engine.Engine - SELECT settings.id AS settings_id, settings."key" AS settings_key, settings.value AS settings_value 
FROM settings 
WHERE settings."key" = ?
 LIMIT ? OFFSET ? (base.py:1846)
2025-10-07 22:49:04,828 - MainProcess - Thread-319 (process_request_thread) - INFO - sqlalchemy.engine.Engine - [cached since 5.146e+05s ago] ('api_key', 1, 0) (base.py:1846)
2025-10-07 22:49:04,830 - MainProcess - Thread-319 (process_request_thread) - INFO - werkzeug - 127.0.0.1 - - [07/Oct/2025 22:49:04] "GET /api/ui_state HTTP/1.1" 200 - (_internal.py:97)
2025-10-07 22:49:05,847 - MainProcess - Thread-320 (process_request_thread) - INFO - sqlalchemy.engine.Engine - SELECT settings.id AS settings_id, settings."key" AS settings_key, settings.value AS settings_value 
FROM settings 
WHERE settings."key" = ?
 LIMIT ? OFFSET ? (base.py:1846)
2025-10-07 22:49:05,848 - MainProcess - Thread-320 (process_request_thread) - INFO - sqlalchemy.engine.Engine - [cached since 5.146e+05s ago] ('api_key', 1, 0) (base.py:1846)
2025-10-07 22:49:05,850 - MainProcess - Thread-320 (process_request_thread) - INFO - werkzeug - 127.0.0.1 - - [07/Oct/2025 22:49:05] "GET /api/ui_state HTTP/1.1" 200 - (_internal.py:97)
2025-10-07 22:49:06,840 - MainProcess - Thread-321 (process_request_thread) - INFO - sqlalchemy.engine.Engine - SELECT settings.id AS settings_id, settings."key" AS settings_key, settings.value AS settings_value 
FROM settings 
WHERE settings."key" = ?
 LIMIT ? OFFSET ? (base.py:1846)
2025-10-07 22:49:06,840 - MainProcess - Thread-321 (process_request_thread) - INFO - sqlalchemy.engine.Engine - [cached since 5.146e+05s ago] ('api_key', 1, 0) (base.py:1846)
2025-10-07 22:49:06,844 - MainProcess - Thread-321 (process_request_thread) - INFO - werkzeug - 127.0.0.1 - - [07/Oct/2025 22:49:06] "GET /api/ui_state HTTP/1.1" 200 - (_internal.py:97)
2025-10-07 22:49:07,842 - MainProcess - Thread-322 (process_request_thread) - INFO - sqlalchemy.engine.Engine - SELECT settings.id AS settings_id, settings."key" AS settings_key, settings.value AS settings_value 
FROM settings 
WHERE settings."key" = ?
 LIMIT ? OFFSET ? (base.py:1846)
2025-10-07 22:49:07,844 - MainProcess - Thread-322 (process_request_thread) - INFO - sqlalchemy.engine.Engine - [cached since 5.146e+05s ago] ('api_key', 1, 0) (base.py:1846)
2025-10-07 22:49:07,846 - MainProcess - Thread-322 (process_request_thread) - INFO - werkzeug - 127.0.0.1 - - [07/Oct/2025 22:49:07] "GET /api/ui_state HTTP/1.1" 200 - (_internal.py:97)
2025-10-07 22:49:08,834 - MainProcess - Thread-323 (process_request_thread) - INFO - sqlalchemy.engine.Engine - SELECT settings.id AS settings_id, settings."key" AS settings_key, settings.value AS settings_value 
FROM settings 
WHERE settings."key" = ?
 LIMIT ? OFFSET ? (base.py:1846)
2025-10-07 22:49:08,835 - MainProcess - Thread-323 (process_request_thread) - INFO - sqlalchemy.engine.Engine - [cached since 5.146e+05s ago] ('api_key', 1, 0) (base.py:1846)
2025-10-07 22:49:08,837 - MainProcess - Thread-323 (process_request_thread) - INFO - werkzeug - 127.0.0.1 - - [07/Oct/2025 22:49:08] "GET /api/ui_state HTTP/1.1" 200 - (_internal.py:97)
2025-10-07 22:49:09,832 - MainProcess - Thread-324 (process_request_thread) - INFO - sqlalchemy.engine.Engine - SELECT settings.id AS settings_id, settings."key" AS settings_key, settings.value AS settings_value 
FROM settings 
WHERE settings."key" = ?
 LIMIT ? OFFSET ? (base.py:1846)
2025-10-07 22:49:09,833 - MainProcess - Thread-324 (process_request_thread) - INFO - sqlalchemy.engine.Engine - [cached since 5.146e+05s ago] ('api_key', 1, 0) (base.py:1846)
2025-10-07 22:49:09,834 - MainProcess - Thread-324 (process_request_thread) - INFO - werkzeug - 127.0.0.1 - - [07/Oct/2025 22:49:09] "GET /api/ui_state HTTP/1.1" 200 - (_internal.py:97)
2025-10-07 22:49:10,844 - MainProcess - Thread-325 (process_request_thread) - INFO - sqlalchemy.engine.Engine - SELECT settings.id AS settings_id, settings."key" AS settings_key, settings.value AS settings_value 
FROM settings 
WHERE settings."key" = ?
 LIMIT ? OFFSET ? (base.py:1846)
2025-10-07 22:49:10,845 - MainProcess - Thread-325 (process_request_thread) - INFO - sqlalchemy.engine.Engine - [cached since 5.146e+05s ago] ('api_key', 1, 0) (base.py:1846)
2025-10-07 22:49:10,847 - MainProcess - Thread-325 (process_request_thread) - INFO - werkzeug - 127.0.0.1 - - [07/Oct/2025 22:49:10] "GET /api/ui_state HTTP/1.1" 200 - (_internal.py:97)
2025-10-07 22:49:11,842 - MainProcess - Thread-326 (process_request_thread) - INFO - sqlalchemy.engine.Engine - SELECT settings.id AS settings_id, settings."key" AS settings_key, settings.value AS settings_value 
FROM settings 
WHERE settings."key" = ?
 LIMIT ? OFFSET ? (base.py:1846)
2025-10-07 22:49:11,844 - MainProcess - Thread-326 (process_request_thread) - INFO - sqlalchemy.engine.Engine - [cached since 5.146e+05s ago] ('api_key', 1, 0) (base.py:1846)
2025-10-07 22:49:11,846 - MainProcess - Thread-326 (process_request_thread) - INFO - werkzeug - 127.0.0.1 - - [07/Oct/2025 22:49:11] "GET /api/ui_state HTTP/1.1" 200 - (_internal.py:97)
2025-10-07 22:49:12,840 - MainProcess - Thread-327 (process_request_thread) - INFO - sqlalchemy.engine.Engine - SELECT settings.id AS settings_id, settings."key" AS settings_key, settings.value AS settings_value 
FROM settings 
WHERE settings."key" = ?
 LIMIT ? OFFSET ? (base.py:1846)
2025-10-07 22:49:12,840 - MainProcess - Thread-327 (process_request_thread) - INFO - sqlalchemy.engine.Engine - [cached since 5.146e+05s ago] ('api_key', 1, 0) (base.py:1846)
2025-10-07 22:49:12,843 - MainProcess - Thread-327 (process_request_thread) - INFO - werkzeug - 127.0.0.1 - - [07/Oct/2025 22:49:12] "GET /api/ui_state HTTP/1.1" 200 - (_internal.py:97)
2025-10-07 22:49:13,836 - MainProcess - Thread-328 (process_request_thread) - INFO - sqlalchemy.engine.Engine - SELECT settings.id AS settings_id, settings."key" AS settings_key, settings.value AS settings_value 
FROM settings 
WHERE settings."key" = ?
 LIMIT ? OFFSET ? (base.py:1846)
2025-10-07 22:49:13,837 - MainProcess - Thread-328 (process_request_thread) - INFO - sqlalchemy.engine.Engine - [cached since 5.146e+05s ago] ('api_key', 1, 0) (base.py:1846)
2025-10-07 22:49:13,839 - MainProcess - Thread-328 (process_request_thread) - INFO - werkzeug - 127.0.0.1 - - [07/Oct/2025 22:49:13] "GET /api/ui_state HTTP/1.1" 200 - (_internal.py:97)
2025-10-07 22:49:14,835 - MainProcess - Thread-329 (process_request_thread) - INFO - sqlalchemy.engine.Engine - SELECT settings.id AS settings_id, settings."key" AS settings_key, settings.value AS settings_value 
FROM settings 
WHERE settings."key" = ?
 LIMIT ? OFFSET ? (base.py:1846)
2025-10-07 22:49:14,837 - MainProcess - Thread-329 (process_request_thread) - INFO - sqlalchemy.engine.Engine - [cached since 5.146e+05s ago] ('api_key', 1, 0) (base.py:1846)
2025-10-07 22:49:14,840 - MainProcess - Thread-329 (process_request_thread) - INFO - werkzeug - 127.0.0.1 - - [07/Oct/2025 22:49:14] "GET /api/ui_state HTTP/1.1" 200 - (_internal.py:97)
2025-10-07 22:49:15,843 - MainProcess - Thread-330 (process_request_thread) - INFO - sqlalchemy.engine.Engine - SELECT settings.id AS settings_id, settings."key" AS settings_key, settings.value AS settings_value 
FROM settings 
WHERE settings."key" = ?
 LIMIT ? OFFSET ? (base.py:1846)
2025-10-07 22:49:15,844 - MainProcess - Thread-330 (process_request_thread) - INFO - sqlalchemy.engine.Engine - [cached since 5.146e+05s ago] ('api_key', 1, 0) (base.py:1846)
2025-10-07 22:49:15,847 - MainProcess - Thread-330 (process_request_thread) - INFO - werkzeug - 127.0.0.1 - - [07/Oct/2025 22:49:15] "GET /api/ui_state HTTP/1.1" 200 - (_internal.py:97)
2025-10-07 22:49:16,842 - MainProcess - Thread-331 (process_request_thread) - INFO - sqlalchemy.engine.Engine - SELECT settings.id AS settings_id, settings."key" AS settings_key, settings.value AS settings_value 
FROM settings 
WHERE settings."key" = ?
 LIMIT ? OFFSET ? (base.py:1846)
2025-10-07 22:49:16,843 - MainProcess - Thread-331 (process_request_thread) - INFO - sqlalchemy.engine.Engine - [cached since 5.146e+05s ago] ('api_key', 1, 0) (base.py:1846)
2025-10-07 22:49:16,845 - MainProcess - Thread-331 (process_request_thread) - INFO - werkzeug - 127.0.0.1 - - [07/Oct/2025 22:49:16] "GET /api/ui_state HTTP/1.1" 200 - (_internal.py:97)
2025-10-07 22:49:17,842 - MainProcess - Thread-332 (process_request_thread) - INFO - sqlalchemy.engine.Engine - SELECT settings.id AS settings_id, settings."key" AS settings_key, settings.value AS settings_value 
FROM settings 
WHERE settings."key" = ?
 LIMIT ? OFFSET ? (base.py:1846)
2025-10-07 22:49:17,843 - MainProcess - Thread-332 (process_request_thread) - INFO - sqlalchemy.engine.Engine - [cached since 5.146e+05s ago] ('api_key', 1, 0) (base.py:1846)
2025-10-07 22:49:17,846 - MainProcess - Thread-332 (process_request_thread) - INFO - werkzeug - 127.0.0.1 - - [07/Oct/2025 22:49:17] "GET /api/ui_state HTTP/1.1" 200 - (_internal.py:97)
2025-10-07 22:49:18,835 - MainProcess - Thread-333 (process_request_thread) - INFO - sqlalchemy.engine.Engine - SELECT settings.id AS settings_id, settings."key" AS settings_key, settings.value AS settings_value 
FROM settings 
WHERE settings."key" = ?
 LIMIT ? OFFSET ? (base.py:1846)
2025-10-07 22:49:18,837 - MainProcess - Thread-333 (process_request_thread) - INFO - sqlalchemy.engine.Engine - [cached since 5.146e+05s ago] ('api_key', 1, 0) (base.py:1846)
2025-10-07 22:49:18,840 - MainProcess - Thread-333 (process_request_thread) - INFO - werkzeug - 127.0.0.1 - - [07/Oct/2025 22:49:18] "GET /api/ui_state HTTP/1.1" 200 - (_internal.py:97)
2025-10-07 22:49:19,834 - MainProcess - Thread-334 (process_request_thread) - INFO - sqlalchemy.engine.Engine - SELECT settings.id AS settings_id, settings."key" AS settings_key, settings.value AS settings_value 
FROM settings 
WHERE settings."key" = ?
 LIMIT ? OFFSET ? (base.py:1846)
2025-10-07 22:49:19,835 - MainProcess - Thread-334 (process_request_thread) - INFO - sqlalchemy.engine.Engine - [cached since 5.146e+05s ago] ('api_key', 1, 0) (base.py:1846)
2025-10-07 22:49:19,836 - MainProcess - Thread-334 (process_request_thread) - INFO - werkzeug - 127.0.0.1 - - [07/Oct/2025 22:49:19] "GET /api/ui_state HTTP/1.1" 200 - (_internal.py:97)
2025-10-07 22:49:20,843 - MainProcess - Thread-335 (process_request_thread) - INFO - sqlalchemy.engine.Engine - SELECT settings.id AS settings_id, settings."key" AS settings_key, settings.value AS settings_value 
FROM settings 
WHERE settings."key" = ?
 LIMIT ? OFFSET ? (base.py:1846)
2025-10-07 22:49:20,844 - MainProcess - Thread-335 (process_request_thread) - INFO - sqlalchemy.engine.Engine - [cached since 5.146e+05s ago] ('api_key', 1, 0) (base.py:1846)
2025-10-07 22:49:20,848 - MainProcess - Thread-335 (process_request_thread) - INFO - werkzeug - 127.0.0.1 - - [07/Oct/2025 22:49:20] "GET /api/ui_state HTTP/1.1" 200 - (_internal.py:97)
2025-10-07 22:49:21,843 - MainProcess - Thread-336 (process_request_thread) - INFO - sqlalchemy.engine.Engine - SELECT settings.id AS settings_id, settings."key" AS settings_key, settings.value AS settings_value 
FROM settings 
WHERE settings."key" = ?
 LIMIT ? OFFSET ? (base.py:1846)
2025-10-07 22:49:21,845 - MainProcess - Thread-336 (process_request_thread) - INFO - sqlalchemy.engine.Engine - [cached since 5.146e+05s ago] ('api_key', 1, 0) (base.py:1846)
2025-10-07 22:49:21,847 - MainProcess - Thread-336 (process_request_thread) - INFO - werkzeug - 127.0.0.1 - - [07/Oct/2025 22:49:21] "GET /api/ui_state HTTP/1.1" 200 - (_internal.py:97)
2025-10-07 22:49:22,832 - MainProcess - Thread-337 (process_request_thread) - INFO - sqlalchemy.engine.Engine - SELECT settings.id AS settings_id, settings."key" AS settings_key, settings.value AS settings_value 
FROM settings 
WHERE settings."key" = ?
 LIMIT ? OFFSET ? (base.py:1846)
2025-10-07 22:49:22,833 - MainProcess - Thread-337 (process_request_thread) - INFO - sqlalchemy.engine.Engine - [cached since 5.146e+05s ago] ('api_key', 1, 0) (base.py:1846)
2025-10-07 22:49:22,834 - MainProcess - Thread-337 (process_request_thread) - INFO - werkzeug - 127.0.0.1 - - [07/Oct/2025 22:49:22] "GET /api/ui_state HTTP/1.1" 200 - (_internal.py:97)
2025-10-07 22:49:23,842 - MainProcess - Thread-338 (process_request_thread) - INFO - sqlalchemy.engine.Engine - SELECT settings.id AS settings_id, settings."key" AS settings_key, settings.value AS settings_value 
FROM settings 
WHERE settings."key" = ?
 LIMIT ? OFFSET ? (base.py:1846)
2025-10-07 22:49:23,844 - MainProcess - Thread-338 (process_request_thread) - INFO - sqlalchemy.engine.Engine - [cached since 5.146e+05s ago] ('api_key', 1, 0) (base.py:1846)
2025-10-07 22:49:23,847 - MainProcess - Thread-338 (process_request_thread) - INFO - werkzeug - 127.0.0.1 - - [07/Oct/2025 22:49:23] "GET /api/ui_state HTTP/1.1" 200 - (_internal.py:97)
2025-10-07 22:49:24,836 - MainProcess - Thread-339 (process_request_thread) - INFO - sqlalchemy.engine.Engine - SELECT settings.id AS settings_id, settings."key" AS settings_key, settings.value AS settings_value 
FROM settings 
WHERE settings."key" = ?
 LIMIT ? OFFSET ? (base.py:1846)
2025-10-07 22:49:24,837 - MainProcess - Thread-339 (process_request_thread) - INFO - sqlalchemy.engine.Engine - [cached since 5.146e+05s ago] ('api_key', 1, 0) (base.py:1846)
2025-10-07 22:49:24,840 - MainProcess - Thread-339 (process_request_thread) - INFO - werkzeug - 127.0.0.1 - - [07/Oct/2025 22:49:24] "GET /api/ui_state HTTP/1.1" 200 - (_internal.py:97)
2025-10-07 22:49:25,843 - MainProcess - Thread-340 (process_request_thread) - INFO - sqlalchemy.engine.Engine - SELECT settings.id AS settings_id, settings."key" AS settings_key, settings.value AS settings_value 
FROM settings 
WHERE settings."key" = ?
 LIMIT ? OFFSET ? (base.py:1846)
2025-10-07 22:49:25,846 - MainProcess - Thread-340 (process_request_thread) - INFO - sqlalchemy.engine.Engine - [cached since 5.146e+05s ago] ('api_key', 1, 0) (base.py:1846)
2025-10-07 22:49:25,849 - MainProcess - Thread-340 (process_request_thread) - INFO - werkzeug - 127.0.0.1 - - [07/Oct/2025 22:49:25] "GET /api/ui_state HTTP/1.1" 200 - (_internal.py:97)
2025-10-07 22:49:26,842 - MainProcess - Thread-341 (process_request_thread) - INFO - sqlalchemy.engine.Engine - SELECT settings.id AS settings_id, settings."key" AS settings_key, settings.value AS settings_value 
FROM settings 
WHERE settings."key" = ?
 LIMIT ? OFFSET ? (base.py:1846)
2025-10-07 22:49:26,844 - MainProcess - Thread-341 (process_request_thread) - INFO - sqlalchemy.engine.Engine - [cached since 5.146e+05s ago] ('api_key', 1, 0) (base.py:1846)
2025-10-07 22:49:26,847 - MainProcess - Thread-341 (process_request_thread) - INFO - werkzeug - 127.0.0.1 - - [07/Oct/2025 22:49:26] "GET /api/ui_state HTTP/1.1" 200 - (_internal.py:97)
2025-10-07 22:49:27,840 - MainProcess - Thread-342 (process_request_thread) - INFO - sqlalchemy.engine.Engine - SELECT settings.id AS settings_id, settings."key" AS settings_key, settings.value AS settings_value 
FROM settings 
WHERE settings."key" = ?
 LIMIT ? OFFSET ? (base.py:1846)
2025-10-07 22:49:27,842 - MainProcess - Thread-342 (process_request_thread) - INFO - sqlalchemy.engine.Engine - [cached since 5.146e+05s ago] ('api_key', 1, 0) (base.py:1846)
2025-10-07 22:49:27,844 - MainProcess - Thread-342 (process_request_thread) - INFO - werkzeug - 127.0.0.1 - - [07/Oct/2025 22:49:27] "GET /api/ui_state HTTP/1.1" 200 - (_internal.py:97)
2025-10-07 22:49:28,839 - MainProcess - Thread-343 (process_request_thread) - INFO - sqlalchemy.engine.Engine - SELECT settings.id AS settings_id, settings."key" AS settings_key, settings.value AS settings_value 
FROM settings 
WHERE settings."key" = ?
 LIMIT ? OFFSET ? (base.py:1846)
2025-10-07 22:49:28,840 - MainProcess - Thread-343 (process_request_thread) - INFO - sqlalchemy.engine.Engine - [cached since 5.146e+05s ago] ('api_key', 1, 0) (base.py:1846)
2025-10-07 22:49:28,842 - MainProcess - Thread-343 (process_request_thread) - INFO - werkzeug - 127.0.0.1 - - [07/Oct/2025 22:49:28] "GET /api/ui_state HTTP/1.1" 200 - (_internal.py:97)
2025-10-07 22:49:29,848 - MainProcess - Thread-344 (process_request_thread) - INFO - sqlalchemy.engine.Engine - SELECT settings.id AS settings_id, settings."key" AS settings_key, settings.value AS settings_value 
FROM settings 
WHERE settings."key" = ?
 LIMIT ? OFFSET ? (base.py:1846)
2025-10-07 22:49:29,850 - MainProcess - Thread-344 (process_request_thread) - INFO - sqlalchemy.engine.Engine - [cached since 5.146e+05s ago] ('api_key', 1, 0) (base.py:1846)
2025-10-07 22:49:29,852 - MainProcess - Thread-344 (process_request_thread) - INFO - werkzeug - 127.0.0.1 - - [07/Oct/2025 22:49:29] "GET /api/ui_state HTTP/1.1" 200 - (_internal.py:97)
2025-10-07 22:49:30,829 - MainProcess - Thread-345 (process_request_thread) - INFO - sqlalchemy.engine.Engine - SELECT settings.id AS settings_id, settings."key" AS settings_key, settings.value AS settings_value 
FROM settings 
WHERE settings."key" = ?
 LIMIT ? OFFSET ? (base.py:1846)
2025-10-07 22:49:30,830 - MainProcess - Thread-345 (process_request_thread) - INFO - sqlalchemy.engine.Engine - [cached since 5.146e+05s ago] ('api_key', 1, 0) (base.py:1846)
2025-10-07 22:49:30,833 - MainProcess - Thread-345 (process_request_thread) - INFO - werkzeug - 127.0.0.1 - - [07/Oct/2025 22:49:30] "GET /api/ui_state HTTP/1.1" 200 - (_internal.py:97)
2025-10-07 22:49:31,834 - MainProcess - Thread-346 (process_request_thread) - INFO - sqlalchemy.engine.Engine - SELECT settings.id AS settings_id, settings."key" AS settings_key, settings.value AS settings_value 
FROM settings 
WHERE settings."key" = ?
 LIMIT ? OFFSET ? (base.py:1846)
2025-10-07 22:49:31,835 - MainProcess - Thread-346 (process_request_thread) - INFO - sqlalchemy.engine.Engine - [cached since 5.146e+05s ago] ('api_key', 1, 0) (base.py:1846)
2025-10-07 22:49:31,836 - MainProcess - Thread-346 (process_request_thread) - INFO - werkzeug - 127.0.0.1 - - [07/Oct/2025 22:49:31] "GET /api/ui_state HTTP/1.1" 200 - (_internal.py:97)
2025-10-07 22:49:32,843 - MainProcess - Thread-347 (process_request_thread) - INFO - sqlalchemy.engine.Engine - SELECT settings.id AS settings_id, settings."key" AS settings_key, settings.value AS settings_value 
FROM settings 
WHERE settings."key" = ?
 LIMIT ? OFFSET ? (base.py:1846)
2025-10-07 22:49:32,844 - MainProcess - Thread-347 (process_request_thread) - INFO - sqlalchemy.engine.Engine - [cached since 5.146e+05s ago] ('api_key', 1, 0) (base.py:1846)
2025-10-07 22:49:32,845 - MainProcess - Thread-347 (process_request_thread) - INFO - werkzeug - 127.0.0.1 - - [07/Oct/2025 22:49:32] "GET /api/ui_state HTTP/1.1" 200 - (_internal.py:97)
2025-10-07 22:49:33,833 - MainProcess - Thread-348 (process_request_thread) - INFO - sqlalchemy.engine.Engine - SELECT settings.id AS settings_id, settings."key" AS settings_key, settings.value AS settings_value 
FROM settings 
WHERE settings."key" = ?
 LIMIT ? OFFSET ? (base.py:1846)
2025-10-07 22:49:33,835 - MainProcess - Thread-348 (process_request_thread) - INFO - sqlalchemy.engine.Engine - [cached since 5.146e+05s ago] ('api_key', 1, 0) (base.py:1846)
2025-10-07 22:49:33,837 - MainProcess - Thread-348 (process_request_thread) - INFO - werkzeug - 127.0.0.1 - - [07/Oct/2025 22:49:33] "GET /api/ui_state HTTP/1.1" 200 - (_internal.py:97)
2025-10-07 22:49:34,837 - MainProcess - Thread-349 (process_request_thread) - INFO - sqlalchemy.engine.Engine - SELECT settings.id AS settings_id, settings."key" AS settings_key, settings.value AS settings_value 
FROM settings 
WHERE settings."key" = ?
 LIMIT ? OFFSET ? (base.py:1846)
2025-10-07 22:49:34,837 - MainProcess - Thread-349 (process_request_thread) - INFO - sqlalchemy.engine.Engine - [cached since 5.146e+05s ago] ('api_key', 1, 0) (base.py:1846)
2025-10-07 22:49:34,839 - MainProcess - Thread-349 (process_request_thread) - INFO - werkzeug - 127.0.0.1 - - [07/Oct/2025 22:49:34] "GET /api/ui_state HTTP/1.1" 200 - (_internal.py:97)
2025-10-07 22:49:35,843 - MainProcess - Thread-350 (process_request_thread) - INFO - sqlalchemy.engine.Engine - SELECT settings.id AS settings_id, settings."key" AS settings_key, settings.value AS settings_value 
FROM settings 
WHERE settings."key" = ?
 LIMIT ? OFFSET ? (base.py:1846)
2025-10-07 22:49:35,844 - MainProcess - Thread-350 (process_request_thread) - INFO - sqlalchemy.engine.Engine - [cached since 5.146e+05s ago] ('api_key', 1, 0) (base.py:1846)
2025-10-07 22:49:35,846 - MainProcess - Thread-350 (process_request_thread) - INFO - werkzeug - 127.0.0.1 - - [07/Oct/2025 22:49:35] "GET /api/ui_state HTTP/1.1" 200 - (_internal.py:97)
2025-10-07 22:49:36,833 - MainProcess - Thread-351 (process_request_thread) - INFO - sqlalchemy.engine.Engine - SELECT settings.id AS settings_id, settings."key" AS settings_key, settings.value AS settings_value 
FROM settings 
WHERE settings."key" = ?
 LIMIT ? OFFSET ? (base.py:1846)
2025-10-07 22:49:36,835 - MainProcess - Thread-351 (process_request_thread) - INFO - sqlalchemy.engine.Engine - [cached since 5.146e+05s ago] ('api_key', 1, 0) (base.py:1846)
2025-10-07 22:49:36,837 - MainProcess - Thread-351 (process_request_thread) - INFO - werkzeug - 127.0.0.1 - - [07/Oct/2025 22:49:36] "GET /api/ui_state HTTP/1.1" 200 - (_internal.py:97)
2025-10-07 22:49:37,833 - MainProcess - Thread-352 (process_request_thread) - INFO - sqlalchemy.engine.Engine - SELECT settings.id AS settings_id, settings."key" AS settings_key, settings.value AS settings_value 
FROM settings 
WHERE settings."key" = ?
 LIMIT ? OFFSET ? (base.py:1846)
2025-10-07 22:49:37,834 - MainProcess - Thread-352 (process_request_thread) - INFO - sqlalchemy.engine.Engine - [cached since 5.146e+05s ago] ('api_key', 1, 0) (base.py:1846)
2025-10-07 22:49:37,836 - MainProcess - Thread-352 (process_request_thread) - INFO - werkzeug - 127.0.0.1 - - [07/Oct/2025 22:49:37] "GET /api/ui_state HTTP/1.1" 200 - (_internal.py:97)
2025-10-07 22:49:38,833 - MainProcess - Thread-353 (process_request_thread) - INFO - sqlalchemy.engine.Engine - SELECT settings.id AS settings_id, settings."key" AS settings_key, settings.value AS settings_value 
FROM settings 
WHERE settings."key" = ?
 LIMIT ? OFFSET ? (base.py:1846)
2025-10-07 22:49:38,833 - MainProcess - Thread-353 (process_request_thread) - INFO - sqlalchemy.engine.Engine - [cached since 5.146e+05s ago] ('api_key', 1, 0) (base.py:1846)
2025-10-07 22:49:38,834 - MainProcess - Thread-353 (process_request_thread) - INFO - werkzeug - 127.0.0.1 - - [07/Oct/2025 22:49:38] "GET /api/ui_state HTTP/1.1" 200 - (_internal.py:97)
2025-10-07 22:49:39,840 - MainProcess - Thread-354 (process_request_thread) - INFO - sqlalchemy.engine.Engine - SELECT settings.id AS settings_id, settings."key" AS settings_key, settings.value AS settings_value 
FROM settings 
WHERE settings."key" = ?
 LIMIT ? OFFSET ? (base.py:1846)
2025-10-07 22:49:39,841 - MainProcess - Thread-354 (process_request_thread) - INFO - sqlalchemy.engine.Engine - [cached since 5.146e+05s ago] ('api_key', 1, 0) (base.py:1846)
2025-10-07 22:49:39,843 - MainProcess - Thread-354 (process_request_thread) - INFO - werkzeug - 127.0.0.1 - - [07/Oct/2025 22:49:39] "GET /api/ui_state HTTP/1.1" 200 - (_internal.py:97)
2025-10-07 22:49:40,842 - MainProcess - Thread-355 (process_request_thread) - INFO - sqlalchemy.engine.Engine - SELECT settings.id AS settings_id, settings."key" AS settings_key, settings.value AS settings_value 
FROM settings 
WHERE settings."key" = ?
 LIMIT ? OFFSET ? (base.py:1846)
2025-10-07 22:49:40,843 - MainProcess - Thread-355 (process_request_thread) - INFO - sqlalchemy.engine.Engine - [cached since 5.146e+05s ago] ('api_key', 1, 0) (base.py:1846)
2025-10-07 22:49:40,845 - MainProcess - Thread-355 (process_request_thread) - INFO - werkzeug - 127.0.0.1 - - [07/Oct/2025 22:49:40] "GET /api/ui_state HTTP/1.1" 200 - (_internal.py:97)
2025-10-07 22:49:41,828 - MainProcess - Thread-356 (process_request_thread) - INFO - sqlalchemy.engine.Engine - SELECT settings.id AS settings_id, settings."key" AS settings_key, settings.value AS settings_value 
FROM settings 
WHERE settings."key" = ?
 LIMIT ? OFFSET ? (base.py:1846)
2025-10-07 22:49:41,829 - MainProcess - Thread-356 (process_request_thread) - INFO - sqlalchemy.engine.Engine - [cached since 5.146e+05s ago] ('api_key', 1, 0) (base.py:1846)
2025-10-07 22:49:41,832 - MainProcess - Thread-356 (process_request_thread) - INFO - werkzeug - 127.0.0.1 - - [07/Oct/2025 22:49:41] "GET /api/ui_state HTTP/1.1" 200 - (_internal.py:97)
2025-10-07 22:49:42,842 - MainProcess - Thread-357 (process_request_thread) - INFO - sqlalchemy.engine.Engine - SELECT settings.id AS settings_id, settings."key" AS settings_key, settings.value AS settings_value 
FROM settings 
WHERE settings."key" = ?
 LIMIT ? OFFSET ? (base.py:1846)
2025-10-07 22:49:42,844 - MainProcess - Thread-357 (process_request_thread) - INFO - sqlalchemy.engine.Engine - [cached since 5.146e+05s ago] ('api_key', 1, 0) (base.py:1846)
2025-10-07 22:49:42,845 - MainProcess - Thread-357 (process_request_thread) - INFO - werkzeug - 127.0.0.1 - - [07/Oct/2025 22:49:42] "GET /api/ui_state HTTP/1.1" 200 - (_internal.py:97)
2025-10-07 22:49:43,840 - MainProcess - Thread-358 (process_request_thread) - INFO - sqlalchemy.engine.Engine - SELECT settings.id AS settings_id, settings."key" AS settings_key, settings.value AS settings_value 
FROM settings 
WHERE settings."key" = ?
 LIMIT ? OFFSET ? (base.py:1846)
2025-10-07 22:49:43,841 - MainProcess - Thread-358 (process_request_thread) - INFO - sqlalchemy.engine.Engine - [cached since 5.146e+05s ago] ('api_key', 1, 0) (base.py:1846)
2025-10-07 22:49:43,843 - MainProcess - Thread-358 (process_request_thread) - INFO - werkzeug - 127.0.0.1 - - [07/Oct/2025 22:49:43] "GET /api/ui_state HTTP/1.1" 200 - (_internal.py:97)
2025-10-07 22:49:44,835 - MainProcess - Thread-359 (process_request_thread) - INFO - sqlalchemy.engine.Engine - SELECT settings.id AS settings_id, settings."key" AS settings_key, settings.value AS settings_value 
FROM settings 
WHERE settings."key" = ?
 LIMIT ? OFFSET ? (base.py:1846)
2025-10-07 22:49:44,836 - MainProcess - Thread-359 (process_request_thread) - INFO - sqlalchemy.engine.Engine - [cached since 5.146e+05s ago] ('api_key', 1, 0) (base.py:1846)
2025-10-07 22:49:44,838 - MainProcess - Thread-359 (process_request_thread) - INFO - werkzeug - 127.0.0.1 - - [07/Oct/2025 22:49:44] "GET /api/ui_state HTTP/1.1" 200 - (_internal.py:97)
2025-10-07 22:49:45,837 - MainProcess - Thread-360 (process_request_thread) - INFO - sqlalchemy.engine.Engine - SELECT settings.id AS settings_id, settings."key" AS settings_key, settings.value AS settings_value 
FROM settings 
WHERE settings."key" = ?
 LIMIT ? OFFSET ? (base.py:1846)
2025-10-07 22:49:45,837 - MainProcess - Thread-360 (process_request_thread) - INFO - sqlalchemy.engine.Engine - [cached since 5.146e+05s ago] ('api_key', 1, 0) (base.py:1846)
2025-10-07 22:49:45,839 - MainProcess - Thread-360 (process_request_thread) - INFO - werkzeug - 127.0.0.1 - - [07/Oct/2025 22:49:45] "GET /api/ui_state HTTP/1.1" 200 - (_internal.py:97)
2025-10-07 22:49:46,832 - MainProcess - Thread-361 (process_request_thread) - INFO - sqlalchemy.engine.Engine - SELECT settings.id AS settings_id, settings."key" AS settings_key, settings.value AS settings_value 
FROM settings 
WHERE settings."key" = ?
 LIMIT ? OFFSET ? (base.py:1846)
2025-10-07 22:49:46,833 - MainProcess - Thread-361 (process_request_thread) - INFO - sqlalchemy.engine.Engine - [cached since 5.146e+05s ago] ('api_key', 1, 0) (base.py:1846)
2025-10-07 22:49:46,835 - MainProcess - Thread-361 (process_request_thread) - INFO - werkzeug - 127.0.0.1 - - [07/Oct/2025 22:49:46] "GET /api/ui_state HTTP/1.1" 200 - (_internal.py:97)
2025-10-07 22:49:47,828 - MainProcess - Thread-362 (process_request_thread) - INFO - sqlalchemy.engine.Engine - SELECT settings.id AS settings_id, settings."key" AS settings_key, settings.value AS settings_value 
FROM settings 
WHERE settings."key" = ?
 LIMIT ? OFFSET ? (base.py:1846)
2025-10-07 22:49:47,830 - MainProcess - Thread-362 (process_request_thread) - INFO - sqlalchemy.engine.Engine - [cached since 5.146e+05s ago] ('api_key', 1, 0) (base.py:1846)
2025-10-07 22:49:47,832 - MainProcess - Thread-362 (process_request_thread) - INFO - werkzeug - 127.0.0.1 - - [07/Oct/2025 22:49:47] "GET /api/ui_state HTTP/1.1" 200 - (_internal.py:97)
2025-10-07 22:49:48,826 - MainProcess - Thread-363 (process_request_thread) - INFO - sqlalchemy.engine.Engine - SELECT settings.id AS settings_id, settings."key" AS settings_key, settings.value AS settings_value 
FROM settings 
WHERE settings."key" = ?
 LIMIT ? OFFSET ? (base.py:1846)
2025-10-07 22:49:48,827 - MainProcess - Thread-363 (process_request_thread) - INFO - sqlalchemy.engine.Engine - [cached since 5.146e+05s ago] ('api_key', 1, 0) (base.py:1846)
2025-10-07 22:49:48,829 - MainProcess - Thread-363 (process_request_thread) - INFO - werkzeug - 127.0.0.1 - - [07/Oct/2025 22:49:48] "GET /api/ui_state HTTP/1.1" 200 - (_internal.py:97)
2025-10-07 22:49:49,834 - MainProcess - Thread-364 (process_request_thread) - INFO - sqlalchemy.engine.Engine - SELECT settings.id AS settings_id, settings."key" AS settings_key, settings.value AS settings_value 
FROM settings 
WHERE settings."key" = ?
 LIMIT ? OFFSET ? (base.py:1846)
2025-10-07 22:49:49,835 - MainProcess - Thread-364 (process_request_thread) - INFO - sqlalchemy.engine.Engine - [cached since 5.146e+05s ago] ('api_key', 1, 0) (base.py:1846)
2025-10-07 22:49:49,836 - MainProcess - Thread-364 (process_request_thread) - INFO - werkzeug - 127.0.0.1 - - [07/Oct/2025 22:49:49] "GET /api/ui_state HTTP/1.1" 200 - (_internal.py:97)
2025-10-07 22:49:50,844 - MainProcess - Thread-365 (process_request_thread) - INFO - sqlalchemy.engine.Engine - SELECT settings.id AS settings_id, settings."key" AS settings_key, settings.value AS settings_value 
FROM settings 
WHERE settings."key" = ?
 LIMIT ? OFFSET ? (base.py:1846)
2025-10-07 22:49:50,845 - MainProcess - Thread-365 (process_request_thread) - INFO - sqlalchemy.engine.Engine - [cached since 5.146e+05s ago] ('api_key', 1, 0) (base.py:1846)
2025-10-07 22:49:50,848 - MainProcess - Thread-365 (process_request_thread) - INFO - werkzeug - 127.0.0.1 - - [07/Oct/2025 22:49:50] "GET /api/ui_state HTTP/1.1" 200 - (_internal.py:97)
2025-10-07 22:49:51,841 - MainProcess - Thread-366 (process_request_thread) - INFO - sqlalchemy.engine.Engine - SELECT settings.id AS settings_id, settings."key" AS settings_key, settings.value AS settings_value 
FROM settings 
WHERE settings."key" = ?
 LIMIT ? OFFSET ? (base.py:1846)
2025-10-07 22:49:51,842 - MainProcess - Thread-366 (process_request_thread) - INFO - sqlalchemy.engine.Engine - [cached since 5.146e+05s ago] ('api_key', 1, 0) (base.py:1846)
2025-10-07 22:49:51,843 - MainProcess - Thread-366 (process_request_thread) - INFO - werkzeug - 127.0.0.1 - - [07/Oct/2025 22:49:51] "GET /api/ui_state HTTP/1.1" 200 - (_internal.py:97)
2025-10-07 22:50:28,854 - MainProcess - Thread-367 (process_request_thread) - INFO - sqlalchemy.engine.Engine - SELECT settings.id AS settings_id, settings."key" AS settings_key, settings.value AS settings_value 
FROM settings 
WHERE settings."key" = ?
 LIMIT ? OFFSET ? (base.py:1846)
2025-10-07 22:50:28,855 - MainProcess - Thread-367 (process_request_thread) - INFO - sqlalchemy.engine.Engine - [cached since 5.147e+05s ago] ('api_key', 1, 0) (base.py:1846)
2025-10-07 22:50:28,857 - MainProcess - Thread-367 (process_request_thread) - INFO - werkzeug - 127.0.0.1 - - [07/Oct/2025 22:50:28] "GET /api/ui_state HTTP/1.1" 200 - (_internal.py:97)
2025-10-07 22:51:28,861 - MainProcess - Thread-368 (process_request_thread) - INFO - sqlalchemy.engine.Engine - SELECT settings.id AS settings_id, settings."key" AS settings_key, settings.value AS settings_value 
FROM settings 
WHERE settings."key" = ?
 LIMIT ? OFFSET ? (base.py:1846)
2025-10-07 22:51:28,863 - MainProcess - Thread-368 (process_request_thread) - INFO - sqlalchemy.engine.Engine - [cached since 5.147e+05s ago] ('api_key', 1, 0) (base.py:1846)
2025-10-07 22:51:28,866 - MainProcess - Thread-368 (process_request_thread) - INFO - werkzeug - 127.0.0.1 - - [07/Oct/2025 22:51:28] "GET /api/ui_state HTTP/1.1" 200 - (_internal.py:97)
2025-10-07 22:52:28,878 - MainProcess - Thread-369 (process_request_thread) - INFO - sqlalchemy.engine.Engine - SELECT settings.id AS settings_id, settings."key" AS settings_key, settings.value AS settings_value 
FROM settings 
WHERE settings."key" = ?
 LIMIT ? OFFSET ? (base.py:1846)
2025-10-07 22:52:28,880 - MainProcess - Thread-369 (process_request_thread) - INFO - sqlalchemy.engine.Engine - [cached since 5.148e+05s ago] ('api_key', 1, 0) (base.py:1846)
2025-10-07 22:52:28,881 - MainProcess - Thread-369 (process_request_thread) - INFO - werkzeug - 127.0.0.1 - - [07/Oct/2025 22:52:28] "GET /api/ui_state HTTP/1.1" 200 - (_internal.py:97)
2025-10-07 22:53:28,846 - MainProcess - Thread-370 (process_request_thread) - INFO - sqlalchemy.engine.Engine - SELECT settings.id AS settings_id, settings."key" AS settings_key, settings.value AS settings_value 
FROM settings 
WHERE settings."key" = ?
 LIMIT ? OFFSET ? (base.py:1846)
2025-10-07 22:53:28,847 - MainProcess - Thread-370 (process_request_thread) - INFO - sqlalchemy.engine.Engine - [cached since 5.148e+05s ago] ('api_key', 1, 0) (base.py:1846)
2025-10-07 22:53:28,851 - MainProcess - Thread-370 (process_request_thread) - INFO - werkzeug - 127.0.0.1 - - [07/Oct/2025 22:53:28] "GET /api/ui_state HTTP/1.1" 200 - (_internal.py:97)
2025-10-07 22:54:28,851 - MainProcess - Thread-371 (process_request_thread) - INFO - sqlalchemy.engine.Engine - SELECT settings.id AS settings_id, settings."key" AS settings_key, settings.value AS settings_value 
FROM settings 
WHERE settings."key" = ?
 LIMIT ? OFFSET ? (base.py:1846)
2025-10-07 22:54:28,852 - MainProcess - Thread-371 (process_request_thread) - INFO - sqlalchemy.engine.Engine - [cached since 5.149e+05s ago] ('api_key', 1, 0) (base.py:1846)
2025-10-07 22:54:28,855 - MainProcess - Thread-371 (process_request_thread) - INFO - werkzeug - 127.0.0.1 - - [07/Oct/2025 22:54:28] "GET /api/ui_state HTTP/1.1" 200 - (_internal.py:97)
2025-10-07 22:55:28,872 - MainProcess - Thread-372 (process_request_thread) - INFO - sqlalchemy.engine.Engine - SELECT settings.id AS settings_id, settings."key" AS settings_key, settings.value AS settings_value 
FROM settings 
WHERE settings."key" = ?
 LIMIT ? OFFSET ? (base.py:1846)
2025-10-07 22:55:28,873 - MainProcess - Thread-372 (process_request_thread) - INFO - sqlalchemy.engine.Engine - [cached since 5.15e+05s ago] ('api_key', 1, 0) (base.py:1846)
2025-10-07 22:55:28,876 - MainProcess - Thread-372 (process_request_thread) - INFO - werkzeug - 127.0.0.1 - - [07/Oct/2025 22:55:28] "GET /api/ui_state HTTP/1.1" 200 - (_internal.py:97)
2025-10-07 22:56:28,846 - MainProcess - Thread-373 (process_request_thread) - INFO - sqlalchemy.engine.Engine - SELECT settings.id AS settings_id, settings."key" AS settings_key, settings.value AS settings_value 
FROM settings 
WHERE settings."key" = ?
 LIMIT ? OFFSET ? (base.py:1846)
2025-10-07 22:56:28,847 - MainProcess - Thread-373 (process_request_thread) - INFO - sqlalchemy.engine.Engine - [cached since 5.15e+05s ago] ('api_key', 1, 0) (base.py:1846)
2025-10-07 22:56:28,848 - MainProcess - Thread-373 (process_request_thread) - INFO - werkzeug - 127.0.0.1 - - [07/Oct/2025 22:56:28] "GET /api/ui_state HTTP/1.1" 200 - (_internal.py:97)
2025-10-07 22:57:28,851 - MainProcess - Thread-374 (process_request_thread) - INFO - sqlalchemy.engine.Engine - SELECT settings.id AS settings_id, settings."key" AS settings_key, settings.value AS settings_value 
FROM settings 
WHERE settings."key" = ?
 LIMIT ? OFFSET ? (base.py:1846)
2025-10-07 22:57:28,852 - MainProcess - Thread-374 (process_request_thread) - INFO - sqlalchemy.engine.Engine - [cached since 5.151e+05s ago] ('api_key', 1, 0) (base.py:1846)
2025-10-07 22:57:28,855 - MainProcess - Thread-374 (process_request_thread) - INFO - werkzeug - 127.0.0.1 - - [07/Oct/2025 22:57:28] "GET /api/ui_state HTTP/1.1" 200 - (_internal.py:97)
2025-10-07 22:58:28,867 - MainProcess - Thread-375 (process_request_thread) - INFO - sqlalchemy.engine.Engine - SELECT settings.id AS settings_id, settings."key" AS settings_key, settings.value AS settings_value 
FROM settings 
WHERE settings."key" = ?
 LIMIT ? OFFSET ? (base.py:1846)
2025-10-07 22:58:28,869 - MainProcess - Thread-375 (process_request_thread) - INFO - sqlalchemy.engine.Engine - [cached since 5.151e+05s ago] ('api_key', 1, 0) (base.py:1846)
2025-10-07 22:58:28,871 - MainProcess - Thread-375 (process_request_thread) - INFO - werkzeug - 127.0.0.1 - - [07/Oct/2025 22:58:28] "GET /api/ui_state HTTP/1.1" 200 - (_internal.py:97)
2025-10-07 22:59:28,875 - MainProcess - Thread-376 (process_request_thread) - INFO - sqlalchemy.engine.Engine - SELECT settings.id AS settings_id, settings."key" AS settings_key, settings.value AS settings_value 
FROM settings 
WHERE settings."key" = ?
 LIMIT ? OFFSET ? (base.py:1846)
2025-10-07 22:59:28,878 - MainProcess - Thread-376 (process_request_thread) - INFO - sqlalchemy.engine.Engine - [cached since 5.152e+05s ago] ('api_key', 1, 0) (base.py:1846)
2025-10-07 22:59:28,880 - MainProcess - Thread-376 (process_request_thread) - INFO - werkzeug - 127.0.0.1 - - [07/Oct/2025 22:59:28] "GET /api/ui_state HTTP/1.1" 200 - (_internal.py:97)
2025-10-07 23:00:28,860 - MainProcess - Thread-377 (process_request_thread) - INFO - sqlalchemy.engine.Engine - SELECT settings.id AS settings_id, settings."key" AS settings_key, settings.value AS settings_value 
FROM settings 
WHERE settings."key" = ?
 LIMIT ? OFFSET ? (base.py:1846)
2025-10-07 23:00:28,862 - MainProcess - Thread-377 (process_request_thread) - INFO - sqlalchemy.engine.Engine - [cached since 5.153e+05s ago] ('api_key', 1, 0) (base.py:1846)
2025-10-07 23:00:28,863 - MainProcess - Thread-377 (process_request_thread) - INFO - werkzeug - 127.0.0.1 - - [07/Oct/2025 23:00:28] "GET /api/ui_state HTTP/1.1" 200 - (_internal.py:97)
2025-10-07 23:01:28,877 - MainProcess - Thread-378 (process_request_thread) - INFO - sqlalchemy.engine.Engine - SELECT settings.id AS settings_id, settings."key" AS settings_key, settings.value AS settings_value 
FROM settings 
WHERE settings."key" = ?
 LIMIT ? OFFSET ? (base.py:1846)
2025-10-07 23:01:28,879 - MainProcess - Thread-378 (process_request_thread) - INFO - sqlalchemy.engine.Engine - [cached since 5.153e+05s ago] ('api_key', 1, 0) (base.py:1846)
2025-10-07 23:01:28,881 - MainProcess - Thread-378 (process_request_thread) - INFO - werkzeug - 127.0.0.1 - - [07/Oct/2025 23:01:28] "GET /api/ui_state HTTP/1.1" 200 - (_internal.py:97)
2025-10-07 23:02:28,885 - MainProcess - Thread-379 (process_request_thread) - INFO - sqlalchemy.engine.Engine - SELECT settings.id AS settings_id, settings."key" AS settings_key, settings.value AS settings_value 
FROM settings 
WHERE settings."key" = ?
 LIMIT ? OFFSET ? (base.py:1846)
2025-10-07 23:02:28,886 - MainProcess - Thread-379 (process_request_thread) - INFO - sqlalchemy.engine.Engine - [cached since 5.154e+05s ago] ('api_key', 1, 0) (base.py:1846)
2025-10-07 23:02:28,889 - MainProcess - Thread-379 (process_request_thread) - INFO - werkzeug - 127.0.0.1 - - [07/Oct/2025 23:02:28] "GET /api/ui_state HTTP/1.1" 200 - (_internal.py:97)
2025-10-07 23:03:28,851 - MainProcess - Thread-380 (process_request_thread) - INFO - sqlalchemy.engine.Engine - SELECT settings.id AS settings_id, settings."key" AS settings_key, settings.value AS settings_value 
FROM settings 
WHERE settings."key" = ?
 LIMIT ? OFFSET ? (base.py:1846)
2025-10-07 23:03:28,852 - MainProcess - Thread-380 (process_request_thread) - INFO - sqlalchemy.engine.Engine - [cached since 5.154e+05s ago] ('api_key', 1, 0) (base.py:1846)
2025-10-07 23:03:28,855 - MainProcess - Thread-380 (process_request_thread) - INFO - werkzeug - 127.0.0.1 - - [07/Oct/2025 23:03:28] "GET /api/ui_state HTTP/1.1" 200 - (_internal.py:97)
2025-10-07 23:04:28,865 - MainProcess - Thread-381 (process_request_thread) - INFO - sqlalchemy.engine.Engine - SELECT settings.id AS settings_id, settings."key" AS settings_key, settings.value AS settings_value 
FROM settings 
WHERE settings."key" = ?
 LIMIT ? OFFSET ? (base.py:1846)
2025-10-07 23:04:28,866 - MainProcess - Thread-381 (process_request_thread) - INFO - sqlalchemy.engine.Engine - [cached since 5.155e+05s ago] ('api_key', 1, 0) (base.py:1846)
2025-10-07 23:04:28,869 - MainProcess - Thread-381 (process_request_thread) - INFO - werkzeug - 127.0.0.1 - - [07/Oct/2025 23:04:28] "GET /api/ui_state HTTP/1.1" 200 - (_internal.py:97)
2025-10-07 23:05:28,859 - MainProcess - Thread-382 (process_request_thread) - INFO - sqlalchemy.engine.Engine - SELECT settings.id AS settings_id, settings."key" AS settings_key, settings.value AS settings_value 
FROM settings 
WHERE settings."key" = ?
 LIMIT ? OFFSET ? (base.py:1846)
2025-10-07 23:05:28,860 - MainProcess - Thread-382 (process_request_thread) - INFO - sqlalchemy.engine.Engine - [cached since 5.156e+05s ago] ('api_key', 1, 0) (base.py:1846)
2025-10-07 23:05:28,862 - MainProcess - Thread-382 (process_request_thread) - INFO - werkzeug - 127.0.0.1 - - [07/Oct/2025 23:05:28] "GET /api/ui_state HTTP/1.1" 200 - (_internal.py:97)
2025-10-07 23:06:28,891 - MainProcess - Thread-383 (process_request_thread) - INFO - sqlalchemy.engine.Engine - SELECT settings.id AS settings_id, settings."key" AS settings_key, settings.value AS settings_value 
FROM settings 
WHERE settings."key" = ?
 LIMIT ? OFFSET ? (base.py:1846)
2025-10-07 23:06:28,893 - MainProcess - Thread-383 (process_request_thread) - INFO - sqlalchemy.engine.Engine - [cached since 5.156e+05s ago] ('api_key', 1, 0) (base.py:1846)
2025-10-07 23:06:28,895 - MainProcess - Thread-383 (process_request_thread) - INFO - werkzeug - 127.0.0.1 - - [07/Oct/2025 23:06:28] "GET /api/ui_state HTTP/1.1" 200 - (_internal.py:97)
2025-10-07 23:07:28,861 - MainProcess - Thread-384 (process_request_thread) - INFO - sqlalchemy.engine.Engine - SELECT settings.id AS settings_id, settings."key" AS settings_key, settings.value AS settings_value 
FROM settings 
WHERE settings."key" = ?
 LIMIT ? OFFSET ? (base.py:1846)
2025-10-07 23:07:28,862 - MainProcess - Thread-384 (process_request_thread) - INFO - sqlalchemy.engine.Engine - [cached since 5.157e+05s ago] ('api_key', 1, 0) (base.py:1846)
2025-10-07 23:07:28,865 - MainProcess - Thread-384 (process_request_thread) - INFO - werkzeug - 127.0.0.1 - - [07/Oct/2025 23:07:28] "GET /api/ui_state HTTP/1.1" 200 - (_internal.py:97)
2025-10-07 23:08:28,859 - MainProcess - Thread-385 (process_request_thread) - INFO - sqlalchemy.engine.Engine - SELECT settings.id AS settings_id, settings."key" AS settings_key, settings.value AS settings_value 
FROM settings 
WHERE settings."key" = ?
 LIMIT ? OFFSET ? (base.py:1846)
2025-10-07 23:08:28,860 - MainProcess - Thread-385 (process_request_thread) - INFO - sqlalchemy.engine.Engine - [cached since 5.157e+05s ago] ('api_key', 1, 0) (base.py:1846)
2025-10-07 23:08:28,862 - MainProcess - Thread-385 (process_request_thread) - INFO - werkzeug - 127.0.0.1 - - [07/Oct/2025 23:08:28] "GET /api/ui_state HTTP/1.1" 200 - (_internal.py:97)
2025-10-07 23:09:28,871 - MainProcess - Thread-386 (process_request_thread) - INFO - sqlalchemy.engine.Engine - SELECT settings.id AS settings_id, settings."key" AS settings_key, settings.value AS settings_value 
FROM settings 
WHERE settings."key" = ?
 LIMIT ? OFFSET ? (base.py:1846)
2025-10-07 23:09:28,872 - MainProcess - Thread-386 (process_request_thread) - INFO - sqlalchemy.engine.Engine - [cached since 5.158e+05s ago] ('api_key', 1, 0) (base.py:1846)
2025-10-07 23:09:28,874 - MainProcess - Thread-386 (process_request_thread) - INFO - werkzeug - 127.0.0.1 - - [07/Oct/2025 23:09:28] "GET /api/ui_state HTTP/1.1" 200 - (_internal.py:97)
2025-10-07 23:10:28,880 - MainProcess - Thread-387 (process_request_thread) - INFO - sqlalchemy.engine.Engine - SELECT settings.id AS settings_id, settings."key" AS settings_key, settings.value AS settings_value 
FROM settings 
WHERE settings."key" = ?
 LIMIT ? OFFSET ? (base.py:1846)
2025-10-07 23:10:28,881 - MainProcess - Thread-387 (process_request_thread) - INFO - sqlalchemy.engine.Engine - [cached since 5.159e+05s ago] ('api_key', 1, 0) (base.py:1846)
2025-10-07 23:10:28,883 - MainProcess - Thread-387 (process_request_thread) - INFO - werkzeug - 127.0.0.1 - - [07/Oct/2025 23:10:28] "GET /api/ui_state HTTP/1.1" 200 - (_internal.py:97)
2025-10-07 23:11:28,869 - MainProcess - Thread-388 (process_request_thread) - INFO - sqlalchemy.engine.Engine - SELECT settings.id AS settings_id, settings."key" AS settings_key, settings.value AS settings_value 
FROM settings 
WHERE settings."key" = ?
 LIMIT ? OFFSET ? (base.py:1846)
2025-10-07 23:11:28,870 - MainProcess - Thread-388 (process_request_thread) - INFO - sqlalchemy.engine.Engine - [cached since 5.159e+05s ago] ('api_key', 1, 0) (base.py:1846)
2025-10-07 23:11:28,873 - MainProcess - Thread-388 (process_request_thread) - INFO - werkzeug - 127.0.0.1 - - [07/Oct/2025 23:11:28] "GET /api/ui_state HTTP/1.1" 200 - (_internal.py:97)
2025-10-07 23:12:28,844 - MainProcess - Thread-389 (process_request_thread) - INFO - sqlalchemy.engine.Engine - SELECT settings.id AS settings_id, settings."key" AS settings_key, settings.value AS settings_value 
FROM settings 
WHERE settings."key" = ?
 LIMIT ? OFFSET ? (base.py:1846)
2025-10-07 23:12:28,845 - MainProcess - Thread-389 (process_request_thread) - INFO - sqlalchemy.engine.Engine - [cached since 5.16e+05s ago] ('api_key', 1, 0) (base.py:1846)
2025-10-07 23:12:28,848 - MainProcess - Thread-389 (process_request_thread) - INFO - werkzeug - 127.0.0.1 - - [07/Oct/2025 23:12:28] "GET /api/ui_state HTTP/1.1" 200 - (_internal.py:97)
2025-10-07 23:13:28,841 - MainProcess - Thread-390 (process_request_thread) - INFO - sqlalchemy.engine.Engine - SELECT settings.id AS settings_id, settings."key" AS settings_key, settings.value AS settings_value 
FROM settings 
WHERE settings."key" = ?
 LIMIT ? OFFSET ? (base.py:1846)
2025-10-07 23:13:28,843 - MainProcess - Thread-390 (process_request_thread) - INFO - sqlalchemy.engine.Engine - [cached since 5.16e+05s ago] ('api_key', 1, 0) (base.py:1846)
2025-10-07 23:13:28,847 - MainProcess - Thread-390 (process_request_thread) - INFO - werkzeug - 127.0.0.1 - - [07/Oct/2025 23:13:28] "GET /api/ui_state HTTP/1.1" 200 - (_internal.py:97)
2025-10-07 23:14:28,862 - MainProcess - Thread-391 (process_request_thread) - INFO - sqlalchemy.engine.Engine - SELECT settings.id AS settings_id, settings."key" AS settings_key, settings.value AS settings_value 
FROM settings 
WHERE settings."key" = ?
 LIMIT ? OFFSET ? (base.py:1846)
2025-10-07 23:14:28,863 - MainProcess - Thread-391 (process_request_thread) - INFO - sqlalchemy.engine.Engine - [cached since 5.161e+05s ago] ('api_key', 1, 0) (base.py:1846)
2025-10-07 23:14:28,866 - MainProcess - Thread-391 (process_request_thread) - INFO - werkzeug - 127.0.0.1 - - [07/Oct/2025 23:14:28] "GET /api/ui_state HTTP/1.1" 200 - (_internal.py:97)
2025-10-07 23:15:28,863 - MainProcess - Thread-392 (process_request_thread) - INFO - sqlalchemy.engine.Engine - SELECT settings.id AS settings_id, settings."key" AS settings_key, settings.value AS settings_value 
FROM settings 
WHERE settings."key" = ?
 LIMIT ? OFFSET ? (base.py:1846)
2025-10-07 23:15:28,865 - MainProcess - Thread-392 (process_request_thread) - INFO - sqlalchemy.engine.Engine - [cached since 5.162e+05s ago] ('api_key', 1, 0) (base.py:1846)
2025-10-07 23:15:28,868 - MainProcess - Thread-392 (process_request_thread) - INFO - werkzeug - 127.0.0.1 - - [07/Oct/2025 23:15:28] "GET /api/ui_state HTTP/1.1" 200 - (_internal.py:97)
2025-10-07 23:16:28,871 - MainProcess - Thread-393 (process_request_thread) - INFO - sqlalchemy.engine.Engine - SELECT settings.id AS settings_id, settings."key" AS settings_key, settings.value AS settings_value 
FROM settings 
WHERE settings."key" = ?
 LIMIT ? OFFSET ? (base.py:1846)
2025-10-07 23:16:28,872 - MainProcess - Thread-393 (process_request_thread) - INFO - sqlalchemy.engine.Engine - [cached since 5.162e+05s ago] ('api_key', 1, 0) (base.py:1846)
2025-10-07 23:16:28,874 - MainProcess - Thread-393 (process_request_thread) - INFO - werkzeug - 127.0.0.1 - - [07/Oct/2025 23:16:28] "GET /api/ui_state HTTP/1.1" 200 - (_internal.py:97)
2025-10-07 23:17:28,854 - MainProcess - Thread-394 (process_request_thread) - INFO - sqlalchemy.engine.Engine - SELECT settings.id AS settings_id, settings."key" AS settings_key, settings.value AS settings_value 
FROM settings 
WHERE settings."key" = ?
 LIMIT ? OFFSET ? (base.py:1846)
2025-10-07 23:17:28,855 - MainProcess - Thread-394 (process_request_thread) - INFO - sqlalchemy.engine.Engine - [cached since 5.163e+05s ago] ('api_key', 1, 0) (base.py:1846)
2025-10-07 23:17:28,857 - MainProcess - Thread-394 (process_request_thread) - INFO - werkzeug - 127.0.0.1 - - [07/Oct/2025 23:17:28] "GET /api/ui_state HTTP/1.1" 200 - (_internal.py:97)
2025-10-07 23:18:28,861 - MainProcess - Thread-395 (process_request_thread) - INFO - sqlalchemy.engine.Engine - SELECT settings.id AS settings_id, settings."key" AS settings_key, settings.value AS settings_value 
FROM settings 
WHERE settings."key" = ?
 LIMIT ? OFFSET ? (base.py:1846)
2025-10-07 23:18:28,863 - MainProcess - Thread-395 (process_request_thread) - INFO - sqlalchemy.engine.Engine - [cached since 5.163e+05s ago] ('api_key', 1, 0) (base.py:1846)
2025-10-07 23:18:28,864 - MainProcess - Thread-395 (process_request_thread) - INFO - werkzeug - 127.0.0.1 - - [07/Oct/2025 23:18:28] "GET /api/ui_state HTTP/1.1" 200 - (_internal.py:97)
2025-10-07 23:19:28,847 - MainProcess - Thread-396 (process_request_thread) - INFO - sqlalchemy.engine.Engine - SELECT settings.id AS settings_id, settings."key" AS settings_key, settings.value AS settings_value 
FROM settings 
WHERE settings."key" = ?
 LIMIT ? OFFSET ? (base.py:1846)
2025-10-07 23:19:28,849 - MainProcess - Thread-396 (process_request_thread) - INFO - sqlalchemy.engine.Engine - [cached since 5.164e+05s ago] ('api_key', 1, 0) (base.py:1846)
2025-10-07 23:19:28,851 - MainProcess - Thread-396 (process_request_thread) - INFO - werkzeug - 127.0.0.1 - - [07/Oct/2025 23:19:28] "GET /api/ui_state HTTP/1.1" 200 - (_internal.py:97)
2025-10-08 03:57:13,106 - MainProcess - Thread-397 (process_request_thread) - INFO - sqlalchemy.engine.Engine - SELECT settings.id AS settings_id, settings."key" AS settings_key, settings.value AS settings_value 
FROM settings 
WHERE settings."key" = ?
 LIMIT ? OFFSET ? (base.py:1846)
2025-10-08 03:57:13,111 - MainProcess - Thread-397 (process_request_thread) - INFO - sqlalchemy.engine.Engine - [cached since 5.331e+05s ago] ('api_key', 1, 0) (base.py:1846)
2025-10-08 03:57:13,117 - MainProcess - Thread-397 (process_request_thread) - INFO - werkzeug - 127.0.0.1 - - [08/Oct/2025 03:57:13] "GET /api/ui_state HTTP/1.1" 200 - (_internal.py:97)
2025-10-09 21:17:46,300 - MainProcess - Thread-398 (process_request_thread) - INFO - sqlalchemy.engine.Engine - SELECT settings.id AS settings_id, settings."key" AS settings_key, settings.value AS settings_value 
FROM settings 
WHERE settings."key" = ?
 LIMIT ? OFFSET ? (base.py:1846)
2025-10-09 21:17:46,310 - MainProcess - Thread-398 (process_request_thread) - INFO - sqlalchemy.engine.Engine - [cached since 6.819e+05s ago] ('api_key', 1, 0) (base.py:1846)
2025-10-09 21:17:46,312 - MainProcess - Thread-398 (process_request_thread) - INFO - werkzeug - 127.0.0.1 - - [09/Oct/2025 21:17:46] "GET /api/ui_state HTTP/1.1" 200 - (_internal.py:97)
2025-10-09 21:17:52,839 - MainProcess - Thread-399 (process_request_thread) - INFO - sqlalchemy.engine.Engine - SELECT settings.id AS settings_id, settings."key" AS settings_key, settings.value AS settings_value 
FROM settings 
WHERE settings."key" = ?
 LIMIT ? OFFSET ? (base.py:1846)
2025-10-09 21:17:52,840 - MainProcess - Thread-399 (process_request_thread) - INFO - sqlalchemy.engine.Engine - [cached since 6.819e+05s ago] ('api_key', 1, 0) (base.py:1846)
2025-10-09 21:17:52,842 - MainProcess - Thread-399 (process_request_thread) - INFO - werkzeug - 127.0.0.1 - - [09/Oct/2025 21:17:52] "GET /api/ui_state HTTP/1.1" 200 - (_internal.py:97)
2025-10-09 21:17:53,847 - MainProcess - Thread-400 (process_request_thread) - INFO - sqlalchemy.engine.Engine - SELECT settings.id AS settings_id, settings."key" AS settings_key, settings.value AS settings_value 
FROM settings 
WHERE settings."key" = ?
 LIMIT ? OFFSET ? (base.py:1846)
2025-10-09 21:17:53,849 - MainProcess - Thread-400 (process_request_thread) - INFO - sqlalchemy.engine.Engine - [cached since 6.819e+05s ago] ('api_key', 1, 0) (base.py:1846)
2025-10-09 21:17:53,851 - MainProcess - Thread-400 (process_request_thread) - INFO - werkzeug - 127.0.0.1 - - [09/Oct/2025 21:17:53] "GET /api/ui_state HTTP/1.1" 200 - (_internal.py:97)
2025-10-09 21:17:54,837 - MainProcess - Thread-401 (process_request_thread) - INFO - sqlalchemy.engine.Engine - SELECT settings.id AS settings_id, settings."key" AS settings_key, settings.value AS settings_value 
FROM settings 
WHERE settings."key" = ?
 LIMIT ? OFFSET ? (base.py:1846)
2025-10-09 21:17:54,837 - MainProcess - Thread-401 (process_request_thread) - INFO - sqlalchemy.engine.Engine - [cached since 6.819e+05s ago] ('api_key', 1, 0) (base.py:1846)
2025-10-09 21:17:54,839 - MainProcess - Thread-401 (process_request_thread) - INFO - werkzeug - 127.0.0.1 - - [09/Oct/2025 21:17:54] "GET /api/ui_state HTTP/1.1" 200 - (_internal.py:97)
2025-10-09 21:17:55,841 - MainProcess - Thread-402 (process_request_thread) - INFO - sqlalchemy.engine.Engine - SELECT settings.id AS settings_id, settings."key" AS settings_key, settings.value AS settings_value 
FROM settings 
WHERE settings."key" = ?
 LIMIT ? OFFSET ? (base.py:1846)
2025-10-09 21:17:55,841 - MainProcess - Thread-402 (process_request_thread) - INFO - sqlalchemy.engine.Engine - [cached since 6.819e+05s ago] ('api_key', 1, 0) (base.py:1846)
2025-10-09 21:17:55,843 - MainProcess - Thread-402 (process_request_thread) - INFO - werkzeug - 127.0.0.1 - - [09/Oct/2025 21:17:55] "GET /api/ui_state HTTP/1.1" 200 - (_internal.py:97)
2025-10-09 21:17:56,838 - MainProcess - Thread-403 (process_request_thread) - INFO - sqlalchemy.engine.Engine - SELECT settings.id AS settings_id, settings."key" AS settings_key, settings.value AS settings_value 
FROM settings 
WHERE settings."key" = ?
 LIMIT ? OFFSET ? (base.py:1846)
2025-10-09 21:17:56,839 - MainProcess - Thread-403 (process_request_thread) - INFO - sqlalchemy.engine.Engine - [cached since 6.819e+05s ago] ('api_key', 1, 0) (base.py:1846)
2025-10-09 21:17:56,841 - MainProcess - Thread-403 (process_request_thread) - INFO - werkzeug - 127.0.0.1 - - [09/Oct/2025 21:17:56] "GET /api/ui_state HTTP/1.1" 200 - (_internal.py:97)
2025-10-09 21:17:57,672 - MainProcess - Thread-404 (process_request_thread) - INFO - sqlalchemy.engine.Engine - SELECT settings.id AS settings_id, settings."key" AS settings_key, settings.value AS settings_value 
FROM settings 
WHERE settings."key" = ?
 LIMIT ? OFFSET ? (base.py:1846)
2025-10-09 21:17:57,673 - MainProcess - Thread-404 (process_request_thread) - INFO - sqlalchemy.engine.Engine - [cached since 6.819e+05s ago] ('api_key', 1, 0) (base.py:1846)
2025-10-09 21:17:57,676 - MainProcess - Thread-404 (process_request_thread) - INFO - werkzeug - 127.0.0.1 - - [09/Oct/2025 21:17:57] "GET /api/ui_state HTTP/1.1" 200 - (_internal.py:97)
2025-10-09 21:17:58,584 - MainProcess - Thread-405 (process_request_thread) - INFO - sqlalchemy.engine.Engine - SELECT settings.id AS settings_id, settings."key" AS settings_key, settings.value AS settings_value 
FROM settings 
WHERE settings."key" = ?
 LIMIT ? OFFSET ? (base.py:1846)
2025-10-09 21:17:58,586 - MainProcess - Thread-405 (process_request_thread) - INFO - sqlalchemy.engine.Engine - [cached since 6.819e+05s ago] ('api_key', 1, 0) (base.py:1846)
2025-10-09 21:17:58,588 - MainProcess - Thread-405 (process_request_thread) - INFO - werkzeug - 127.0.0.1 - - [09/Oct/2025 21:17:58] "GET /api/ui_state HTTP/1.1" 200 - (_internal.py:97)
2025-10-09 21:17:59,582 - MainProcess - Thread-406 (process_request_thread) - INFO - sqlalchemy.engine.Engine - SELECT settings.id AS settings_id, settings."key" AS settings_key, settings.value AS settings_value 
FROM settings 
WHERE settings."key" = ?
 LIMIT ? OFFSET ? (base.py:1846)
2025-10-09 21:17:59,583 - MainProcess - Thread-406 (process_request_thread) - INFO - sqlalchemy.engine.Engine - [cached since 6.819e+05s ago] ('api_key', 1, 0) (base.py:1846)
2025-10-09 21:17:59,585 - MainProcess - Thread-406 (process_request_thread) - INFO - werkzeug - 127.0.0.1 - - [09/Oct/2025 21:17:59] "GET /api/ui_state HTTP/1.1" 200 - (_internal.py:97)
2025-10-09 21:18:00,584 - MainProcess - Thread-407 (process_request_thread) - INFO - sqlalchemy.engine.Engine - SELECT settings.id AS settings_id, settings."key" AS settings_key, settings.value AS settings_value 
FROM settings 
WHERE settings."key" = ?
 LIMIT ? OFFSET ? (base.py:1846)
2025-10-09 21:18:00,585 - MainProcess - Thread-407 (process_request_thread) - INFO - sqlalchemy.engine.Engine - [cached since 6.819e+05s ago] ('api_key', 1, 0) (base.py:1846)
2025-10-09 21:18:00,588 - MainProcess - Thread-407 (process_request_thread) - INFO - werkzeug - 127.0.0.1 - - [09/Oct/2025 21:18:00] "GET /api/ui_state HTTP/1.1" 200 - (_internal.py:97)
2025-10-09 21:18:01,585 - MainProcess - Thread-408 (process_request_thread) - INFO - sqlalchemy.engine.Engine - SELECT settings.id AS settings_id, settings."key" AS settings_key, settings.value AS settings_value 
FROM settings 
WHERE settings."key" = ?
 LIMIT ? OFFSET ? (base.py:1846)
2025-10-09 21:18:01,586 - MainProcess - Thread-408 (process_request_thread) - INFO - sqlalchemy.engine.Engine - [cached since 6.819e+05s ago] ('api_key', 1, 0) (base.py:1846)
2025-10-09 21:18:01,589 - MainProcess - Thread-408 (process_request_thread) - INFO - werkzeug - 127.0.0.1 - - [09/Oct/2025 21:18:01] "GET /api/ui_state HTTP/1.1" 200 - (_internal.py:97)
2025-10-09 21:18:02,591 - MainProcess - Thread-409 (process_request_thread) - INFO - sqlalchemy.engine.Engine - SELECT settings.id AS settings_id, settings."key" AS settings_key, settings.value AS settings_value 
FROM settings 
WHERE settings."key" = ?
 LIMIT ? OFFSET ? (base.py:1846)
2025-10-09 21:18:02,594 - MainProcess - Thread-409 (process_request_thread) - INFO - sqlalchemy.engine.Engine - [cached since 6.819e+05s ago] ('api_key', 1, 0) (base.py:1846)
2025-10-09 21:18:02,596 - MainProcess - Thread-409 (process_request_thread) - INFO - werkzeug - 127.0.0.1 - - [09/Oct/2025 21:18:02] "GET /api/ui_state HTTP/1.1" 200 - (_internal.py:97)
2025-10-09 21:18:03,588 - MainProcess - Thread-410 (process_request_thread) - INFO - sqlalchemy.engine.Engine - SELECT settings.id AS settings_id, settings."key" AS settings_key, settings.value AS settings_value 
FROM settings 
WHERE settings."key" = ?
 LIMIT ? OFFSET ? (base.py:1846)
2025-10-09 21:18:03,593 - MainProcess - Thread-410 (process_request_thread) - INFO - sqlalchemy.engine.Engine - [cached since 6.819e+05s ago] ('api_key', 1, 0) (base.py:1846)
2025-10-09 21:18:03,596 - MainProcess - Thread-410 (process_request_thread) - INFO - werkzeug - 127.0.0.1 - - [09/Oct/2025 21:18:03] "GET /api/ui_state HTTP/1.1" 200 - (_internal.py:97)
2025-10-09 21:18:04,581 - MainProcess - Thread-411 (process_request_thread) - INFO - sqlalchemy.engine.Engine - SELECT settings.id AS settings_id, settings."key" AS settings_key, settings.value AS settings_value 
FROM settings 
WHERE settings."key" = ?
 LIMIT ? OFFSET ? (base.py:1846)
2025-10-09 21:18:04,583 - MainProcess - Thread-411 (process_request_thread) - INFO - sqlalchemy.engine.Engine - [cached since 6.819e+05s ago] ('api_key', 1, 0) (base.py:1846)
2025-10-09 21:18:04,586 - MainProcess - Thread-411 (process_request_thread) - INFO - werkzeug - 127.0.0.1 - - [09/Oct/2025 21:18:04] "GET /api/ui_state HTTP/1.1" 200 - (_internal.py:97)
2025-10-09 21:18:05,579 - MainProcess - Thread-412 (process_request_thread) - INFO - sqlalchemy.engine.Engine - SELECT settings.id AS settings_id, settings."key" AS settings_key, settings.value AS settings_value 
FROM settings 
WHERE settings."key" = ?
 LIMIT ? OFFSET ? (base.py:1846)
2025-10-09 21:18:05,581 - MainProcess - Thread-412 (process_request_thread) - INFO - sqlalchemy.engine.Engine - [cached since 6.819e+05s ago] ('api_key', 1, 0) (base.py:1846)
2025-10-09 21:18:05,585 - MainProcess - Thread-412 (process_request_thread) - INFO - werkzeug - 127.0.0.1 - - [09/Oct/2025 21:18:05] "GET /api/ui_state HTTP/1.1" 200 - (_internal.py:97)
2025-10-09 21:18:06,591 - MainProcess - Thread-413 (process_request_thread) - INFO - sqlalchemy.engine.Engine - SELECT settings.id AS settings_id, settings."key" AS settings_key, settings.value AS settings_value 
FROM settings 
WHERE settings."key" = ?
 LIMIT ? OFFSET ? (base.py:1846)
2025-10-09 21:18:06,592 - MainProcess - Thread-413 (process_request_thread) - INFO - sqlalchemy.engine.Engine - [cached since 6.819e+05s ago] ('api_key', 1, 0) (base.py:1846)
2025-10-09 21:18:06,597 - MainProcess - Thread-413 (process_request_thread) - INFO - werkzeug - 127.0.0.1 - - [09/Oct/2025 21:18:06] "GET /api/ui_state HTTP/1.1" 200 - (_internal.py:97)
2025-10-09 21:18:07,583 - MainProcess - Thread-414 (process_request_thread) - INFO - sqlalchemy.engine.Engine - SELECT settings.id AS settings_id, settings."key" AS settings_key, settings.value AS settings_value 
FROM settings 
WHERE settings."key" = ?
 LIMIT ? OFFSET ? (base.py:1846)
2025-10-09 21:18:07,584 - MainProcess - Thread-414 (process_request_thread) - INFO - sqlalchemy.engine.Engine - [cached since 6.819e+05s ago] ('api_key', 1, 0) (base.py:1846)
2025-10-09 21:18:07,588 - MainProcess - Thread-414 (process_request_thread) - INFO - werkzeug - 127.0.0.1 - - [09/Oct/2025 21:18:07] "GET /api/ui_state HTTP/1.1" 200 - (_internal.py:97)
2025-10-09 21:18:08,592 - MainProcess - Thread-415 (process_request_thread) - INFO - sqlalchemy.engine.Engine - SELECT settings.id AS settings_id, settings."key" AS settings_key, settings.value AS settings_value 
FROM settings 
WHERE settings."key" = ?
 LIMIT ? OFFSET ? (base.py:1846)
2025-10-09 21:18:08,594 - MainProcess - Thread-415 (process_request_thread) - INFO - sqlalchemy.engine.Engine - [cached since 6.819e+05s ago] ('api_key', 1, 0) (base.py:1846)
2025-10-09 21:18:08,598 - MainProcess - Thread-415 (process_request_thread) - INFO - werkzeug - 127.0.0.1 - - [09/Oct/2025 21:18:08] "GET /api/ui_state HTTP/1.1" 200 - (_internal.py:97)
2025-10-09 21:18:09,586 - MainProcess - Thread-416 (process_request_thread) - INFO - sqlalchemy.engine.Engine - SELECT settings.id AS settings_id, settings."key" AS settings_key, settings.value AS settings_value 
FROM settings 
WHERE settings."key" = ?
 LIMIT ? OFFSET ? (base.py:1846)
2025-10-09 21:18:09,587 - MainProcess - Thread-416 (process_request_thread) - INFO - sqlalchemy.engine.Engine - [cached since 6.819e+05s ago] ('api_key', 1, 0) (base.py:1846)
2025-10-09 21:18:09,590 - MainProcess - Thread-416 (process_request_thread) - INFO - werkzeug - 127.0.0.1 - - [09/Oct/2025 21:18:09] "GET /api/ui_state HTTP/1.1" 200 - (_internal.py:97)
2025-10-09 21:18:10,581 - MainProcess - Thread-417 (process_request_thread) - INFO - sqlalchemy.engine.Engine - SELECT settings.id AS settings_id, settings."key" AS settings_key, settings.value AS settings_value 
FROM settings 
WHERE settings."key" = ?
 LIMIT ? OFFSET ? (base.py:1846)
2025-10-09 21:18:10,583 - MainProcess - Thread-417 (process_request_thread) - INFO - sqlalchemy.engine.Engine - [cached since 6.819e+05s ago] ('api_key', 1, 0) (base.py:1846)
2025-10-09 21:18:10,587 - MainProcess - Thread-417 (process_request_thread) - INFO - werkzeug - 127.0.0.1 - - [09/Oct/2025 21:18:10] "GET /api/ui_state HTTP/1.1" 200 - (_internal.py:97)
2025-10-09 21:18:11,582 - MainProcess - Thread-418 (process_request_thread) - INFO - sqlalchemy.engine.Engine - SELECT settings.id AS settings_id, settings."key" AS settings_key, settings.value AS settings_value 
FROM settings 
WHERE settings."key" = ?
 LIMIT ? OFFSET ? (base.py:1846)
2025-10-09 21:18:11,584 - MainProcess - Thread-418 (process_request_thread) - INFO - sqlalchemy.engine.Engine - [cached since 6.819e+05s ago] ('api_key', 1, 0) (base.py:1846)
2025-10-09 21:18:11,587 - MainProcess - Thread-418 (process_request_thread) - INFO - werkzeug - 127.0.0.1 - - [09/Oct/2025 21:18:11] "GET /api/ui_state HTTP/1.1" 200 - (_internal.py:97)
2025-10-09 21:18:12,588 - MainProcess - Thread-419 (process_request_thread) - INFO - sqlalchemy.engine.Engine - SELECT settings.id AS settings_id, settings."key" AS settings_key, settings.value AS settings_value 
FROM settings 
WHERE settings."key" = ?
 LIMIT ? OFFSET ? (base.py:1846)
2025-10-09 21:18:12,590 - MainProcess - Thread-419 (process_request_thread) - INFO - sqlalchemy.engine.Engine - [cached since 6.819e+05s ago] ('api_key', 1, 0) (base.py:1846)
2025-10-09 21:18:12,593 - MainProcess - Thread-419 (process_request_thread) - INFO - werkzeug - 127.0.0.1 - - [09/Oct/2025 21:18:12] "GET /api/ui_state HTTP/1.1" 200 - (_internal.py:97)
2025-10-09 21:18:13,593 - MainProcess - Thread-420 (process_request_thread) - INFO - sqlalchemy.engine.Engine - SELECT settings.id AS settings_id, settings."key" AS settings_key, settings.value AS settings_value 
FROM settings 
WHERE settings."key" = ?
 LIMIT ? OFFSET ? (base.py:1846)
2025-10-09 21:18:13,595 - MainProcess - Thread-420 (process_request_thread) - INFO - sqlalchemy.engine.Engine - [cached since 6.819e+05s ago] ('api_key', 1, 0) (base.py:1846)
2025-10-09 21:18:13,597 - MainProcess - Thread-420 (process_request_thread) - INFO - werkzeug - 127.0.0.1 - - [09/Oct/2025 21:18:13] "GET /api/ui_state HTTP/1.1" 200 - (_internal.py:97)
2025-10-09 21:18:14,589 - MainProcess - Thread-421 (process_request_thread) - INFO - sqlalchemy.engine.Engine - SELECT settings.id AS settings_id, settings."key" AS settings_key, settings.value AS settings_value 
FROM settings 
WHERE settings."key" = ?
 LIMIT ? OFFSET ? (base.py:1846)
2025-10-09 21:18:14,590 - MainProcess - Thread-421 (process_request_thread) - INFO - sqlalchemy.engine.Engine - [cached since 6.819e+05s ago] ('api_key', 1, 0) (base.py:1846)
2025-10-09 21:18:14,593 - MainProcess - Thread-421 (process_request_thread) - INFO - werkzeug - 127.0.0.1 - - [09/Oct/2025 21:18:14] "GET /api/ui_state HTTP/1.1" 200 - (_internal.py:97)
2025-10-09 21:18:15,584 - MainProcess - Thread-422 (process_request_thread) - INFO - sqlalchemy.engine.Engine - SELECT settings.id AS settings_id, settings."key" AS settings_key, settings.value AS settings_value 
FROM settings 
WHERE settings."key" = ?
 LIMIT ? OFFSET ? (base.py:1846)
2025-10-09 21:18:15,586 - MainProcess - Thread-422 (process_request_thread) - INFO - sqlalchemy.engine.Engine - [cached since 6.819e+05s ago] ('api_key', 1, 0) (base.py:1846)
2025-10-09 21:18:15,590 - MainProcess - Thread-422 (process_request_thread) - INFO - werkzeug - 127.0.0.1 - - [09/Oct/2025 21:18:15] "GET /api/ui_state HTTP/1.1" 200 - (_internal.py:97)
2025-10-09 21:18:16,587 - MainProcess - Thread-423 (process_request_thread) - INFO - sqlalchemy.engine.Engine - SELECT settings.id AS settings_id, settings."key" AS settings_key, settings.value AS settings_value 
FROM settings 
WHERE settings."key" = ?
 LIMIT ? OFFSET ? (base.py:1846)
2025-10-09 21:18:16,588 - MainProcess - Thread-423 (process_request_thread) - INFO - sqlalchemy.engine.Engine - [cached since 6.819e+05s ago] ('api_key', 1, 0) (base.py:1846)
2025-10-09 21:18:16,590 - MainProcess - Thread-423 (process_request_thread) - INFO - werkzeug - 127.0.0.1 - - [09/Oct/2025 21:18:16] "GET /api/ui_state HTTP/1.1" 200 - (_internal.py:97)
2025-10-09 21:18:17,583 - MainProcess - Thread-424 (process_request_thread) - INFO - sqlalchemy.engine.Engine - SELECT settings.id AS settings_id, settings."key" AS settings_key, settings.value AS settings_value 
FROM settings 
WHERE settings."key" = ?
 LIMIT ? OFFSET ? (base.py:1846)
2025-10-09 21:18:17,585 - MainProcess - Thread-424 (process_request_thread) - INFO - sqlalchemy.engine.Engine - [cached since 6.819e+05s ago] ('api_key', 1, 0) (base.py:1846)
2025-10-09 21:18:17,588 - MainProcess - Thread-424 (process_request_thread) - INFO - werkzeug - 127.0.0.1 - - [09/Oct/2025 21:18:17] "GET /api/ui_state HTTP/1.1" 200 - (_internal.py:97)
2025-10-09 21:18:18,591 - MainProcess - Thread-425 (process_request_thread) - INFO - sqlalchemy.engine.Engine - SELECT settings.id AS settings_id, settings."key" AS settings_key, settings.value AS settings_value 
FROM settings 
WHERE settings."key" = ?
 LIMIT ? OFFSET ? (base.py:1846)
2025-10-09 21:18:18,592 - MainProcess - Thread-425 (process_request_thread) - INFO - sqlalchemy.engine.Engine - [cached since 6.819e+05s ago] ('api_key', 1, 0) (base.py:1846)
2025-10-09 21:18:18,594 - MainProcess - Thread-425 (process_request_thread) - INFO - werkzeug - 127.0.0.1 - - [09/Oct/2025 21:18:18] "GET /api/ui_state HTTP/1.1" 200 - (_internal.py:97)
2025-10-09 21:18:19,591 - MainProcess - Thread-426 (process_request_thread) - INFO - sqlalchemy.engine.Engine - SELECT settings.id AS settings_id, settings."key" AS settings_key, settings.value AS settings_value 
FROM settings 
WHERE settings."key" = ?
 LIMIT ? OFFSET ? (base.py:1846)
2025-10-09 21:18:19,593 - MainProcess - Thread-426 (process_request_thread) - INFO - sqlalchemy.engine.Engine - [cached since 6.819e+05s ago] ('api_key', 1, 0) (base.py:1846)
2025-10-09 21:18:19,596 - MainProcess - Thread-426 (process_request_thread) - INFO - werkzeug - 127.0.0.1 - - [09/Oct/2025 21:18:19] "GET /api/ui_state HTTP/1.1" 200 - (_internal.py:97)
2025-10-09 21:18:20,581 - MainProcess - Thread-427 (process_request_thread) - INFO - sqlalchemy.engine.Engine - SELECT settings.id AS settings_id, settings."key" AS settings_key, settings.value AS settings_value 
FROM settings 
WHERE settings."key" = ?
 LIMIT ? OFFSET ? (base.py:1846)
2025-10-09 21:18:20,582 - MainProcess - Thread-427 (process_request_thread) - INFO - sqlalchemy.engine.Engine - [cached since 6.819e+05s ago] ('api_key', 1, 0) (base.py:1846)
2025-10-09 21:18:20,585 - MainProcess - Thread-427 (process_request_thread) - INFO - werkzeug - 127.0.0.1 - - [09/Oct/2025 21:18:20] "GET /api/ui_state HTTP/1.1" 200 - (_internal.py:97)
2025-10-09 21:18:21,582 - MainProcess - Thread-428 (process_request_thread) - INFO - sqlalchemy.engine.Engine - SELECT settings.id AS settings_id, settings."key" AS settings_key, settings.value AS settings_value 
FROM settings 
WHERE settings."key" = ?
 LIMIT ? OFFSET ? (base.py:1846)
2025-10-09 21:18:21,587 - MainProcess - Thread-428 (process_request_thread) - INFO - sqlalchemy.engine.Engine - [cached since 6.819e+05s ago] ('api_key', 1, 0) (base.py:1846)
2025-10-09 21:18:21,591 - MainProcess - Thread-428 (process_request_thread) - INFO - werkzeug - 127.0.0.1 - - [09/Oct/2025 21:18:21] "GET /api/ui_state HTTP/1.1" 200 - (_internal.py:97)
2025-10-09 21:18:33,149 - MainProcess - MainThread - INFO - __main__ - Exiting program. Cleaning up GPIO... (app.py:63)
